id,latitude,longitude,weighted_pop_density,avg_winter_low_temp,introduced,prop_forest,col_class,melanic_binary,pop_den_scaled,winter_temp_scaled,prop_forest_scaled,RAC_20km
19363568,45.4290473682,-122.5216483708,673.664881882062,3,Y,0.0579337899543379,gray,0,-0.43086294557674126,0.6375766355852857,-0.5099598682333182,-0.1677101701184421
19368279,47.5502520635,-122.1232264861,1320.3115620601277,2.25,Y,0.11181012296253932,gray,0,-0.270882843495768,0.5220205316747579,-0.25521663965932945,-0.1677101701184421
19403788,47.6571139126,-122.30966447,4166.9521484375,3.25,Y,5.966587112171837e-4,gray,0,0.43337477593728835,0.676095336888795,-0.7810667738911258,-0.1677101701184421
19422594,36.9895561648,-121.9151272821,401.94457255914466,5.25,Y,0.3588352840422495,gray,0,-0.4980864296762556,0.9842449473168694,0.9127913437881645,-0.1677101701184421
19486309,49.2600793688,-123.1878166515,4630.29345703125,2.5,Y,0.02340182648401826,gray,0,0.548005210329603,0.5605392329782671,-0.6732371993406369,-0.1677101701184421
19502009,49.2334629607,-122.7934360215,1991.692962963633,1.5,Y,0.04696969696969697,melanic,1,-0.10478338246979793,0.40646442776423,-0.5618013409049583,-0.1677101701184421
19504601,38.0729866961,-122.5880334046,318.5239823218478,5.5,Y,0.7467199087278951,gray,0,-0.5187246467287933,1.0227636486203786,2.746824509920491,-0.1677101701184421
19505341,37.4887883333,-122.24108,1028.0458539594954,6.25,Y,0,melanic,1,-0.3431892501471279,1.1383197525309066,-0.7838879526530346,-0.1677101701184421
19514871,37.3371283333,-121.8802416667,4505.799359913802,6.25,Y,0,gray,0,0.5172054258787749,1.1383197525309066,-0.7838879526530346,-0.1677101701184421
19516300,47.7550908266,-122.3623842773,2292.552734375,3.25,Y,0.13060874535581596,gray,0,-0.03035080836426802,0.676095336888795,-0.16633119601791485,-0.1677101701184421
19519891,47.604349,-122.1569574,2108.137939453125,2.25,Y,0.08925007128599943,gray,0,-0.07597494689494015,0.5220205316747579,-0.36188723284916197,-0.1677101701184421
19527760,46.7231750488,-122.9339828491,477.08056640625006,2.25,Y,0.382,gray,0,-0.47949781809890196,0.5220205316747579,1.0223209684413208,-0.1677101701184421
19534711,36.9180875,-121.8379746,60.7503641317083,5.5,Y,0.08440262332477902,gray,0,-0.5824977256232592,1.0227636486203786,-0.38480739973946815,-0.1677101701184421
19535924,36.9730916667,-122.0324333333,1037.884111655069,5.5,Y,0.00797720797720797,gray,0,-0.34075526955357816,1.0227636486203786,-0.7461693552345579,-0.1677101701184421
19536839,45.5882113874,-122.7777391671,1083.597495953735,2.5,Y,0.5412748171368861,gray,0,-0.32944579853835,0.5605392329782671,1.7754193862903147,-0.1677101701184421
19547212,48.4628348561,-123.3102263945,2121.60400390625,3.5,Y,0.15468036529680365,gray,0,-0.07264344851742327,0.7146140381923043,-0.05251346124669822,-0.1677101701184421
19554563,48.4641033333,-123.3139633333,2121.60400390625,3.5,Y,0.12475021410219812,gray,0,-0.07264344851742327,0.7146140381923043,-0.19403206359591127,-0.1677101701184421
19554571,48.4619466667,-123.3132866667,2121.60400390625,3.5,Y,0.126,gray,0,-0.07264344851742327,0.7146140381923043,-0.18812270642819484,-0.1677101701184421
19558545,49.8788981525,-119.4166546394,955.3816128053878,-4.75,Y,0.07721226142278774,melanic,1,-0.3611663512037196,-0.5565031048235025,-0.41880555631871846,-0.1677101701184421
19559763,47.6146329364,-122.2302686907,1038.52201619955,3.25,Y,0.022626660108214458,gray,0,-0.3405974522519941,0.676095336888795,-0.6769024151084619,-0.1677101701184421
19561634,48.4650779292,-123.3172997833,2131.7907136919416,3.5,Y,0.08457142857142858,gray,0,-0.07012326103121297,0.7146140381923043,-0.384009238633641,-0.1677101701184421
19565143,37.4365420944,-122.1688983208,2629.643473666552,6,Y,0,gray,0,0.05304529113718342,1.0998010512273972,-0.7838879526530346,-0.1677101701184421
19592153,37.3952966667,-122.0708555,2807.480893319585,6.25,Y,0,gray,0,0.09704218994144971,1.1383197525309066,-0.7838879526530346,-0.1677101701184421
19597417,37.7726533333,-122.4803,6888.4111328125,7.5,Y,0.16847031295700496,gray,0,1.1066625225156899,1.3309132590484531,0.012689487667646892,-0.1677101701184421
19606612,38.5755964557,-121.4628230408,3067.673479556841,6,Y,0,gray,0,0.16141372045868096,1.0998010512273972,-0.7838879526530346,-0.1677101701184421
19677691,47.6683272841,-117.4026768376,1833.640901957843,-2,Y,0,melanic,1,-0.14388539231364614,-0.13279739048490022,-0.7838879526530346,-0.1677101701184421
19701348,48.46353114,-123.3150381,2121.60400390625,3.5,Y,0.11627244229125108,gray,0,-0.07264344851742327,0.7146140381923043,-0.23411747478945785,-0.1677101701184421
19713658,47.66808383,-117.401166,1764.093511415353,-2,Y,0,gray,0,-0.16109138591031788,-0.13279739048490022,-0.7838879526530346,-0.1677101701184421
19721858,48.4141509,-123.3637724,4161.07080078125,3.5,Y,0.04024960998439937,gray,0,0.4319197331337569,0.7146140381923043,-0.5935758986624833,-0.1677101701184421
19739198,45.52914671,-122.7784012,398.6710262815496,2.25,Y,0.14016018306636155,gray,0,-0.4988963035744905,0.5220205316747579,-0.12116917507010204,-0.1677101701184421
19743788,37.24833363,-121.8735695,2973.885498046875,5.5,Y,0,melanic,1,0.1382106154001332,1.0227636486203786,-0.7838879526530346,-0.1677101701184421
19743792,37.24592324,-121.8735481,2951.0720066482686,5.5,Y,0.00479185384845762,gray,0,0.13256656773910225,1.0227636486203786,-0.7612306511617664,-0.1677101701184421
19744561,37.51722754,-122.2776402,2225.8612842833304,6.25,Y,0.03348597595878649,gray,0,-0.04685024355916525,1.1383197525309066,-0.6255563596993401,-0.1677101701184421
19744974,49.86320667,-119.4426283,1178.7606598444004,-4.75,Y,0.03926626540556034,gray,0,-0.3059024739683008,-0.5565031048235025,-0.5982254425127682,-0.1677101701184421
19763684,48.41460419,-123.3654175,4161.07080078125,3.5,Y,0.03982710713183081,gray,0,0.4319197331337569,0.7146140381923043,-0.5955736170433659,-0.1677101701184421
19765544,48.42920434,-123.3360946,4161.07080078125,3.5,Y,0.00882436663820096,gray,0,0.4319197331337569,0.7146140381923043,-0.7421637386610818,-0.1677101701184421
19776576,48.46495593,-123.3165121,2121.60400390625,3.5,Y,0.09249214958606908,gray,0,-0.07264344851742327,0.7146140381923043,-0.34655772827200954,-0.1677101701184421
19802175,47.66850107,-117.4026388,1835.1711778710464,-2,Y,0,gray,0,-0.14350680273094088,-0.13279739048490022,-0.7838879526530346,-0.1677101701184421
19823959,47.66461859,-117.4001219,1662.8187538515692,-2,Y,0,gray,0,-0.1861467160464263,-0.13279739048490022,-0.7838879526530346,-0.1677101701184421
19824631,48.46215973,-123.3133386,2121.60400390625,3.5,Y,0.12618025751072962,gray,0,-0.07264344851742327,0.7146140381923043,-0.18727039563245115,-0.1677101701184421
19830529,48.46138763,-123.3088913,2121.60400390625,3.5,Y,0.1498567335243553,gray,0,-0.07264344851742327,0.7146140381923043,-0.07532101815630657,-0.1677101701184421
19844364,48.4630127,-123.3054047,2121.60400390625,3.5,Y,0.16671490593342983,gray,0,-0.07264344851742327,0.7146140381923043,0.004389404353162373,-0.1677101701184421
19846859,48.46353667,-123.3109367,2121.60400390625,3.5,Y,0.1484441906936911,melanic,1,-0.07264344851742327,0.7146140381923043,-0.08199993821435247,-0.1677101701184421
19849845,48.47109667,-123.3120283,2121.60400390625,3.5,Y,0.06735751295336788,gray,0,-0.07264344851742327,0.7146140381923043,-0.46540172019465326,-0.1677101701184421
19857187,37.50852,-122.2832154,1823.945397209152,6.25,Y,0.05287224921406116,gray,0,-0.14628405589140553,1.1383197525309066,-0.5338923290698898,-0.1677101701184421
19862733,37.38829014,-122.077694,2463.8155273043167,6.25,Y,0,gray,0,0.01201953070243833,1.1383197525309066,-0.7838879526530346,-0.1677101701184421
19864531,47.66872291,-117.4032648,1866.5751257076067,-2,Y,0,gray,0,-0.1357374799544673,-0.13279739048490022,-0.7838879526530346,-0.1677101701184421
19865786,48.46389008,-123.3111115,2121.60400390625,3.5,Y,0.14824335904027422,gray,0,-0.07264344851742327,0.7146140381923043,-0.08294952963854021,-0.1677101701184421
19865836,47.66857167,-117.4034367,1871.103580782483,-2,Y,0,gray,0,-0.1346171421759631,-0.13279739048490022,-0.7838879526530346,-0.1677101701184421
19868998,47.66832469,-117.4025526,1828.227524688417,-2,Y,0,gray,0,-0.1452246594508827,-0.13279739048490022,-0.7838879526530346,-0.1677101701184421
19883165,47.66754308,-117.4043079,1884.820378573501,-2,Y,0,gray,0,-0.131223612481777,-0.13279739048490022,-0.7838879526530346,-0.1677101701184421
19885358,49.20974264,-124.0192153,1567.123625143366,1.5,Y,0.11739974126778785,gray,0,-0.20982164847656654,0.40646442776423,-0.2287872719932242,-0.1677101701184421
19890686,47.66249436,-117.4171716,1889.9121921542671,-2,Y,0,gray,0,-0.12996390005859726,-0.13279739048490022,-0.7838879526530346,-0.1677101701184421
19899939,48.41374667,-123.3612583,4161.07080078125,3.5,Y,0.0401369010578718,melanic,1,0.4319197331337569,0.7146140381923043,-0.5941088197844233,-0.1677101701184421
19907104,49.1723155,-123.9696919,1427.9239281634534,1.5,Y,0.13038416763678698,gray,0,-0.24425959181581752,0.40646442776423,-0.1673930658597713,-0.1677101701184421
19925685,47.66842102,-117.4037224,1880.294488927736,-2,Y,0,gray,0,-0.13234331557425608,-0.13279739048490022,-0.7838879526530346,-0.1677101701184421
19929794,49.1723155,-123.9696919,1427.9239281634534,1.5,Y,0.1287128712871287,melanic,1,-0.24425959181581752,0.40646442776423,-0.1752954490444447,-0.1677101701184421
19936102,47.6680833333,-117.40107,1759.9248666901765,-2,Y,0,gray,0,-0.16212270676777504,-0.13279739048490022,-0.7838879526530346,-0.1677101701184421
19955627,47.667202265,-117.4027150591,1813.1244405499997,-2,Y,0,gray,0,-0.14896115577301053,-0.13279739048490022,-0.7838879526530346,-0.1677101701184421
19958869,48.50685,-123.39215,1638.1052786201851,2.75,Y,0.4726587052168447,gray,0,-0.19226081886560992,0.5990579342817764,1.4509821258694051,-0.1677101701184421
19971772,47.668582555,-117.4035452028,1875.9959857462952,-2,Y,0,gray,0,-0.13340676335623947,-0.13279739048490022,-0.7838879526530346,-0.1677101701184421
19974547,37.3442633333,-122.0569611667,2364.34130859375,6,Y,0,gray,0,-0.012590346919386526,1.0998010512273972,-0.7838879526530346,-0.1677101701184421
19975040,47.6682837307,-117.4008423575,1753.0181441077775,-2,Y,0,gray,0,-0.1638314268735875,-0.13279739048490022,-0.7838879526530346,-0.1677101701184421
19984308,47.6140228158,-122.3056325596,5929.86572265625,3.25,Y,0,gray,0,0.8695188128722444,0.676095336888795,-0.7838879526530346,-0.1677101701184421
19991466,37.4732217434,-122.2246487865,1393.513211094994,6.25,Y,0,gray,0,-0.2527727879676569,1.1383197525309066,-0.7838879526530346,-0.1677101701184421
19992544,47.6690463257,-117.4034494815,1880.7846235815,-2,Y,0,gray,0,-0.1322220564781435,-0.13279739048490022,-0.7838879526530346,-0.1677101701184421
19996689,47.6674094905,-117.4036017533,1853.4435179465115,-2,Y,0,gray,0,-0.13898623389460787,-0.13279739048490022,-0.7838879526530346,-0.1677101701184421
20001067,48.4602,-123.3162216667,2176.389423555283,3.5,Y,0.11413043478260868,gray,0,-0.05908955997725823,0.7146140381923043,-0.244245519478361,-0.1677101701184421
20024965,48.4633598328,-123.3194274902,2265.951407389445,3.5,Y,0.08388017118402283,gray,0,-0.036931964870733844,0.7146140381923043,-0.38727770790040705,-0.1677101701184421
20034018,48.4275642,-123.33291708,4161.07080078125,3.75,Y,0.00885714285714285,gray,0,0.4319197331337569,0.7531327394958136,-0.7420087630091117,-0.1677101701184421
20037671,47.6684488455,-117.4025132781,1828.7660599175597,-2,Y,0,gray,0,-0.14509142607387263,-0.13279739048490022,-0.7838879526530346,-0.1677101701184421
20055507,37.5759907812,-122.3117706088,3064.7505446366135,6.75,Y,0,gray,0,0.1606905876548672,1.2153571551379252,-0.7838879526530346,-0.1677101701184421
20065763,37.3998561796,-122.0614330775,2310.819861213271,6.25,Y,0,gray,0,-0.025831529280506308,1.1383197525309066,-0.7838879526530346,-0.1677101701184421
20066267,37.3645966667,-122.0174945,3506.9300976740096,6.25,Y,0,gray,0,0.2700856131014716,1.1383197525309066,-0.7838879526530346,-0.1677101701184421
20143811,48.4142896032,-123.3649053124,4161.07080078125,3.5,Y,0.040438871473354225,gray,0,0.4319197331337569,0.7146140381923043,-0.59268101439607,-0.1677101701184421
20160858,47.667434382,-117.4047862569,1900.9778106942335,-2,Y,0,gray,0,-0.12722627093611347,-0.13279739048490022,-0.7838879526530346,-0.1677101701184421
20161998,47.6677725824,-117.402064978,1797.3087432524355,-2,Y,0,gray,0,-0.15287395227487974,-0.13279739048490022,-0.7838879526530346,-0.1677101701184421
20169569,37.3273916667,-121.9779055556,3562.726711449836,6,Y,0,gray,0,0.28388967062044207,1.0998010512273972,-0.7838879526530346,-0.1677101701184421
20170873,37.7713166667,-122.4646216667,6888.4111328125,7.5,Y,0.11941159503893857,gray,0,1.1066625225156899,1.3309132590484531,-0.219274632649272,-0.1677101701184421
20176973,47.6978034495,-122.2140410542,1727.3681038541515,3.25,Y,0.05673431734317341,melanic,1,-0.1701772354641863,0.676095336888795,-0.5156313293089559,-0.1677101701184421
20177522,36.9529053,-122.0567543,885.46124267578125,5.5,Y,0.0019135093761959306,melanic,1,-0.3784646197849387,1.0227636486203786,-0.7748403146795194,-0.1677101701184421
20184020,47.6989186223,-122.3705687374,3422.9903549662004,3.25,Y,0.021726700971983995,gray,0,0.2493189579578186,0.676095336888795,-0.6811576879369432,-0.1677101701184421
20185137,47.6678697782,-117.4026376349,1823.3069945850816,-2,Y,0,gray,0,-0.14644199641765923,-0.13279739048490022,-0.7838879526530346,-0.1677101701184421
20207412,45.500709,-122.990295,160.52157592773438,2.25,Y,0,gray,0,-0.5578143720437196,0.5220205316747579,-0.7838879526530346,-0.1677101701184421
20214620,37.7667533333,-122.460305,6888.411132812501,7.5,Y,0.14841292536459821,gray,0,1.1066625225156903,1.3309132590484531,-0.08214776993249001,-0.1677101701184421
20215734,45.5330638839,-122.7147524804,2909.949612257824,2.25,Y,0.3606182026330853,gray,0,0.12239290559243228,0.5220205316747579,0.9212215099252131,-0.1677101701184421
20237417,36.9736161491,-122.0507822695,885.4612426757814,5.25,Y,0.08721761509865598,gray,0,-0.3784646197849387,0.9842449473168694,-0.37149728650704983,-0.1677101701184421
20287755,49.3090827627,-123.0913511905,5296.652989227148,2.5,Y,0,gray,0,0.7128622632630133,0.5605392329782671,-0.7838879526530346,-0.1677101701184421
20307922,46.723213199999996,-122.9341888,477.08056640624994,2.25,Y,0.3749286122215877,gray,0,-0.47949781809890196,0.5220205316747579,0.9888853566876927,-0.1677101701184421
20317382,37.9778582,-122.5396884,1950.1148681640625,6.25,Y,0.03464070999141139,gray,0,-0.11506978469571828,1.1383197525309066,-0.6200964358479832,-0.1677101701184421
20318717,48.12029467,-122.1192637,290.7915777094806,1.75,Y,0.6563662374821174,gray,0,-0.5255856313388366,0.4449831290677393,2.3196056432771663,-0.1677101701184421
20322649,45.58692252,-122.9419204,68.05660835503313,2.25,Y,0.07465675057208238,gray,0,-0.5806901640405505,0.5220205316747579,-0.43088876704253376,-0.1677101701184421
20327839,47.66700018,-117.4028963,1816.1486333200191,-2,Y,0,gray,0,-0.14821297182203588,-0.13279739048490022,-0.7838879526530346,-0.1677101701184421
20333553,49.1723155,-123.9696919,1427.9239281634534,1.5,Y,0.12866686029625327,melanic,1,-0.24425959181581752,0.40646442776423,-0.17551300261038075,-0.1677101701184421
20336972,47.68386167,-122.3351883,3712.3449707031255,3.25,Y,0.00606750094804702,gray,0,0.32090516164859917,0.676095336888795,-0.755199014587299,-0.1677101701184421
20367784,37.39567745,-121.825794,688.405517578125,5,Y,0.04178591871780195,gray,0,-0.427216118838614,0.9457262460133601,-0.5863117768304758,-0.1677101701184421
20392893,49.20605242,-123.1876175,2840.3366671872045,2.5,Y,0.012223323422530555,gray,0,0.10517069383455518,0.5605392329782671,-0.7260924662362904,-0.1677101701184421
20401480,48.42033,-123.3003533,4161.07080078125,3.75,Y,0.01446170326727369,gray,0,0.4319197331337569,0.7531327394958136,-0.7155087446541625,-0.1677101701184421
20434171,48.41194534,-123.3644409,4161.07080078125,3.5,Y,0.04595653722835768,gray,0,0.4319197331337569,0.7146140381923043,-0.5665918596570542,-0.1677101701184421
20434717,48.41195333,-123.3643417,4161.07080078125,3.5,Y,0.04638619201725997,melanic,1,0.4319197331337569,0.7146140381923043,-0.5645603248070379,-0.1677101701184421
20448538,33.49121852,-101.9090565,409.9804651863808,-1.25,Y,0,melanic,1,-0.4960983534018008,-0.017241286574372308,-0.7838879526530346,-0.1677101701184421
20460214,47.5754251,-122.5728487,504.093378229631,3.25,Y,0.311732316814909,gray,0,-0.4728148604259288,0.676095336888795,0.6900745908666003,-0.1677101701184421
20495318,47.072769,-122.7127288,535.97637939453125,2.25,Y,0.021593230230522325,gray,0,-0.4649270200683413,0.5220205316747579,-0.6817887770571871,-0.1677101701184421
20522282,47.66781509,-117.4018476,1788.861320599823,-2,Y,0,gray,0,-0.15496384089522172,-0.13279739048490022,-0.7838879526530346,-0.1677101701184421
20535265,45.81742833,-122.5428867,188.93744643579828,1.25,Y,0.47110731568460007,gray,0,-0.5507842982739943,0.36794572646072066,1.4436466975625133,-0.1677101701184421
20554622,37.22033637,-121.9089662,43.76078810779794,5.5,Y,0.2754781615757922,melanic,1,-0.5867009392017611,1.0227636486203786,0.5186542279879814,-0.1677101701184421
20565382,47.53139989,-122.3201542,1084.8260498046875,3.25,Y,0,gray,0,-0.3291418548601219,0.676095336888795,-0.7838879526530346,-0.1677101701184421
20700991,48.46050644,-123.3109353,2121.60400390625,3.5,Y,0.13558352402745996,gray,0,-0.07264344851742327,0.7146140381923043,-0.1428089718891365,-0.1677101701184421
20707118,36.96676451,-121.9899347,2321.5029296875,5.25,Y,0.005716100349317236,gray,0,-0.023188542874739006,0.9842449473168694,-0.756860540493853,-0.1677101701184421
20721941,48.41396333,-123.3631217,4161.07080078125,3.5,Y,0.04016189290161893,gray,0,0.4319197331337569,0.7146140381923043,-0.5939906509594739,-0.1677101701184421
20721944,48.4142,-123.3640833,4161.07080078125,3.5,Y,0.03998760074395536,melanic,1,0.4319197331337569,0.7146140381923043,-0.5948147558025334,-0.1677101701184421
20763119,47.66730712,-117.4055793,1927.8713972041744,-2,Y,0,gray,0,-0.12057280955284452,-0.13279739048490022,-0.7838879526530346,-0.1677101701184421
20769321,48.41288,-123.3674617,4161.07080078125,3.5,Y,0.04595653722835767,gray,0,0.4319197331337569,0.7146140381923043,-0.5665918596570543,-0.1677101701184421
20773942,47.54332791,-122.0646183,565.723129875351,2.25,Y,0.2375107051099058,gray,0,-0.45756768718320484,0.5220205316747579,0.33913287044885687,-0.1677101701184421
20786400,47.6479735,-122.1415933,1465.8070068359375,2.25,Y,0.046870534438410966,gray,0,-0.23488733494209993,0.5220205316747579,-0.5622702106658144,-0.1677101701184421
20793028,49.18031577,-123.9542868,1448.4805908203125,1.5,Y,0.09929942126104173,gray,0,-0.2391738825852639,0.40646442776423,-0.31437093552947415,-0.1677101701184421
20798612,47.63138889,-122.3163889,5010.990799785379,3.25,Y,0.06318522792844777,gray,0,0.6421895642011636,0.676095336888795,-0.4851295171406194,-0.1677101701184421
20798964,47.79294549,-122.2780934,1637.8585859078948,2.75,Y,0.03292298883481248,gray,0,-0.19232185053329584,0.5990579342817764,-0.628218329243275,-0.1677101701184421
20807315,48.42808765,-123.3330036,4161.07080078125,3.75,Y,0.008849557522123892,gray,0,0.4319197331337569,0.7531327394958136,-0.7420446287153439,-0.1677101701184421
20817228,37.32011597,-122.0607291,2035.5759960894104,5.5,Y,0,gray,0,-0.09392673952352715,1.0227636486203786,-0.7838879526530346,-0.1677101701184421
20839097,37.77017167,-122.4609133,6888.411132812499,7.5,Y,0.0965339444285305,gray,0,1.1066625225156899,1.3309132590484531,-0.32744692748225307,-0.1677101701184421
20840853,48.46363449,-123.3145294,2121.60400390625,3.5,Y,0.11932629174992863,gray,0,-0.07264344851742327,0.7146140381923043,-0.21967797181578622,-0.1677101701184421
20841531,48.46354724,-123.3148604,2121.60400390625,3.5,Y,0.1187070938215103,gray,0,-0.07264344851742327,0.7146140381923043,-0.22260572265932635,-0.1677101701184421
20842492,47.66769287,-117.4023094,1806.1199545371976,-2,Y,0,gray,0,-0.15069406250817577,-0.13279739048490022,-0.7838879526530346,-0.1677101701184421
20855456,48.4122459,-123.3627533,4161.07080078125,3.5,Y,0.044698544698544694,gray,0,0.4319197331337569,0.7146140381923043,-0.57254002020684025,-0.1677101701184421
20855469,48.4122459,-123.3627533,4161.07080078125,3.5,Y,0.044375644994840036,gray,0,0.4319197331337569,0.7146140381923043,-0.5740667854567095,-0.1677101701184421
20890884,49.29415833,-123.1386667,4346.606825560771,2.5,Y,0.31582469053195045,melanic,1,0.47782126343427933,0.5605392329782671,0.7094245435267373,-0.1677101701184421
20895953,37.3207579,-121.8564361,4049.341507376144,6,Y,0,melanic,1,0.4042779554639762,1.0998010512273972,-0.7838879526530346,-0.1677101701184421
20896390,48.42775,-123.3153133,4161.07080078125,3.75,Y,0.010388023220287191,gray,0,0.4319197331337569,0.7531327394958136,-0.734770308116338,-0.1677101701184421
20903155,50.7600585,-113.9598877,39.78187058853575,-12.5,Y,0,gray,0,-0.5876853216325626,-1.750582845232291,-0.7838879526530346,-0.1677101701184421
20922513,37.6781594,-122.3995289,1277.072166086219,7.25,Y,0.10302457466918714,gray,0,-0.2815802508959277,1.2923945577449438,-0.296757309041942,-0.1677101701184421
20948163,48.4644466667,-123.3122166667,2121.60400390625,3.5,Y,0.1434695627322092,gray,0,-0.07264344851742327,0.7146140381923043,-0.10552144974093373,-0.1677101701184421
20949930,48.4636466667,-123.3111416667,2121.60400390625,3.5,Y,0.14835948644793154,gray,0,-0.07264344851742327,0.7146140381923043,-0.08240044492729882,-0.1677101701184421
20961005,49.90437,-119.3907333333,528.9883571930632,-4.75,Y,0.0020011435105774657,gray,0,-0.46665585366387935,-0.5565031048235025,-0.7744259545870789,-0.1677101701184421
20973099,47.6679770314,-117.402380729,1814.4589368688944,-2,Y,0,gray,0,-0.14863100197516735,-0.13279739048490022,-0.7838879526530346,-0.1677101701184421
20982500,47.6678955742,-117.4022147433,1805.9019091481111,-2,Y,0,gray,0,-0.15074800684079762,-0.13279739048490022,-0.7838879526530346,-0.1677101701184421
20982794,37.76897,-122.4643783333,6888.4111328125,7.5,Y,0.12132564841498561,gray,0,1.1066625225156899,1.3309132590484531,-0.21022442248365175,-0.1677101701184421
20983647,47.6659283333,-117.3976883333,1591.0726589362514,-2,Y,0,gray,0,-0.20389666813046559,-0.13279739048490022,-0.7838879526530346,-0.1677101701184421
20987706,48.4637533333,-123.3123166667,2121.60400390625,3.5,Y,0.13815789473684212,gray,0,-0.07264344851742327,0.7146140381923043,-0.13063658617842955,-0.1677101701184421
21005081,48.4652944444,-123.3158555556,2121.60400390625,3.5,Y,0.09417808219178082,gray,0,-0.07264344851742327,0.7146140381923043,-0.33858614054216557,-0.1677101701184421
21015711,48.4638253833,-123.3123567795,2121.60400390625,3.5,Y,0.14102564102564102,gray,0,-0.07264344851742327,0.7146140381923043,-0.11707703400496407,-0.1677101701184421
21034186,47.2592774593,-122.4761362096,2646.134033203125,2.25,Y,0,gray,0,0.057125048257883185,0.5220205316747579,-0.7838879526530346,-0.1677101701184421
21044670,37.2337466608,-122.0646865374,41.74445976185525,4.5,Y,0.9337899543378996,gray,0,-0.5871997779409067,0.8686888434063414,3.6313469843977635,-0.1677101701184421
21055827,47.66688508,-117.4045064453,1876.2273124767923,-2,Y,0,gray,0,-0.13334953322563894,-0.13279739048490022,-0.7838879526530346,-0.1677101701184421
21056065,47.6664334479,-117.4017088138,1757.3164193355904,-2,Y,0,gray,0,-0.16276803548723065,-0.13279739048490022,-0.7838879526530346,-0.1677101701184421
21058659,45.5528703905,-122.5285622575,1126.956037079674,3.25,Y,0,gray,0,-0.31871891468038344,0.676095336888795,-0.7838879526530346,-0.1677101701184421
21062189,37.7663873,-122.4671811,6888.411132812501,7.5,Y,0.11210892236384704,gray,0,1.1066625225156903,1.3309132590484531,-0.2538038277633618,-0.1677101701184421
21066349,47.6678109347,-117.4038475681,1872.4071247048807,-2,Y,0,gray,0,-0.13429464598729512,-0.13279739048490022,-0.7838879526530346,-0.1677101701184421
21083903,48.4097583333,-123.360445,4161.07080078125,3.5,Y,0.052653061224489796,melanic,1,0.4319197331337569,0.7146140381923043,-0.5349287146776399,-0.1677101701184421
21090019,51.076356904,-114.0853141599,2909.75497348596,-11.5,Y,0.00171330668189605,gray,0,0.12234475204653741,-1.5965080400182536,-0.7757869321990786,-0.1677101701184421
21127577,37.4418834,-122.1430195,3112.059326171875,6,Y,0,melanic,1,0.17239475923934588,1.0998010512273972,-0.7838879526530346,-0.1677101701184421
21134329,47.3246179,-122.3011565,1445.7269287109375,1.75,Y,0.012576687116564409,gray,0,-0.2398551373706948,0.4449831290677393,-0.7244216582348381,-0.1677101701184421
21151330,48.42799444,-123.33286617,4161.07080078125,3.75,Y,0.00884703196347032,gray,0,0.4319197331337569,0.7531327394958136,-0.7420565703032257,-0.1677101701184421
21151337,48.42803058,-123.33289855,4161.07080078125,3.75,Y,0.00884198516828294,gray,0,0.4319197331337569,0.7531327394958136,-0.7420804330427293,-0.1677101701184421
21193468,49.2422361615,-123.1053330749,5371.2861328125,2.5,Y,0.02884066247858366,gray,0,0.7313264699084733,0.5605392329782671,-0.6475207750114402,-0.1677101701184421
21233731,48.4633188649,-123.3064466995,2121.60400390625,3.5,Y,0.16804801371820519,gray,0,-0.07264344851742327,0.7146140381923043,0.010692732032852377,-0.1677101701184421
21236992,37.769149409,-122.4836388793,6888.4111328125,7.5,Y,0.1810699588477366,gray,0,1.1066625225156899,1.3309132590484531,0.07226433795683364,-0.1677101701184421
21237009,37.769149409,-122.4836388793,6888.4111328125,7.5,Y,0.18002936857562413,gray,0,1.1066625225156899,1.3309132590484531,0.06734411954664106,-0.1677101701184421
21245249,45.479199338,-122.6269530653,2330.199232863559,3.25,Y,0.012912482065997126,gray,0,-0.02103708132320073,0.676095336888795,-0.7228339204512678,-0.1677101701184421
21248026,48.46392,-123.3111633333,2121.60400390625,3.5,Y,0.14726908778953388,melanic,1,-0.07264344851742327,0.7146140381923043,-0.08755617211145372,-0.1677101701184421
21250575,47.6970082369,-122.2141151503,1737.219970888718,3.25,Y,0.060810810810810814,gray,0,-0.16773988792620137,0.676095336888795,-0.49635646316228177,-0.1677101701184421
21250842,37.475011,-122.171509,2118.804931640625,6.25,Y,0,gray,0,-0.07333593775538456,1.1383197525309066,-0.7838879526530346,-0.1677101701184421
21263585,37.7452484185,-122.4109977272,5124.22314453125,7.25,Y,0,gray,0,0.6702031961064943,1.2923945577449438,-0.7838879526530346,-0.1677101701184421
21272994,37.77017178,-122.47108955,6888.4111328125,7.5,Y,0.1337226277372263,gray,0,1.1066625225156899,1.3309132590484531,-0.15160783963953298,-0.1677101701184421
21276116,48.4309966667,-123.332855,4161.07080078125,3.75,Y,0.005998286203941728,gray,0,0.4319197331337569,0.7531327394958136,-0.7555262823576505,-0.1677101701184421
21283854,48.46792,-123.3732,4018.450616337962,3.5,Y,0.061533888228299645,gray,0,0.39663556271203365,0.7146140381923043,-0.49293753938712426,-0.1677101701184421
21297485,37.77275,-122.4591533333,6888.4111328125,7.5,Y,0.07055127106540988,gray,0,1.1066625225156899,1.3309132590484531,-0.4503006877501827,-0.1677101701184421
21297561,37.77277,-122.4580833333,6888.4111328125,7.25,Y,0.06624785836664764,gray,0,1.1066625225156899,1.2923945577449438,-0.47064849510006523,-0.1677101701184421
21310367,47.42295,-122.1699866667,1226.9436566486247,2.25,Y,0.07613050944476245,gray,0,-0.29398202191373457,0.5220205316747579,-0.4239203994420712,-0.1677101701184421
21327332,47.6683608117,-117.4015546684,1785.411246066359,-2,Y,0,gray,0,-0.15581738780572096,-0.13279739048490022,-0.7838879526530346,-0.1677101701184421
21328217,37.3070430849,-122.0056542848,2983.94189453125,6,Y,0,gray,0,0.1406985634333529,1.0998010512273972,-0.7838879526530346,-0.1677101701184421
21332615,47.3751395877,-121.8682506677,49.62244257531788,1.75,Y,0.8338092518560822,melanic,1,-0.5852507684843935,0.4449831290677393,3.1586086682722687,-0.1677101701184421
21366177,47.31707945,-122.40658711,1592.30908203125,2.25,Y,0.5385679695607056,gray,0,-0.20359077760474809,0.5220205316747579,1.7626206107925666,-0.1677101701184421
21374356,47.6685004325,-117.4036166797,1877.4120413546823,-2,Y,0,gray,0,-0.13305643182632312,-0.13279739048490022,-0.7838879526530346,-0.1677101701184421
21374439,47.6685001189,-117.403358454,1866.3213051204475,-2,Y,0,gray,0,-0.1358002750552367,-0.13279739048490022,-0.7838879526530346,-0.1677101701184421
21374889,47.6676308662,-117.4020553097,1794.300218224146,-2,Y,0,gray,0,-0.15361826003349438,-0.13279739048490022,-0.7838879526530346,-0.1677101701184421
21392836,47.7686020626,-117.3558866031,308.7213439941406,-2.5,Y,0.02144695453245639,gray,0,-0.5211498151065194,-0.2098347930919188,-0.6824804117974644,-0.1677101701184421
21396722,37.3267883333,-121.8910616667,3730.271262090116,6.25,Y,0,gray,0,0.3253401181927731,1.1383197525309066,-0.7838879526530346,-0.1677101701184421
21410487,48.4703416667,-123.309945,2121.60400390625,3.5,Y,0.0795355587808418,gray,0,-0.07264344851742327,0.7146140381923043,-0.40782031963161847,-0.1677101701184421
21411171,48.4643966667,-123.312155,2121.60400390625,3.5,Y,0.1429796968830426,gray,0,-0.07264344851742327,0.7146140381923043,-0.10783768028256772,-0.1677101701184421
21411174,48.4643966667,-123.31215,2121.60400390625,3.5,Y,0.1429796968830426,melanic,1,-0.07264344851742327,0.7146140381923043,-0.10783768028256772,-0.1677101701184421
21420755,47.6668013639,-117.4036884399,1842.8084528839015,-2,Y,0,gray,0,-0.14161734427761585,-0.13279739048490022,-0.7838879526530346,-0.1677101701184421
21439599,49.1723155,-123.9696919,1427.9239281634534,1.5,Y,0.13129548762736537,gray,0,-0.24425959181581752,0.40646442776423,-0.16308407555360815,-0.1677101701184421
21439625,49.1723155,-123.9696919,1427.9239281634534,1.5,Y,0.13092813500145475,gray,0,-0.24425959181581752,0.40646442776423,-0.1648210273601715,-0.1677101701184421
21439629,49.1723155,-123.9696919,1427.9239281634534,1.5,Y,0.12827225130890055,gray,0,-0.24425959181581752,0.40646442776423,-0.17737883055095796,-0.1677101701184421
21442652,48.46655,-123.3117833333,2121.60400390625,3.5,Y,0.13342857142857142,gray,0,-0.07264344851742327,0.7146140381923043,-0.15299822479135625,-0.1677101701184421
21450529,47.0256274,-122.8393002,1794.3568115234375,1.25,Y,0.10818350898946064,gray,0,-0.15360425887633192,0.36794572646072066,-0.27236434256912045,-0.1677101701184421
21453278,37.4327548,-122.0881145,2123.4664030014833,6,Y,0,melanic,1,-0.07218269180668149,1.0998010512273972,-0.7838879526530346,-0.1677101701184421
21454655,47.6661457262,-117.4006451481,1710.0719700247796,-2,Y,0,gray,0,-0.1744562913078924,-0.13279739048490022,-0.7838879526530346,-0.1677101701184421
21456318,37.5178892,-122.2976188,2222.719687960395,6.25,Y,0.0011425307055127102,gray,0,-0.04762747309709785,1.1383197525309066,-0.778485729739628,-0.1677101701184421
21463639,49.1809379978,-123.9495224201,1448.4805908203125,1.5,Y,0.18433931484502447,melanic,1,-0.2391738825852639,0.40646442776423,0.08772281954985635,-0.1677101701184421
21463771,49.1809800766,-123.9482349597,1448.4805908203125,1.5,Y,0.20637027206370276,melanic,1,-0.2391738825852639,0.40646442776423,0.19189169773997364,-0.1677101701184421
21464247,37.30482583,-121.84720085,3411.022216796875,6,Y,0.00228636753358102,melanic,1,0.24635804587902987,1.0998010512273972,-0.7730773310926824,-0.1677101701184421
21464928,47.6676234594,-117.4025978408,1816.830855017089,-2,Y,0,gray,0,-0.14804419047654277,-0.13279739048490022,-0.7838879526530346,-0.1677101701184421
21467946,49.9043,-119.3898033333,499.07038960342913,-4.75,Y,0.0020045819014891156,gray,0,-0.4740575455858527,-0.5565031048235025,-0.7744096968584432,-0.1677101701184421
21470857,49.2660376918,-122.8933613999,2237.2540317388916,2,Y,0.225557461406518,melanic,1,-0.04403168288794748,0.48350183037124855,0.282614400781124,-0.1677101701184421
21482639,37.3716224677,-122.080396051,2364.34130859375,6,Y,0,gray,0,-0.012590346919386526,1.0998010512273972,-0.7838879526530346,-0.1677101701184421
21495855,37.3866667645,-122.1073406843,1555.1305896778715,6,Y,0,gray,0,-0.21278872013539302,1.0998010512273972,-0.7838879526530346,-0.1677101701184421
21498936,37.371465303,-122.0913735778,2253.4462101904905,5.5,Y,0,gray,0,-0.04002574511542724,1.0227636486203786,-0.7838879526530346,-0.1677101701184421
21503336,47.7122468071,-122.3792279499,2018.967041015625,3.25,Y,0.39576547231270354,gray,0,-0.09803578764766012,0.676095336888795,1.0874081906776623,-0.1677101701184421
21516032,37.6673821638,-122.4245821168,3118.1513671875005,7.25,Y,0.03367579908675799,melanic,1,0.17390192748660707,1.2923945577449438,-0.6246588198376329,-0.1677101701184421
21535605,47.6680607457,-117.4008336983,1749.335487296716,-2,Y,0,gray,0,-0.16474251453648336,-0.13279739048490022,-0.7838879526530346,-0.1677101701184421
21541117,48.4447174072,-123.2916641235,2121.60400390625,4.75,Y,0.07917498336660013,gray,0,-0.07264344851742327,0.9072075447098508,-0.40952522677803366,-0.1677101701184421
21550519,48.4633416667,-123.3129366667,2121.60400390625,3.5,Y,0.13272311212814644,gray,0,-0.07264344851742327,0.7146140381923043,-0.15633384490103316,-0.1677101701184421
21556593,51.0626804543,-114.0997675698,3138.0588378906245,-11.5,Y,0,gray,0,0.17882702691552982,-1.5965080400182536,-0.7838879526530346,-0.1677101701184421
21569576,47.6684533333,-117.4016116667,1789.3885069956114,-2,Y,0,gray,0,-0.15483341521455377,-0.13279739048490022,-0.7838879526530346,-0.1677101701184421
21576942,37.7670116667,-122.4413,7135.408620787943,7.25,Y,0.03482729089351984,gray,0,1.167769591571042,1.2923945577449438,-0.6192142261885745,-0.1677101701184421
21579787,36.9746541136,-122.0220274123,1831.4834315688736,5.5,Y,0,melanic,1,-0.14441914953168203,1.0227636486203786,-0.7838879526530346,-0.1677101701184421
21581799,48.4138111773,-123.3648821098,4161.07080078125,3.5,Y,0.04117459304181296,gray,0,0.4319197331337569,0.7146140381923043,-0.5892023053374531,-0.1677101701184421
21590525,49.2987283333,-123.14,2429.855712687956,2.5,Y,0.5457072266831379,melanic,1,0.0036178876174072982,0.5605392329782671,1.7963771288672357,-0.1677101701184421
21612664,47.6684833333,-117.4034716667,1870.8529097767216,-2,Y,0,gray,0,-0.1346791580716906,-0.13279739048490022,-0.7838879526530346,-0.1677101701184421
21616140,47.7533421347,-122.3620900501,2292.552734375,3.25,Y,0.17589948600799543,gray,0,-0.03035080836426802,0.676095336888795,0.04781681395312533,-0.1677101701184421
21630957,49.2268843573,-123.0186300972,6540.7777577521165,2,Y,0.20189003436426117,gray,0,1.0206581795975467,0.48350183037124855,0.17070780951653217,-0.1677101701184421
21645055,47.6659914885,-117.3970057727,1565.3246613184203,-2,Y,0,gray,0,-0.21026671132955382,-0.13279739048490022,-0.7838879526530346,-0.1677101701184421
21649055,48.46647,-123.36975,4161.07080078125,3.5,Y,0.039169139465875365,gray,0,0.4319197331337569,0.7146140381923043,-0.5986846826665082,-0.1677101701184421
21649408,47.6683749352,-117.4020150026,1805.765819615955,-2,Y,0,gray,0,-0.1507816753307379,-0.13279739048490022,-0.7838879526530346,-0.1677101701184421
21657030,47.6358016667,-122.2946583333,4982.716115065387,3.25,Y,0.12242562929061784,gray,0,0.6351944197328335,0.676095336888795,-0.20502338774386084,-0.1677101701184421
21666732,47.66772,-117.403375,1851.0032085822647,-2,Y,0,gray,0,-0.13958996534977264,-0.13279739048490022,-0.7838879526530346,-0.1677101701184421
21678255,46.9974438,-122.8853415,896.9425277747504,1.25,Y,0.09519725557461406,gray,0,-0.37562415493998186,0.36794572646072066,-0.33376718751542395,-0.1677101701184421
21688358,48.44455,-123.35398,4161.07080078125,3.5,Y,0.00884703196347032,gray,0,0.4319197331337569,0.7146140381923043,-0.7420565703032257,-0.1677101701184421
21715330,48.4635701962,-123.3134534677,2121.60400390625,3.5,Y,0.1290045766590389,gray,0,-0.07264344851742327,0.7146140381923043,-0.17391617981649873,-0.1677101701184421
21715419,48.4632020211,-123.3167442867,2141.5336785720137,3.5,Y,0.10426811801775995,gray,0,-0.06771285583798432,0.7146140381923043,-0.2908774684923091,-0.1677101701184421
21716194,48.4784858202,-123.3356184336,2872.2639658509775,3.5,Y,0.07784773898111047,gray,0,0.11306949337373107,0.7146140381923043,-0.415800830572651,-0.1677101701184421
21721102,49.3258008946,-122.9506600346,15.790163040161133,2,Y,0.522468142186452,melanic,1,-0.5936208594468585,0.48350183037124855,1.6864958677782838,-0.1677101701184421
21721703,48.4641083333,-123.3124166667,2121.60400390625,3.5,Y,0.13872997711670482,gray,0,-0.07264344851742327,0.7146140381923043,-0.12793161157605024,-0.1677101701184421
21721969,48.4624833333,-123.3161083333,2132.8618379942536,3.5,Y,0.11155606407322656,gray,0,-0.06985826535354538,0.7146140381923043,-0.25641790518906776,-0.1677101701184421
21725875,49.1723155,-123.9696919,1427.9239281634534,1.5,Y,0.13056120965396917,melanic,1,-0.24425959181581752,0.40646442776423,-0.16655595886803568,-0.1677101701184421
21726712,48.4626616667,-123.3162166667,2133.4964027075853,3.5,Y,0.1087018544935806,gray,0,-0.06970127432470745,0.7146140381923043,-0.2699134518001398,-0.1677101701184421
21779681,48.460395,-123.3174533333,2233.427160509754,3.5,Y,0.10857142857142855,melanic,1,-0.04497844913395933,0.7146140381923043,-0.270530144114624,-0.1677101701184421
21798861,49.1901779175,-122.785484314,2317.325953478516,1,Y,0.05030008573878251,melanic,1,-0.02422192493759755,0.3294270251572114,-0.5460542783252861,-0.1677101701184421
21806167,47.66678789,-122.34529144,3947.580425234657,3.25,Y,0.04851425106124924,gray,0,0.3791023088428841,0.676095336888795,-0.5544982325822501,-0.1677101701184421
21811819,51.0542030291,-114.0682655476,3117.3287337185384,-11,Y,0.012597480503899219,melanic,1,0.17369840833097863,-1.519470637411235,-0.7243233409528906,-0.1677101701184421
21811847,51.0557628489,-114.0729654106,3138.058837890625,-11,Y,0.013872135102533174,melanic,1,0.17882702691552993,-1.519470637411235,-0.7182963972163289,-0.1677101701184421
21836242,50.9934166667,-114.1466,1499.5959716576751,-12,Y,0.1699475065616798,gray,0,-0.22652796002053768,-1.6735454426252723,0.01967409569630461,-0.1677101701184421
21838174,37.40035,-122.0617055,2320.2970816765123,6.25,Y,0,gray,0,-0.023486869138223145,1.1383197525309066,-0.7838879526530346,-0.1677101701184421
21839004,48.46074977,-123.31693528,2197.549022450897,3.5,Y,0.1115549215406562,melanic,1,-0.05385468458845912,0.7146140381923043,-0.2564233074207987,-0.1677101701184421
21843624,48.4971807376,-123.3998360802,1690.7464085235786,2.75,Y,0.19560251284980013,gray,0,-0.17923742665816267,0.5990579342817764,0.14097854917362057,-0.1677101701184421
21843765,47.6673038024,-117.4022917031,1797.8917699054612,-2,Y,0,gray,0,-0.15272971173931976,-0.13279739048490022,-0.7838879526530346,-0.1677101701184421
21851919,49.3187893715,-122.9081121753,55.890453338623054,2,Y,0.845718901453958,melanic,1,-0.5837000653995466,0.48350183037124855,3.214921012122507,-0.1677101701184421
21851973,48.4657216667,-123.3099366667,2121.60400390625,3.5,Y,0.1487603305785124,gray,0,-0.07264344851742327,0.7146140381923043,-0.0805051353863997,-0.1677101701184421
21854548,47.6683083333,-117.399855,1709.982494671307,-2,Y,0,gray,0,-0.17447842747068587,-0.13279739048490022,-0.7838879526530346,-0.1677101701184421
21877106,47.6676446619,-117.4021693134,1799.337731437858,-2,Y,0,gray,0,-0.15237198149705775,-0.13279739048490022,-0.7838879526530346,-0.1677101701184421
21885485,48.4661521912,-123.3320846558,3190.2026215614105,3.5,Y,0.02512132457893234,gray,0,0.1917273758854548,0.7146140381923043,-0.6651069040557192,-0.1677101701184421
21890530,47.666610528,-117.4014880978,1751.9719530594234,-2,Y,0,gray,0,-0.1640902540752764,-0.13279739048490022,-0.7838879526530346,-0.1677101701184421
21895643,37.9780666667,-122.57837,444.6478576660156,6.25,Y,0.20946138500997435,melanic,1,-0.48752165586699564,1.1383197525309066,0.20650739349826164,-0.1677101701184421
21897556,48.4638712515,-123.3090696484,2121.60400390625,3.5,Y,0.1584356266057665,gray,0,-0.07264344851742327,0.7146140381923043,-0.03475747570405648,-0.1677101701184421
21910752,47.6665246519,-117.4014762699,1749.87237062056,-2,Y,0,gray,0,-0.1646096898401121,-0.13279739048490022,-0.7838879526530346,-0.1677101701184421
21913755,45.44649101,-122.79982183,2771.3930972294374,2.5,Y,0,gray,0,0.08811408518292939,0.5605392329782671,-0.7838879526530346,-0.1677101701184421
21915518,45.4797089333,-122.6352679824,2394.074590614899,3.25,Y,0.010350776308223113,gray,0,-0.005234346125203303,0.676095336888795,-0.734946422526949,-0.1677101701184421
21916837,47.6684929351,-117.4031160078,1855.7252760359784,-2,Y,0,gray,0,-0.13842172795455346,-0.13279739048490022,-0.7838879526530346,-0.1677101701184421
21919736,48.4136492214,-123.3660181327,4161.07080078125,3.5,Y,0.041815235008103725,gray,0,0.4319197331337569,0.7146140381923043,-0.5861731607438881,-0.1677101701184421
21924984,46.987683,-122.9730767,297.5329895019531,1.25,Y,0.244336569579288,gray,0,-0.5239178090491858,0.36794572646072066,0.37140757541948294,-0.1677101701184421
21931532,47.6682665691,-117.4034896943,1867.2317657479753,-2,Y,0,gray,0,-0.13557502749950429,-0.13279739048490022,-0.7838879526530346,-0.1677101701184421
21931610,47.6675622358,-117.4017162143,1778.823138011086,-2,Y,0,gray,0,-0.15744728281873302,-0.13279739048490022,-0.7838879526530346,-0.1677101701184421
21933894,47.8567394555,-122.1829604834,1416.00022039318,2.25,Y,0.00942049671709962,gray,0,-0.24720951183357245,0.5220205316747579,-0.7393450594290413,-0.1677101701184421
21935790,37.4325116667,-122.1708383333,2373.73714270866,6,Y,0,gray,0,-0.01026582172360994,1.0998010512273972,-0.7838879526530346,-0.1677101701184421
21950410,47.4230772371,-122.0266263048,123.06890869140624,1.75,Y,0.4857061177815895,gray,0,-0.5670801453188915,0.4449831290677393,1.5126741493553757,-0.1677101701184421
21951484,47.6675297875,-117.4041739124,1879.161285755342,-2,Y,0,gray,0,-0.13262366953686847,-0.13279739048490022,-0.7838879526530346,-0.1677101701184421
21954126,47.6681966667,-117.401445,1777.994487100755,-2,Y,0,gray,0,-0.15765229068668923,-0.13279739048490022,-0.7838879526530346,-0.1677101701184421
21987582,47.6679185,-117.4004086,1728.8566724462512,-2,Y,0,gray,0,-0.16980896425423736,-0.13279739048490022,-0.7838879526530346,-0.1677101701184421
22003231,45.4940240901,-122.6504551837,2410.055908203125,3.25,Y,0,gray,0,-0.0012805752368275916,0.676095336888795,-0.7838879526530346,-0.1677101701184421
22031693,47.6677123471,-117.4036335516,1861.4598239644347,-2,Y,0,gray,0,-0.13700300333861629,-0.13279739048490022,-0.7838879526530346,-0.1677101701184421
22056362,48.4637033333,-123.310295,2121.60400390625,3.5,Y,0.15373645179691955,melanic,1,-0.07264344851742327,0.7146140381923043,-0.056976563299661706,-0.1677101701184421
22056484,47.5559138192,-122.3748072982,3277.7631835937505,3.25,Y,0.09392898052691868,gray,0,0.21338982012524244,0.676095336888795,-0.3397639668493212,-0.1677101701184421
22060857,47.6678077491,-117.401906027,1791.2115069322715,-2,Y,0,gray,0,-0.1543824058381812,-0.13279739048490022,-0.7838879526530346,-0.1677101701184421
22061956,47.6674925304,-117.4035788142,1854.373121608924,-2,Y,0,gray,0,-0.1387562503605292,-0.13279739048490022,-0.7838879526530346,-0.1677101701184421
22084413,47.043608,-122.94302,1043.0760498046875,2.25,Y,0.03862660944206008,gray,0,-0.33947078635643974,0.5220205316747579,-0.6012499249936722,-0.1677101701184421
22110191,48.4624293791,-123.3125122406,2121.60400390625,3.5,Y,0.13289511288939698,gray,0,-0.07264344851742327,0.7146140381923043,-0.15552057445756265,-0.1677101701184421
22117583,44.9406783994,-123.0827500574,517.969113274292,2.25,Y,0.02571428571428571,gray,0,-0.46938200972563277,0.5220205316747579,-0.6623032085255163,-0.1677101701184421
22125037,37.7688376944,-122.4704060833,6888.4111328125,7.5,Y,0.12819767441860466,gray,0,1.1066625225156899,1.3309132590484531,-0.1777314521335755,-0.1677101701184421
22125468,48.4651866667,-123.3155583333,2121.60400390625,3.5,Y,0.10008578781812982,gray,0,-0.07264344851742327,0.7146140381923043,-0.3106527619937078,-0.1677101701184421
22126017,51.166754777,-114.1256160345,528.00628662109375,-12,Y,0.015822784810126576,gray,0,-0.46689881748812895,-1.6735454426252723,-0.7090731487771003,-0.1677101701184421
22150415,37.7393094661,-122.4299050841,7074.880609569658,7.25,Y,2.8571428571428574e-4,gray,0,1.152794988421772,1.2923945577449438,-0.7825370110516178,-0.1677101701184421
22156743,47.5603379571,-122.011428136,1443.3948974609375,2.25,Y,0.2507863883328567,gray,0,-0.24043208086838397,0.5220205316747579,0.40190422508476426,-0.1677101701184421
22161248,47.4318417235,-122.0709422104,301.5408041608902,1.75,Y,0.5586305278174037,gray,0,-0.5229262774788361,0.4449831290677393,1.8574823168219472,-0.1677101701184421
22166354,48.4148094558,-123.365790229,4161.07080078125,3.5,Y,0.039667896678966794,gray,0,0.4319197331337569,0.7146140381923043,-0.5963264111279064,-0.1677101701184421
22173937,47.31625594,-122.40958384,1592.3090820312498,2.25,Y,0.515593220338983,gray,0,-0.20359077760474814,0.5220205316747579,1.6539892050224594,-0.1677101701184421
22175778,47.6655852786,-117.3976692021,1586.2788049060368,-2,Y,0,gray,0,-0.20508266549289514,-0.13279739048490022,-0.7838879526530346,-0.1677101701184421
22177852,48.4625283333,-123.3162,2134.7842819695065,3.5,Y,0.11072961373390558,gray,0,-0.06938265356609875,0.7146140381923043,-0.2603256066961961,-0.1677101701184421
22177902,48.460245,-123.3178166667,2258.1896303896815,3.5,Y,0.10786838340486408,gray,0,-0.03885222506044056,0.7146140381923043,-0.27385434948577847,-0.1677101701184421
22177908,48.4601583333,-123.3177116667,2254.461443995901,3.5,Y,0.10831666190340096,gray,0,-0.039774576721922326,0.7146140381923043,-0.27173475623134896,-0.1677101701184421
22179820,47.656966515,-122.1083794629,1349.2128399933858,2.25,Y,0,gray,0,-0.26373268014418316,0.5220205316747579,-0.7838879526530346,-0.1677101701184421
22179821,47.656966515,-122.1083794629,1349.2128399933858,2.25,Y,0,gray,0,-0.26373268014418316,0.5220205316747579,-0.7838879526530346,-0.1677101701184421
22201907,48.4645416667,-123.3125616667,2121.60400390625,3.5,Y,0.1383252357816519,gray,0,-0.07264344851742327,0.7146140381923043,-0.1298453482517262,-0.1677101701184421
22203460,47.5960472976,-122.1976329164,1718.1523964480975,2.25,Y,0.045089029293509476,gray,0,-0.17245719739202442,0.5220205316747579,-0.5706936936126641,-0.1677101701184421
22211348,48.41502,-123.3643283333,4161.07080078125,3.5,Y,0.03892576946288473,melanic,1,0.4319197331337569,0.7146140381923043,-0.5998354079820277,-0.1677101701184421
22215816,47.6683953392,-117.4039122575,1887.8091069416791,-2,Y,0,gray,0,-0.13048420240810002,-0.13279739048490022,-0.7838879526530346,-0.1677101701184421
22216791,48.413655,-123.3654783333,4161.07080078125,3.5,Y,0.04195121951219512,gray,0,0.4319197331337569,0.7146140381923043,-0.5855301858108503,-0.1677101701184421
22226848,47.0482041332,-122.9285111278,1052.2844222730062,2.25,Y,0.004567513559805881,gray,0,-0.3371926390889465,0.5220205316747579,-0.7622913983626135,-0.1677101701184421
22227395,47.0416145325,-122.8016738892,1511.614179602906,1.25,Y,0.1762652705061082,gray,0,-0.22355466070138094,0.36794572646072066,0.04954635118791414,-0.1677101701184421
22237862,37.540144,-122.3744029,388.25318101376746,6.25,Y,0.483173076923077,gray,0,-0.5014736738765303,1.1383197525309066,1.500697183396889,-0.1677101701184421
22238024,47.6668576597,-117.40471028260001,1883.210046072508,-2,Y,0,gray,0,-0.13162200802882015,-0.13279739048490022,-0.7838879526530346,-0.1677101701184421
22250223,51.0645563384,-114.155675343,2170.526123046875,-11.5,Y,0.040897908979089785,melanic,1,-0.06054013792441205,-1.5965080400182536,-0.5905105493751892,-0.1677101701184421
22257905,38.5396222364,-121.4990150928,2009.357106385884,5.75,Y,0,gray,0,-0.10041328121591611,1.061282349923888,-0.7838879526530346,-0.1677101701184421
22258878,47.667446075,-117.4029310897,1826.9935595961983,-2,Y,0,gray,0,-0.1455299418678018,-0.13279739048490022,-0.7838879526530346,-0.1677101701184421
22258926,47.6677226572,-117.4035648045,1858.866429359465,-2,Y,0,gray,0,-0.1376446080144882,-0.13279739048490022,-0.7838879526530346,-0.1677101701184421
22261857,44.9277337874,-123.0352095702,1317.072021484375,2.25,Y,0,gray,0,-0.2716843043984385,0.5220205316747579,-0.7838879526530346,-0.1677101701184421
22263048,47.6674642833,-117.4024970458,1809.5095626688096,-2,Y,0,gray,0,-0.14985547495869594,-0.13279739048490022,-0.7838879526530346,-0.1677101701184421
22264710,47.667555,-117.4026866667,1819.1554393124557,-2,Y,0,gray,0,-0.14746908935212943,-0.13279739048490022,-0.7838879526530346,-0.1677101701184421
22272915,47.6667918694,-117.39974981,1684.7048924685166,-2,Y,0,gray,0,-0.1807320950525732,-0.13279739048490022,-0.7838879526530346,-0.1677101701184421
22275910,47.4603340917,-122.094249979,469.24938964843744,2.25,Y,0.38073262186328233,gray,0,-0.48143524775799185,0.5220205316747579,1.0163284299676574,-0.1677101701184421
22304982,47.66782,-117.4024883333,1816.0600207687485,-2,Y,0,gray,0,-0.148234894527947,-0.13279739048490022,-0.7838879526530346,-0.1677101701184421
22350731,47.666465504,-117.4023291599,1782.3399242455182,-2,Y,0,gray,0,-0.15657723146298108,-0.13279739048490022,-0.7838879526530346,-0.1677101701184421
22360626,47.8758085212,-122.2210884439,1758.7628173828127,2.25,Y,0.103862660944206,gray,0,-0.1624101972513943,0.5220205316747579,-0.29279458939119385,-0.1677101701184421
22391192,47.4836203823,-122.1866324262,1988.9200439453125,2.25,Y,0.11139674378748927,gray,0,-0.10546940140596724,0.5220205316747579,-0.2571712185959002,-0.1677101701184421
22435286,47.4904752135,-117.5783740095,256.0433182072591,-2.5,Y,0.01029159519725557,gray,0,-0.5341823353391892,-0.2098347930919188,-0.7352262483138335,-0.1677101701184421
22441182,51.0518985646,-114.0998443954,3138.0588378906245,-11.5,Y,0,gray,0,0.17882702691552982,-1.5965080400182536,-0.7838879526530346,-0.1677101701184421
22441191,51.0519489935,-114.1042456092,3121.4150772231496,-11.5,Y,0,gray,0,0.17470936790294397,-1.5965080400182536,-0.7838879526530346,-0.1677101701184421
22448978,49.2565571728,-124.0834948744,497.2560756020657,3.5,Y,0.12442396313364056,gray,0,-0.4745064060656825,0.7146140381923043,-0.19557467461665565,-0.1677101701184421
22470077,49.1723155,-123.9696919,1427.9239281634534,1.5,Y,0.12907925407925408,gray,0,-0.24425959181581752,0.40646442776423,-0.17356308289870556,-0.1677101701184421
22473452,51.041284376,-114.0180687405,464.9722221839283,-11.5,Y,0.005194805194805192,gray,0,-0.48249341709306237,-1.5965080400182536,-0.7593253780818188,-0.1677101701184421
22484222,37.7691188323,-122.4671935007,6888.411132812499,7.5,Y,0.11954624781849912,gray,0,1.1066625225156899,1.3309132590484531,-0.2186379545034803,-0.1677101701184421
22499422,33.421153087,-101.9626482861,21.015649016824103,-1.75,Y,0,gray,0,-0.5923280765321777,-0.0942786891813909,-0.7838879526530346,-0.1677101701184421
22514141,37.433305006,-122.1687517022,2560.046421791432,6,Y,0,melanic,1,0.03582701134882896,1.0998010512273972,-0.7838879526530346,-0.1677101701184421
22514191,37.4356152843,-122.1680283883,2673.2749398418005,6,Y,0,melanic,1,0.0638396965313883,1.0998010512273972,-0.7838879526530346,-0.1677101701184421
22514200,37.4386489621,-122.1668230543,2831.57652456598,6,Y,0,gray,0,0.10300343843257667,1.0998010512273972,-0.7838879526530346,-0.1677101701184421
22532770,37.431075,-122.169595,2436.2495840228135,6,Y,0,gray,0,0.0051997285518747,1.0998010512273972,-0.7838879526530346,-0.1677101701184421
22532978,37.431075,-122.169595,2436.2495840228135,6,Y,0,melanic,1,0.0051997285518747,1.0998010512273972,-0.7838879526530346,-0.1677101701184421
22533252,37.431075,-122.169595,2436.2495840228135,6,Y,0,gray,0,0.0051997285518747,1.0998010512273972,-0.7838879526530346,-0.1677101701184421
22533451,37.431075,-122.169595,2436.2495840228135,6,Y,0,gray,0,0.0051997285518747,1.0998010512273972,-0.7838879526530346,-0.1677101701184421
22533496,37.431075,-122.169595,2436.2495840228135,6,Y,0,melanic,1,0.0051997285518747,1.0998010512273972,-0.7838879526530346,-0.1677101701184421
22533604,37.431075,-122.169595,2436.2495840228135,6,Y,0,gray,0,0.0051997285518747,1.0998010512273972,-0.7838879526530346,-0.1677101701184421
22533674,37.431075,-122.169595,2436.2495840228135,6,Y,0,gray,0,0.0051997285518747,1.0998010512273972,-0.7838879526530346,-0.1677101701184421
22533681,37.431075,-122.169595,2436.2495840228135,6,Y,0,gray,0,0.0051997285518747,1.0998010512273972,-0.7838879526530346,-0.1677101701184421
22538246,47.6683646505,-117.4012606611,1772.5804974048733,-2,Y,0,gray,0,-0.15899170933795945,-0.13279739048490022,-0.7838879526530346,-0.1677101701184421
22546899,47.4990283658,-122.0842577351,258.16108246401194,2.25,Y,0.5654285714285715,gray,0,-0.5336584014006659,0.5220205316747579,1.8896254765509517,-0.1677101701184421
22547854,47.5507416418,-122.1239829322,1350.4532524180229,2.25,Y,0.10282776349614396,gray,0,-0.2634258026600812,0.5220205316747579,-0.2976878904464489,-0.1677101701184421
22559995,37.76875,-122.4670416667,6888.411132812501,7.5,Y,0.11904761904761904,gray,0,1.1066625225156903,1.3309132590484531,-0.22099561872933873,-0.1677101701184421
22568032,44.936000824,-123.0321655273,1317.944623838059,2.25,Y,0,gray,0,-0.27146842296287615,0.5220205316747579,-0.7838879526530346,-0.1677101701184421
22575621,44.931355795100004,-123.0353439309,1317.072021484375,2.25,Y,0,gray,0,-0.2716843043984385,0.5220205316747579,-0.7838879526530346,-0.1677101701184421
22587768,47.6680053842,-117.4034574945,1860.461960778919,-2,Y,0,gray,0,-0.13724987424845791,-0.13279739048490022,-0.7838879526530346,-0.1677101701184421
22613689,47.6675571127,-117.4024892087,1811.011762711272,-2,Y,0,gray,0,-0.14948383133396878,-0.13279739048490022,-0.7838879526530346,-0.1677101701184421
22620209,47.6680533333,-117.4005666667,1737.6425457254977,-2,Y,0,gray,0,-0.1676353430988681,-0.13279739048490022,-0.7838879526530346,-0.1677101701184421
22632725,48.7814541403,-122.5556299229,1113.412841796875,1.5,Y,0.06282540784449844,gray,0,-0.3220694951909771,0.40646442776423,-0.48683085286213307,-0.1677101701184421
22643472,51.058944565,-114.1517326991,2170.526123046875,-11.5,Y,0.07991426821800368,melanic,1,-0.06054013792441205,-1.5965080400182536,-0.40602966946432945,-0.1677101701184421
22666465,47.6665716667,-117.4072333333,1962.634637667961,-2,Y,0,gray,0,-0.11197239926924026,-0.13279739048490022,-0.7838879526530346,-0.1677101701184421
22684264,37.4242273135,-122.1672116274,2435.560523319512,6,Y,0,gray,0,0.00502925523927097,1.0998010512273972,-0.7838879526530346,-0.1677101701184421
22710926,37.3593435753,-122.0268876977,3877.0684569379873,6.25,Y,0,melanic,1,0.361657679137331,1.1383197525309066,-0.7838879526530346,-0.1677101701184421
22727521,36.9691883333,-121.898605,856.41326904296875,5.25,Y,0.02223019003226962,gray,0,-0.3856510755875775,0.9842449473168694,-0.6787770428260498,-0.1677101701184421
22742119,47.5604572433,-122.0119482469,1443.3948974609375,2.25,Y,0.24094667807242656,gray,0,-0.24043208086838397,0.5220205316747579,0.35537916630630195,-0.1677101701184421
22757896,47.64923,-122.39792,4579.754433408972,3.75,Y,0.017162471395881,gray,0,0.535501878284446,0.7531327394958136,-0.702738714581655,-0.1677101701184421
22770459,47.4408283923,-122.4605876954,124.11871337890626,3.25,Y,0.2829379822806516,gray,0,-0.5668204241044795,0.676095336888795,0.5539264654405506,-0.1677101701184421
22782614,47.6686262641,-117.4015492953,1789.346770560584,-2,Y,0,gray,0,-0.15484374079008187,-0.13279739048490022,-0.7838879526530346,-0.1677101701184421
22788254,37.7707765771,-122.4634518794,6888.4111328125,7.5,Y,0.11424460431654675,gray,0,1.1066625225156899,1.3309132590484531,-0.2437056921728214,-0.1677101701184421
22827128,37.5902709961,-122.3193435669,3130.023530747729,6.75,Y,0.030583214793741112,gray,0,0.1768390954896414,1.2153571551379252,-0.63928147255827,-0.1677101701184421
22904583,49.2426967,-122.9353969,3408.5580304627388,2,Y,0.2189330866481653,melanic,1,0.24574840727209682,0.48350183037124855,0.25129239872560327,-0.1677101701184421
22908443,36.97013,-122.0266945,1380.0636707703904,5.5,Y,0,gray,0,-0.2561001982831011,1.0227636486203786,-0.7838879526530346,-0.1677101701184421
22909071,44.9373860454,-123.0308334745,1354.331784505593,2.25,Y,0,gray,0,-0.2624662555405894,0.5220205316747579,-0.7838879526530346,-0.1677101701184421
22913009,44.9372629042,-123.0319195052,1328.5988979643548,2.25,Y,0,gray,0,-0.2688325602660258,0.5220205316747579,-0.7838879526530346,-0.1677101701184421
22913066,44.9373096356,-123.0319948172,1327.599599426676,2.25,Y,0,gray,0,-0.2690797862813565,0.5220205316747579,-0.7838879526530346,-0.1677101701184421
22914169,47.0775337929,-122.7120132744,535.97637939453125,2.25,Y,0.016627078384798096,gray,0,-0.4649270200683413,0.5220205316747579,-0.7052702110028841,-0.1677101701184421
22916733,47.5913194753,-122.0202624179,1344.3019702839472,2.25,Y,0.22625858123569795,gray,0,-0.2649476271337912,0.5220205316747579,0.28592950258798516,-0.1677101701184421
22917229,48.16825,-122.479995,202.0419424046902,2.25,Y,0.2600896860986547,gray,0,-0.5475422517792289,0.5220205316747579,0.4458929670224121,-0.1677101701184421
22917415,37.43347761,-122.17179528,2321.9960093108716,6,Y,0,melanic,1,-0.02306655519445073,1.0998010512273972,-0.7838879526530346,-0.1677101701184421
22918123,44.9366473966,-123.0299309829,1370.9454495103455,2.25,Y,0,gray,0,-0.2583560421816226,0.5220205316747579,-0.7838879526530346,-0.1677101701184421
22928676,37.5874043542,-122.3191735893,2885.986406584516,6.75,Y,0.02216494845360824,gray,0,0.11646441912939576,1.2153571551379252,-0.6790855242956949,-0.1677101701184421
23029808,51.05207825,-114.1050797,3105.388970686644,-11.5,Y,0,melanic,1,0.1707445162486144,-1.5965080400182536,-0.7838879526530346,-0.1677101701184421
23056470,44.93644641,-123.0324631,1317.2454767032823,2.25,Y,0,gray,0,-0.2716413916541565,0.5220205316747579,-0.7838879526530346,-0.1677101701184421
23079665,44.9314985,-123.0359481,1317.072021484375,2.25,Y,0,gray,0,-0.2716843043984385,0.5220205316747579,-0.7838879526530346,-0.1677101701184421
23002448,47.66674507,-117.4031452,1820.36517695681,-2,Y,0,gray,0,-0.14716980079507425,-0.13279739048490022,-0.7838879526530346,-0.1677101701184421
23236789,47.69916534,-122.3713303,3420.3701305947848,3.25,Y,0.022298456260720412,gray,0,0.24867071560961898,0.676095336888795,-0.6784542599180987,-0.1677101701184421
23002433,47.66700432,-117.4026639,1806.931812582316,-2,Y,0,gray,0,-0.15049320918763057,-0.13279739048490022,-0.7838879526530346,-0.1677101701184421
23002582,47.66731667,-117.40245,1804.6431239700453,-2,Y,0,gray,0,-0.15105942973595504,-0.13279739048490022,-0.7838879526530346,-0.1677101701184421
23136037,51.13724367,-114.0866798,3474.2799162497267,-11.5,Y,0,gray,0,0.26200797268772863,-1.5965080400182536,-0.7838879526530346,-0.1677101701184421
23086408,47.68878976,-122.4031411,3477.801025390625,3.25,Y,0.1336847149017729,gray,0,0.2628790935286244,0.676095336888795,-0.15178710273277882,-0.1677101701184421
23030813,37.236511,-121.878662,2518.4915280472464,5.5,Y,0.014444778814324401,gray,0,0.02554634905372811,1.0227636486203786,-0.715588768470659,-0.1677101701184421
23173388,50.87236877,-114.0135846,152.6646465189641,-12.5,Y,0.00743069448413832,gray,0,-0.5597581728972428,-1.750582845232291,-0.7487534325818899,-0.1677101701184421
23138612,50.89858482,-114.1942897,131.9129419372255,-13,Y,0,gray,0,-0.5648921354135686,-1.8276202478393093,-0.7838879526530346,-0.1677101701184421
23056969,49.30119405,-123.131356,2232.579642233626,2.5,Y,0.47402298850574714,melanic,1,-0.04518812477985154,0.5605392329782671,1.4574328605482418,-0.1677101701184421
22997206,47.66750333,-117.403825,1864.556453307128,-2,Y,0,gray,0,-0.13623689861166613,-0.13279739048490022,-0.7838879526530346,-0.1677101701184421
23002631,47.66698455,-117.4028089,1812.3214756738744,-2,Y,0,gray,0,-0.1491598089274883,-0.13279739048490022,-0.7838879526530346,-0.1677101701184421
23002458,47.66692833,-117.4028783,1813.8822013044169,-2,Y,0,gray,0,-0.14877368609820876,-0.13279739048490022,-0.7838879526530346,-0.1677101701184421
23002555,47.66696694,-117.4030688,1822.294620408872,-2,Y,0,gray,0,-0.14669245734016723,-0.13279739048490022,-0.7838879526530346,-0.1677101701184421
23146830,51.0908216,-114.0647148,664.4621154935725,-11.5,Y,0,melanic,1,-0.4331397059025694,-1.5965080400182536,-0.7838879526530346,-0.1677101701184421
23094012,47.836159,-122.186411,1272.8796950935466,2.25,Y,0.02197488584474885,gray,0,-0.2826174663614035,0.5220205316747579,-0.6799841964938318,-0.1677101701184421
22949277,47.42263555,-122.189868,468.2233015742216,2.25,Y,0.04258359531294656,gray,0,-0.4816891014927886,0.5220205316747579,-0.5825401260914748,-0.1677101701184421
22948994,47.55226887,-122.2562492,2580.28271484375,3.25,Y,0.3115799803729146,gray,0,0.04083346128120759,0.676095336888795,0.6893542991374433,-0.1677101701184421
23867472,47.79305103,-122.2802952,1701.2484600018597,2.75,Y,0.022889842632331903,gray,0,-0.17663922377696578,0.5990579342817764,-0.6756580103363754,-0.1677101701184421
23324117,38.52340556,-121.786475,154.54725646972656,4.25,Y,0,gray,0,-0.5592924160298006,0.8301701421028322,-0.7838879526530346,-0.1677101701184421
23865056,51.11765313,-114.2354367,1891.277587890625,-12,Y,0,gray,0,-0.1296261017585684,-1.6735454426252723,-0.7838879526530346,-0.1677101701184421
23375405,51.13721794,-114.0866705,3474.251946426222,-11.5,Y,0,gray,0,0.2620010529657898,-1.5965080400182536,-0.7838879526530346,-0.1677101701184421
23843521,47.30995537,-122.686799,383.7490234375,3.25,Y,0.6033755274261604,gray,0,-0.5025880004646474,0.676095336888795,2.0690499018159256,-0.1677101701184421
23474984,36.97513833,-122.0220945,1840.9294630395516,5.5,Y,0,melanic,1,-0.14208220553233603,1.0227636486203786,-0.7838879526530346,-0.1677101701184421
23490194,51.010658,-114.090361,2865.712452857313,-11.5,Y,0.018502457357617807,gray,0,0.11144865196274195,-1.5965080400182536,-0.6964028648480682,-0.1677101701184421
23842420,47.04230118,-122.8188553,1674.219228090341,1.25,Y,0.14224507283633248,gray,0,-0.18332624377246678,0.36794572646072066,-0.11131119993392444,-0.1677101701184421
23414655,51.11465,-114.0779333,793.9281202713938,-11.5,Y,0,melanic,1,-0.40110987370012435,-1.5965080400182536,-0.7838879526530346,-0.1677101701184421
23411873,47.67021988,-122.3522942,3700.349241108849,3.25,Y,0.048543689320388356,gray,0,0.3179374234635062,0.676095336888795,-0.5543590397909449,-0.1677101701184421
23256757,51.1373606,-114.0865182,3470.5600659269826,-11.5,Y,0,gray,0,0.2610876833665267,-1.5965080400182536,-0.7838879526530346,-0.1677101701184421
23287769,37.26146272,-122.0112484,1979.9128762915575,5.25,Y,0.0025728987993138895,gray,0,-0.10769777069151182,0.9842449473168694,-0.7717225265682344,-0.1677101701184421
23843961,51.07381777,-114.141294,2283.773737255633,-11.5,Y,0.00485991995425957,gray,0,-0.03252272836073062,-1.5965080400182536,-0.7609088144928562,-0.1677101701184421
23867964,37.76903762,-122.4390536,7363.600913330681,7.25,Y,0.034236804564907276,gray,0,1.224224263610843,1.2923945577449438,-0.6220062201009418,-0.1677101701184421
23809893,51.13732163,-114.0867011,3474.2353767295926,-11.5,Y,0,gray,0,0.26199695363018743,-1.5965080400182536,-0.7838879526530346,-0.1677101701184421
23303693,37.4732001,-122.2232083,1411.1219482421875,6.25,Y,0,gray,0,-0.24841639420166817,1.1383197525309066,-0.7838879526530346,-0.1677101701184421
23801663,51.08347217,-114.0655528,1655.0799056913393,-11.5,Y,0,melanic,1,-0.18806130365139448,-1.5965080400182536,-0.7838879526530346,-0.1677101701184421
23459642,47.66005375,-122.2846166,3371.719511586532,3.25,Y,0,gray,0,0.23663457402902727,0.676095336888795,-0.7838879526530346,-0.1677101701184421
23457685,47.55089188,-122.2555313,2580.28271484375,3.25,Y,0.2955145118733509,gray,0,0.04083346128120759,0.676095336888795,0.6133920150393483,-0.1677101701184421
23795267,44.93656349,-123.0327991,1317.072021484375,2.25,Y,0,gray,0,-0.2716843043984385,0.5220205316747579,-0.7838879526530346,-0.1677101701184421
23492627,50.90212345,-114.0164143,1775.6129791696708,-12.25,Y,0.021712158808932996,melanic,1,-0.15824147469335045,-1.7120641439287816,-0.6812264475825839,-0.1677101701184421
23997851,50.89979331,-114.0962653,3013.786865234375,-12.5,Y,0,gray,0,0.14808219595795633,-1.750582845232291,-0.7838879526530346,-0.1677101701184421
24072028,37.41136833,-121.9955383,751.038817981385,6.5,Y,0,melanic,1,-0.4117206680780494,1.1768384538344159,-0.7838879526530346,-0.1677101701184421
24042609,50.99184669,-114.1277138,991.7087951731112,-12,Y,0.007386563489271886,gray,0,-0.35217902238622345,-1.6735454426252723,-0.7489620969709594,-0.1677101701184421
24034474,51.1345733,-114.1447097,2850.0038342218136,-12,Y,0.00257069408740359,gray,0,0.10756234667441003,-1.6735454426252723,-0.77173295109787,-0.1677101701184421
24100013,44.93647066,-123.0291121,1394.2530557720945,2.25,Y,0,gray,0,-0.25258975072244283,0.5220205316747579,-0.7838879526530346,-0.1677101701184421
24042977,50.99011788,-114.1266839,818.800666836306,-12,Y,0.008133387555917028,melanic,1,-0.3949564167035266,-1.6735454426252723,-0.7454308920189635,-0.1677101701184421
24055748,49.16352875,-123.1415895,4752.444869263212,2,Y,0.017528735632183906,melanic,1,0.5782254155780444,0.48350183037124855,-0.7010069090028904,-0.1677101701184421
24097520,51.13738176,-114.08677,3475.1863200574944,-11.5,Y,0,gray,0,0.2622322165880504,-1.5965080400182536,-0.7838879526530346,-0.1677101701184421
24124096,51.0127603,-114.073349,2867.701904404416,-11.25,Y,0.001429796968830426,gray,0,0.11194084139376635,-1.5579893387147443,-0.7771274499293299,-0.1677101701184421
24155727,47.2413674712,-122.4931769331,2594.344805776581,2.25,Y,0.042036030883614524,gray,0,0.0443124163456436,0.5220205316747579,-0.5851291725761174,-0.1677101701184421
24160340,48.1587764833,-122.1314102392,479.729221375089,1.75,Y,0.10568409025992574,gray,0,-0.4788425420335003,0.4449831290677393,-0.2841823331629326,-0.1677101701184421
24199041,44.9372513954,-123.0321256837,1324.9765370290709,2.25,Y,0,gray,0,-0.2697287307559776,0.5220205316747579,-0.7838879526530346,-0.1677101701184421
24216299,44.9304265456,-123.0350859903,1317.072021484375,2.25,Y,0,gray,0,-0.2716843043984385,0.5220205316747579,-0.7838879526530346,-0.1677101701184421
24216443,44.9377120728,-123.0304687449,1368.2768644907085,2.25,Y,0,gray,0,-0.2590162489327587,0.5220205316747579,-0.7838879526530346,-0.1677101701184421
24216445,44.9377547508,-123.0304206628,1370.2100730241789,2.25,Y,0,gray,0,-0.25853797399837997,0.5220205316747579,-0.7838879526530346,-0.1677101701184421
24216834,44.9301168882,-123.0349662435,1317.072021484375,2.25,Y,0,gray,0,-0.2716843043984385,0.5220205316747579,-0.7838879526530346,-0.1677101701184421
24220728,44.9270922217,-123.0384035458,1317.072021484375,2.25,Y,0.004052098408104188,gray,0,-0.2716843043984385,0.5220205316747579,-0.764728433559134,-0.1677101701184421
24229384,44.9305283333,-123.0348666667,1317.072021484375,2.25,Y,0,gray,0,-0.2716843043984385,0.5220205316747579,-0.7838879526530346,-0.1677101701184421
24232295,44.9302583333,-123.0350888333,1317.072021484375,2.25,Y,0,gray,0,-0.2716843043984385,0.5220205316747579,-0.7838879526530346,-0.1677101701184421
24244671,47.677956742,-122.1302994713,1323.6763916015625,2.25,Y,0.007698887938408891,gray,0,-0.2700503861585161,0.5220205316747579,-0.7474853346507836,-0.1677101701184421
24247304,47.0481681824,-122.9286346436,1052.1031119701092,2.25,Y,0.005147269087789531,gray,0,-0.3372374951775261,0.5220205316747579,-0.7595501428476977,-0.1677101701184421
24247587,47.0481161794,-122.9282667115,1052.5520942396568,2.25,Y,0.00429061784897025,gray,0,-0.3371264171630299,0.5220205316747579,-0.7636006431351897,-0.1677101701184421
24288950,44.9370470694,-123.030973673,1347.1105561277425,2.25,Y,0,gray,0,-0.264252784240807,0.5220205316747579,-0.7838879526530346,-0.1677101701184421
24329623,47.6661900664,-117.4003395439,1698.8150741313684,-2,Y,0,gray,0,-0.17724124236284391,-0.13279739048490022,-0.7838879526530346,-0.1677101701184421
24330553,44.9372326069,-123.0326961292,1317.8403166497922,2.25,Y,0,gray,0,-0.2714942285150242,0.5220205316747579,-0.7838879526530346,-0.1677101701184421
24341113,47.833681,-122.219198,1322.0760498046875,2.25,Y,0.2034767740096894,gray,0,-0.27044631000978836,0.5220205316747579,0.17821038360822467,-0.1677101701184421
24350756,38.5683177649,-121.5020674481,2420.8454305173505,5.75,Y,0,gray,0,0.0013887478017742788,1.061282349923888,-0.7838879526530346,-0.1677101701184421
24351156,37.3229978,-122.0321823,2729.847955834185,6,Y,0,gray,0,0.07783583561463232,1.0998010512273972,-0.7838879526530346,-0.1677101701184421
24370920,48.4632973,-123.3727793,4161.07080078125,3.5,Y,0.023760023760023757,gray,0,0.4319197331337569,0.7146140381923043,-0.6715435367347917,-0.1677101701184421
24398339,47.0196494364,-122.8163833916,1794.3568115234375,1.25,Y,0.074,gray,0,-0.15360425887633192,0.36794572646072066,-0.43399407788606525,-0.1677101701184421
24403874,47.666029286,-117.400197877,1690.5324373914204,-2,Y,0,gray,0,-0.17929036302142615,-0.13279739048490022,-0.7838879526530346,-0.1677101701184421
24406941,47.6678171196,-117.4023070281,1808.357325659494,-2,Y,0,gray,0,-0.1501405378841269,-0.13279739048490022,-0.7838879526530346,-0.1677101701184421
24413386,51.0738003781,-114.0911602578,3082.8722348483043,-11.5,Y,0.00228506141102542,gray,0,0.16517388578167078,-1.5965080400182536,-0.7730835068262216,-0.1677101701184421
24413392,51.0747710906,-114.0887569985,3027.4065991218563,-11.5,Y,0.0022883295194508,gray,0,0.15145171208542635,-1.5965080400182536,-0.7730680542435173,-0.1677101701184421
24413417,51.0689511966,-114.0889960231,3138.058837890625,-11.5,Y,0,gray,0,0.17882702691552993,-1.5965080400182536,-0.7838879526530346,-0.1677101701184421
24415330,50.9924146647,-114.1462419927,1344.3092492163878,-12,Y,0.1802460924509478,gray,0,-0.26494582632913144,-1.6735454426252723,0.06836885409382369,-0.1677101701184421
24440832,37.2905133333,-121.818915,2919.258014273044,5.5,Y,0,gray,0,0.12469580012549565,1.0227636486203786,-0.7838879526530346,-0.1677101701184421
24442751,37.29798,-121.822795,3552.502469783447,6,Y,0,gray,0,0.28136019776358145,1.0998010512273972,-0.7838879526530346,-0.1677101701184421
24443620,37.7680333333,-122.468445,6888.4111328125,7.5,Y,0.11658932714617169,gray,0,1.1066625225156899,1.3309132590484531,-0.23261914952265864,-0.1677101701184421
24445863,47.6682899427,-117.4005782605,1741.5230933360124,-2,Y,0,gray,0,-0.16667529733989309,-0.13279739048490022,-0.7838879526530346,-0.1677101701184421
24492328,48.4591674805,-123.3694458008,4161.07080078125,3.5,Y,0.028834720570749105,gray,0,0.4319197331337569,0.7146140381923043,-0.6475488701081394,-0.1677101701184421
24497447,51.0311126709,-114.1263885498,2999.242799774873,-11.5,Y,0,gray,0,0.144484000609234,-1.5965080400182536,-0.7838879526530346,-0.1677101701184421
24497468,51.0311126709,-114.1261138916,3000.4917510282676,-11.5,Y,0,gray,0,0.1447929905957861,-1.5965080400182536,-0.7838879526530346,-0.1677101701184421
24546850,37.7690196691,-122.4642974964,6888.4111328125,7.5,Y,0.12135221034383126,gray,0,1.1066625225156899,1.3309132590484531,-0.21009882983223163,-0.1677101701184421
24552064,47.665990619,-117.3975249847,1585.443129040906,-2,Y,0,gray,0,-0.20528941133155534,-0.13279739048490022,-0.7838879526530346,-0.1677101701184421
24566423,33.5540066667,-101.8665383333,1982.9079602889517,-0.75,Y,0,gray,0,-0.1069567882379836,0.05979611603264629,-0.7838879526530346,-0.1677101701184421
24568402,51.0313873291,-114.1263885498,2987.956807517523,-11.5,Y,0,gray,0,0.14169185112673952,-1.5965080400182536,-0.7838879526530346,-0.1677101701184421
24628419,51.0096015608,-114.0908624548,2852.299532083623,-11.5,Y,0.01652652942881994,melanic,1,0.10813030130796389,-1.5965080400182536,-0.7057456361895189,-0.1677101701184421
24632744,49.1723155,-123.9696919,1427.9239281634534,1.5,Y,0.12830957230142567,melanic,1,-0.24425959181581752,0.40646442776423,-0.1772023658660287,-0.1677101701184421
24633143,47.6677098613,-117.4035130928,1856.4656146597404,-2,Y,0,gray,0,-0.13823856850715427,-0.13279739048490022,-0.7838879526530346,-0.1677101701184421
24633190,47.6675803184,-117.4036357355,1858.633853147139,-2,Y,0,gray,0,-0.13770214726633942,-0.13279739048490022,-0.7838879526530346,-0.1677101701184421
24633738,47.6674526325,-117.4059817382,1946.908286039732,-2,Y,0,gray,0,-0.11586309169211413,-0.13279739048490022,-0.7838879526530346,-0.1677101701184421
24638138,50.9789759684,-114.0309921397,2103.9761828961946,-11.5,Y,0.028561713702822168,melanic,1,-0.07700456362262605,-1.5965080400182536,-0.6488397272818819,-0.1677101701184421
24640151,51.0469706994,-114.0394799019,887.0615247042203,-11.5,Y,0.005526558182376418,melanic,1,-0.37806871072035103,-1.5965080400182536,-0.7577567518887538,-0.1677101701184421
24640633,51.0808212865,-114.1124485564,1895.6223103370685,-11.5,Y,0.00114383757506434,melanic,1,-0.12855121935090782,-1.5965080400182536,-0.7784795504740708,-0.1677101701184421
24640637,51.0809021677,-114.1127275061,1883.180600515846,-11.5,Y,0.00114122681883024,gray,0,-0.131629292846488,-1.5965080400182536,-0.7784918949012981,-0.1677101701184421
24641130,51.1437593251,-113.9277988358,973.5705788430648,-12,Y,0,gray,0,-0.3566664090673838,-1.6735454426252723,-0.7838879526530346,-0.1677101701184421
24641197,51.0874422948,-113.9779452134,2994.7180626982413,-11.5,Y,0,gray,0,0.14336458266184762,-1.5965080400182536,-0.7838879526530346,-0.1677101701184421
24642873,49.326375,-123.0929028333,5281.47412109375,2.5,Y,0.1806230351529008,gray,0,0.7091070180141147,0.5605392329782671,0.0701511506147894,-0.1677101701184421
24643455,37.5816493319,-122.3856399399,2043.0989990234375,6.5,Y,0.027666856816885334,gray,0,-0.09206555193185854,1.1768384538344159,-0.6530708751627244,-0.1677101701184421
24677706,45.6457364088,-122.6913501511,1472.598876953125,2.25,Y,0,gray,0,-0.23320702928527792,0.5220205316747579,-0.7838879526530346,-0.1677101701184421
24684314,47.0780695975,-122.7115379368,535.97637939453125,2.25,Y,0.016607354685646496,gray,0,-0.4649270200683413,0.5220205316747579,-0.7053634704828962,-0.1677101701184421
24978367,47.50143566,-122.1943844,1627.2397909832991,2.25,Y,0,gray,0,-0.19494893569137003,0.5220205316747579,-0.7838879526530346,-0.1677101701184421
24885059,47.02342606,-122.8036194,1763.339919224914,1.25,Y,0.11259676284306828,gray,0,-0.16127782428423898,0.36794572646072066,-0.25149717376953884,-0.1677101701184421
24872751,47.59123315,-122.1358646,1992.6965939637416,2.25,Y,0.07938885560215699,gray,0,-0.10453508460518227,0.5220205316747579,-0.4085139756266274,-0.1677101701184421
24919182,47.04821396,-122.9286423,1052.119659428692,2.25,Y,0.00484883057615516,gray,0,-0.3372334013436066,0.5220205316747579,-0.7609612483506092,-0.1677101701184421
24761942,47.57527326,-122.1624918,1643.4208439075717,2.25,Y,0.02144082332761578,gray,0,-0.19094575036937947,0.5220205316747579,-0.6825094019463654,-0.1677101701184421
24715802,47.58934591,-122.0897541,1360.635638317113,2.25,Y,0.2304725168756027,gray,0,-0.26090668490149976,0.5220205316747579,0.30585423595372707,-0.1677101701184421
25139912,47.8605136,-122.1288047,687.6855584372151,2.25,Y,0.2832187857961054,gray,0,-0.4273942364109878,0.5220205316747579,0.5552541874685278,-0.1677101701184421
25098488,47.55798566,-122.0615021,1027.9616190147965,2.25,Y,0.0011727912431587178,gray,0,-0.34321008983511336,0.5220205316747579,-0.7783426489724727,-0.1677101701184421
25098845,47.5155396,-122.0195407,384.3371887207031,2.25,Y,0.6769406392694064,gray,0,-0.5024424886342589,0.5220205316747579,2.416887496822666,-0.1677101701184421
25286487,48.73532296,-122.4841152,2256.623046875,1.5,Y,0.23863969510407507,gray,0,-0.03923979712765986,0.40646442776423,0.34447106887633017,-0.1677101701184421
25098515,47.55798566,-122.0615021,1027.9616190147965,2.25,Y,7.763975155279503e-4,gray,0,-0.34321008983511336,0.5220205316747579,-0.7802169156926627,-0.1677101701184421
24826495,47.43877968,-122.1762376,1357.7918413669738,2.25,Y,0.09899856938483548,gray,0,-0.2616102390065878,0.5220205316747579,-0.31579345213348387,-0.1677101701184421
25083248,48.44291291,-123.3573823,4161.07080078125,3.5,Y,0.00799086757990867,gray,0,0.4319197331337569,0.7146140381923043,-0.7461047685951427,-0.1677101701184421
24861388,47.66732833,-117.4051583,1912.559762256662,-2,Y,0,gray,0,-0.12436090125271237,-0.13279739048490022,-0.7838879526530346,-0.1677101701184421
25229383,37.76858474,-122.4737618,6888.4111328125,7.5,Y,0.1391406021631102,gray,0,1.1066625225156899,1.3309132590484531,-0.1259900549738456,-0.1677101701184421
24743461,37.2482763,-121.9363005,1092.140380859375,5.25,Y,0,melanic,1,-0.32733229259891805,0.9842449473168694,-0.7838879526530346,-0.1677101701184421
24750680,49.19357681,-122.5960846,1526.098151737431,1,Y,0.4910931174089069,melanic,1,-0.2199713324146244,0.3294270251572114,1.5381454760171365,-0.1677101701184421
25195557,49.2267,-123.017504,6490.629447216497,2,Y,0.20142857142857146,melanic,1,1.008251509796864,0.48350183037124855,0.168525876345859,-0.1677101701184421
24903629,48.73886097,-122.48438,2256.6230468749995,1.5,Y,0.23220391669257073,melanic,1,-0.03923979712765998,0.40646442776423,0.3140408060987239,-0.1677101701184421
24689249,37.76965714,-122.4774933,6888.4111328125,7.5,Y,0.16773628938156357,gray,0,1.1066625225156899,1.3309132590484531,0.009218807221951047,-0.1677101701184421
24787372,47.66845706,-117.4033528,1865.2279911222004,-2,Y,0,gray,0,-0.13607076045384414,-0.13279739048490022,-0.7838879526530346,-0.1677101701184421
25024240,37.37695,-122.1412055,922.0994952838272,6,Y,0.004579278763594731,melanic,1,-0.3694003323278537,1.0998010512273972,-0.7622357690012473,-0.1677101701184421
24786797,47.66761704,-117.4017417,1780.8708114005308,-2,Y,0,gray,0,-0.15694068932971728,-0.13279739048490022,-0.7838879526530346,-0.1677101701184421
25149171,37.77241196,-122.4609027,6888.4111328125,7.5,Y,0.090440755580996,gray,0,1.1066625225156899,1.3309132590484531,-0.3562573255302359,-0.1677101701184421
25240705,47.55167182,-122.1236067,1371.7307120923406,2.25,Y,0.09717062017719348,gray,0,-0.25816176856686696,0.5220205316747579,-0.3244365363380659,-0.1677101701184421
24908832,46.96927683,-122.3657653,90.8631105925204,1.25,Y,0.3668571428571429,melanic,1,-0.5750478454948827,0.36794572646072066,0.9507210635662268,-0.1677101701184421
24794131,37.5612867,-122.3215449,1887.0090446241693,6.75,Y,0,gray,0,-0.13068213747086277,1.2153571551379252,-0.7838879526530346,-0.1677101701184421
24747416,47.66827763,-117.4006433,1744.2029266579368,-2,Y,0,gray,0,-0.1660123077637564,-0.13279739048490022,-0.7838879526530346,-0.1677101701184421
24861436,47.667275,-117.4049617,1903.6533106860977,-2,Y,0,gray,0,-0.12656435342391312,-0.13279739048490022,-0.7838879526530346,-0.1677101701184421
24903597,48.738765,-122.484509,2256.623046875,1.5,Y,0.23265940902021773,gray,0,-0.03923979712765986,0.40646442776423,0.31619450846962976,-0.1677101701184421
24717391,47.66736419,-117.4048916,1903.2697726421784,-2,Y,0,gray,0,-0.12665924056599395,-0.13279739048490022,-0.7838879526530346,-0.1677101701184421
24704858,47.66757201,-117.4039457,1870.9898396209555,-2,Y,0,gray,0,-0.1346452816889147,-0.13279739048490022,-0.7838879526530346,-0.1677101701184421
24696392,47.66746725,-117.4046913,1898.0987648585944,-2,Y,0,gray,0,-0.1279385455998518,-0.13279739048490022,-0.7838879526530346,-0.1677101701184421
25065372,47.66601007,-122.3443468,3993.148898306015,3.25,Y,0.04791853848457622,melanic,1,0.39037592888470113,0.676095336888795,-0.5573149377403519,-0.1677101701184421
25000992,36.97889986,-121.9219139,1041.8882362002405,5.25,Y,0.07680945347119644,gray,0,-0.3397646509157386,0.9842449473168694,-0.42071015138587015,-0.1677101701184421
24859625,47.66601361,-117.3970309,1566.5230952310249,-2,Y,0,gray,0,-0.20997021931072374,-0.13279739048490022,-0.7838879526530346,-0.1677101701184421
24808255,47.66735693,-117.4048188,1900.27110906783,-2,Y,0,gray,0,-0.12740110860527418,-0.13279739048490022,-0.7838879526530346,-0.1677101701184421
24730167,47.66839147,-117.4030513,1850.9869113065083,-2,Y,0,gray,0,-0.13959399728857178,-0.13279739048490022,-0.7838879526530346,-0.1677101701184421
24759518,47.66696836,-122.3440151,3943.966779478494,3.25,Y,0.04930662557781202,gray,0,0.3782082944843843,0.676095336888795,-0.5507516516381048,-0.1677101701184421
25266023,37.02281117,-121.95275,597.0759336888428,5.25,Y,0.4737292975442604,gray,0,-0.4498110174153713,0.9842449473168694,1.4560442028658276,-0.1677101701184421
24808249,47.66829529,-117.403288,1859.239857710655,-2,Y,0,gray,0,-0.13755222200590794,-0.13279739048490022,-0.7838879526530346,-0.1677101701184421
24959962,37.58167065,-122.3856386,2043.0989990234375,6.5,Y,0.02768264840182648,gray,0,-0.09206555193185854,1.1768384538344159,-0.652996207881052,-0.1677101701184421
24842443,47.66738833,-117.4051217,1912.743531132298,-2,Y,0,gray,0,-0.12431543691432678,-0.13279739048490022,-0.7838879526530346,-0.1677101701184421
25364478,49.1723155,-123.9696919,1427.9239281634534,1.5,Y,0.13106655042138912,gray,0,-0.24425959181581752,0.40646442776423,-0.16416655833843727,-0.1677101701184421
25404988,47.5898094177,-122.1523971558,2090.154652335024,2.25,Y,0.10028571428571428,gray,0,-0.08042400415773014,0.5220205316747579,-0.3097074505557132,-0.1677101701184421
25405892,37.329472801,-121.9604863148,3724.807861328125,6,Y,0,melanic,1,0.32398847526564645,1.0998010512273972,-0.7838879526530346,-0.1677101701184421
25408131,49.2158795,-122.90752898,3316.3454180810622,2,Y,0.04511707595659624,melanic,1,0.22293504783768117,0.48350183037124855,-0.5705610806988571,-0.1677101701184421
25411175,37.4017936271,-122.097407207,3358.4250488281255,6,Y,0,melanic,1,0.2333455298347295,1.0998010512273972,-0.7838879526530346,-0.1677101701184421
25425179,37.50629,-122.27849,1659.7379205241643,6.25,Y,0.027730131503716414,gray,0,-0.1869089128461949,1.1383197525309066,-0.6527716937390758,-0.1677101701184421
25461583,47.4473489773,-122.469802943,124.11871337890624,3.25,Y,0.3298054919908467,gray,0,-0.5668204241044795,0.676095336888795,0.7755299056186414,-0.1677101701184421
25471818,33.5736968944,-101.9945132328,161.75905273422228,-1.75,Y,0,gray,0,-0.5575082208302468,-0.0942786891813909,-0.7838879526530346,-0.1677101701184421
25508261,37.3963774089,-122.0846040176,3079.071152865697,6,Y,0,melanic,1,0.16423349978382074,1.0998010512273972,-0.7838879526530346,-0.1677101701184421
25521225,47.0185012986,-122.8149262816,1794.3568115234375,1.25,Y,0.0930432293157744,gray,0,-0.15360425887633192,0.36794572646072066,-0.34395206040806187,-0.1677101701184421
25544060,47.5965283031,-122.1424292355,2084.5900876812107,2.25,Y,0.01955708944492378,gray,0,-0.08180067498685754,0.5220205316747579,-0.6914162525848104,-0.1677101701184421
25583217,47.2441923386,-122.1610427835,495.7523305097234,1.75,Y,0.39029611130931147,gray,0,-0.47487843193506524,0.4449831290677393,1.0615474350833891,-0.1677101701184421
25586404,51.0250278333,-114.0987695,2889.336597785692,-11.5,Y,0,melanic,1,0.1172932549477554,-1.5965080400182536,-0.7838879526530346,-0.1677101701184421
25597313,44.9457244873,-123.0326385498,1170.931986728546,2.25,Y,0.0027717893440098547,gray,0,-0.3078392842274798,0.5220205316747579,-0.7707821132798806,-0.1677101701184421
25604062,37.32927,-121.9396216667,3721.2448154257495,6,Y,0,gray,0,0.3231069792885477,1.0998010512273972,-0.7838879526530346,-0.1677101701184421
25604069,37.32755,-121.9407883333,3722.892181986369,6,Y,0,melanic,1,0.32351453704552885,1.0998010512273972,-0.7838879526530346,-0.1677101701184421
25627634,49.6284512848,-110.332637796,0.26251864397509267,-11.75,Y,0.8494439692044483,gray,0,-0.5974623917885924,-1.635026741321763,3.232534233595325,-0.1677101701184421
25649366,37.2325235077,-121.8837364918,2345.6953582824713,5.5,Y,0.004379562043795617,gray,0,-0.017203346762475043,1.0227636486203786,-0.7631800886897103,-0.1677101701184421
25716412,47.5015760796,-122.0641980369,225.91571044921875,2.25,Y,0.868683985155581,gray,0,-0.5416358921459135,0.5220205316747579,3.3235067164564076,-0.1677101701184421
25717644,47.6746783333,-122.254485,2553.762802412867,3.25,Y,0.0091324200913242,gray,0,0.03427244669948451,0.676095336888795,-0.7407071708725866,-0.1677101701184421
25747092,37.3955533333,-122.0882805,3076.6918387377063,6,Y,0,gray,0,0.16364485852307253,1.0998010512273972,-0.7838879526530346,-0.1677101701184421
25756301,49.1752415,-124.1569843,0.2559798860760822,0.5,Y,0.27105896510228644,gray,0,-0.5974640094743986,0.25238962255019276,0.49775896072485365,-0.1677101701184421
25760255,36.9502645442,-122.0589000672,885.46124267578125,5.5,Y,0.00244498777506111,gray,0,-0.3784646197849387,1.0227636486203786,-0.7723273277020345,-0.1677101701184421
25763691,48.7342877,-122.4866103,2256.623046875,1.5,Y,0.2555079559363525,gray,0,-0.03923979712765986,0.40646442776423,0.4242291924328904,-0.1677101701184421
25813302,37.3176580556,-122.0106822195,2983.94189453125,6,Y,0,gray,0,0.1406985634333529,1.0998010512273972,-0.7838879526530346,-0.1677101701184421
25818020,47.0972471,-122.936901,206.02993054872647,2.25,Y,0.5591311343523733,gray,0,-0.5465556252798784,0.5220205316747579,1.8598493325010574,-0.1677101701184421
25857492,48.7324416936,-122.4869027758,2256.623046875,1.5,Y,0.23242130038246545,gray,0,-0.03923979712765986,0.40646442776423,0.31506866044424287,-0.1677101701184421
25881022,37.0150222167,-122.0314555,351.92660813257424,5,Y,0.3776063981719509,melanic,1,-0.5104608519073289,0.9457262460133601,1.0015467202278163,-0.1677101701184421
25893459,37.279928993,-122.008327978,2377.7745746658543,5.25,Y,0.00142938822184105,gray,0,-0.009266962846797865,0.9842449473168694,-0.7771293826059233,-0.1677101701184421
25942528,36.9745533333,-121.9098133333,856.41326904296875,5.25,Y,0.03310294652600946,gray,0,-0.3856510755875775,0.9842449473168694,-0.6273674360829098,-0.1677101701184421
25983235,46.58674,-120.4688783333,424.4765057394572,-2.75,Y,0,gray,0,-0.49251203939364335,-0.24835349439542811,-0.7838879526530346,-0.1677101701184421
26019922,48.73885,-122.4852833333,2256.623046875,1.5,Y,0.23244629689002885,gray,0,-0.03923979712765986,0.40646442776423,0.31518685132109425,-0.1677101701184421
26021194,48.16243636,-122.27529171,197.5585544027407,2,Y,0.4861309694023449,gray,0,-0.5486514399838648,0.48350183037124855,1.5146829734065528,-0.1677101701184421
26032586,37.4299243,-122.1712651,2272.9759873292373,6,Y,0,gray,0,-0.035194086906936914,1.0998010512273972,-0.7838879526530346,-0.1677101701184421
26035260,48.737845,-122.484823,2256.623046875,1.5,Y,0.24524774072919917,gray,0,-0.03923979712765986,0.40646442776423,0.3757158619629733,-0.1677101701184421
26037462,48.7384716667,-122.4845366667,2256.6230468750005,1.5,Y,0.23934018051665112,gray,0,-0.03923979712765975,0.40646442776423,0.3477831709739515,-0.1677101701184421
26085201,37.770099273,-122.465271112,6888.4111328125,7.5,Y,0.12312138728323699,gray,0,1.1066625225156899,1.3309132590484531,-0.20173363828524463,-0.1677101701184421
26085578,37.76969219,-122.4620095458,6888.4111328125,7.5,Y,0.10706084959816303,gray,0,1.1066625225156899,1.3309132590484531,-0.27767260803485894,-0.1677101701184421
26093617,48.713977,-122.495466,2256.623046875,1.5,Y,0.19908597543558984,melanic,1,-0.03923979712765986,0.40646442776423,0.15744939000804933,-0.1677101701184421
26098987,49.1752415,-124.1569843,0.2559798860760822,0.5,Y,0.27346815575007544,gray,0,-0.5974640094743986,0.25238962255019276,0.5091503262763029,-0.1677101701184421
26115268,48.7266654968,-122.4864578247,2256.6230468749995,1.5,Y,0.12225705329153604,gray,0,-0.03923979712765998,0.40646442776423,-0.20582046489942094,-0.1677101701184421
26143667,49.16958821,-123.1443385718,3776.0732065415336,2.5,Y,0.017523700086182127,melanic,1,0.33667149895054194,0.5605392329782671,-0.7010307185529192,-0.1677101701184421
26232002,47.6660783333,-122.3971783333,3477.8010253906255,3.75,Y,0.04979946524064171,gray,0,0.2628790935286245,0.7531327394958136,-0.5484213600263976,-0.1677101701184421
26235897,37.7726774138,-122.4565163818,6888.4111328125,7.25,Y,0.06483861753784632,gray,0,1.1066625225156899,1.2923945577449438,-0.4773118023172153,-0.1677101701184421
26293165,49.2117357043,-123.0316551402,6527.4794921875,2,Y,0.08586147681740125,gray,0,1.0173681945906776,0.48350183037124855,-0.37790950918202326,-0.1677101701184421
26301121,44.9274413012,-123.0371049222,1317.072021484375,2.25,Y,0.0014322543683758149,gray,0,-0.2716843043984385,0.5220205316747579,-0.7771158306178597,-0.1677101701184421
26306608,48.7519112,-122.4786854,2199.1758462489965,1.5,Y,0,gray,0,-0.05345220910182084,0.40646442776423,-0.7838879526530346,-0.1677101701184421
26415684,37.443,-122.1646055,3045.0946641616733,6,Y,0,melanic,1,0.1558277315368919,1.0998010512273972,-0.7838879526530346,-0.1677101701184421
26452174,48.7353105161,-122.4858629716,2256.623046875,1.5,Y,0.24984709480122322,gray,0,-0.03923979712765986,0.40646442776423,0.39746296760737515,-0.1677101701184421
26455364,48.738873,-122.486596,2256.623046875,1.5,Y,0.23783965112378397,gray,0,-0.03923979712765986,0.40646442776423,0.34068822444054586,-0.1677101701184421
26476361,48.7328058896,-122.4880000334,2256.623046875,1.5,Y,0.23180018275967107,melanic,1,-0.03923979712765986,0.40646442776423,0.31213183271822165,-0.1677101701184421
26530701,47.5270883333,-122.394455,2543.313156290111,3.25,Y,0.19211370930765706,gray,0,0.0316872088800183,0.676095336888795,0.12448245471873996,-0.1677101701184421
26556665,48.7353833333,-122.4861533333,2256.623046875,1.5,Y,0.2533333333333333,melanic,1,-0.03923979712765986,0.40646442776423,0.4139469339365901,-0.1677101701184421
26571283,48.4649116667,-123.3100583333,2121.60400390625,3.5,Y,0.15105653912050257,gray,0,-0.07264344851742327,0.7146140381923043,-0.06964798262923817,-0.1677101701184421
26638410,48.7386224183,-122.4848563224,2256.623046875,1.5,Y,0.23757424195060958,gray,0,-0.03923979712765986,0.40646442776423,0.3394332914135096,-0.1677101701184421
26656766,49.3043718504,-123.1375596833,2089.77685546875,2.5,Y,0.7117804041174228,melanic,1,-0.080517470935006,0.5605392329782671,2.5816202038313487,-0.1677101701184421
26656767,49.3043592514,-123.1375402156,2089.77685546875,2.5,Y,0.7134637514384351,melanic,1,-0.080517470935006,0.5605392329782671,2.589579567570911,-0.1677101701184421
26706156,47.89660281,-122.20174938,1617.0996758572137,2.25,Y,0.018831790616022984,gray,0,-0.1974575956794446,0.5220205316747579,-0.6948456798497841,-0.1677101701184421
26721128,48.734928868,-122.4895645736,2256.6230468749995,1.5,Y,0.25753981701118267,melanic,1,-0.03923979712765998,0.40646442776423,0.43383643222289725,-0.1677101701184421
26722941,48.7333120934,-122.4981957972,2256.623046875,1.5,Y,0.019268774703557305,melanic,1,-0.03923979712765986,0.40646442776423,-0.6927794899092585,-0.1677101701184421
26723072,48.735329,-122.488026,2256.623046875,1.5,Y,0.26561988877984954,melanic,1,-0.03923979712765986,0.40646442776423,0.4720414000544385,-0.1677101701184421
26766494,47.3842164316,-122.4809170795,118.81134033203124,3.25,Y,0.6571560055223193,gray,0,-0.5681334658440382,0.676095336888795,2.32333990003059,-0.1677101701184421
26778955,47.0482902527,-122.9287109375,1052.0747714611684,2.25,Y,0.006300114547537221,gray,0,-0.3372445066068775,0.5220205316747579,-0.7540991487271758,-0.1677101701184421
26788713,45.5157111966,-122.5970105967,2811.877976792152,2.25,Y,0.09330628803245435,gray,0,0.09813002644376673,0.5220205316747579,-0.34270824103413794,-0.1677101701184421
26811884,46.9974438,-122.8853415,896.9425277747504,1.25,Y,0.09484240687679082,gray,0,-0.37562415493998186,0.36794572646072066,-0.33544501705376695,-0.1677101701184421
26812930,36.9688633333,-121.9878833333,2321.5029296875,5.25,Y,0.0052847915443335275,gray,0,-0.023188542874739006,0.9842449473168694,-0.7588998960208376,-0.1677101701184421
26844934,45.4758238481,-122.6539350375,2270.063750515421,3.25,Y,0.014894354000692752,gray,0,-0.03591457300396601,0.676095336888795,-0.7134630440928549,-0.1677101701184421
26922135,36.990151355,-122.0642132528,834.6722478912288,5.25,Y,0.3222857142857143,melanic,1,-0.3910297945848546,0.9842449473168694,0.7399741737451949,-0.1677101701184421
27007220,37.47276,-122.22369,1409.08928225637,6.25,Y,0,gray,0,-0.24891927486567783,1.1383197525309066,-0.7838879526530346,-0.1677101701184421
27117028,48.5633952112,-123.4693894127,291.7976379394531,1.75,Y,0.7357118115691029,gray,0,-0.5253367324838293,0.4449831290677393,2.694774972505612,-0.1677101701184421
27140389,48.7559107439,-122.6590952567,81.47834777832031,1.5,Y,0.6745379876796714,gray,0,-0.5773696316557706,0.40646442776423,2.4055270498706744,-0.1677101701184421
27163787,47.0721879625,-122.9761568829,348.4094543457031,2.25,Y,0.6157367668097282,gray,0,-0.5113309941953914,0.5220205316747579,2.127497495665096,-0.1677101701184421
27168585,49.2966651917,-123.1324996948,3754.580744846366,2.5,Y,0.3127482845792705,melanic,1,0.3313542734526588,0.5605392329782671,0.694878386781611,-0.1677101701184421
27186617,47.5666017302,-122.3669911371,2319.1217034434876,3.25,Y,0.04733390362132876,gray,0,-0.02377765719214352,0.676095336888795,-0.5600792641947507,-0.1677101701184421
27247580,49.2997433529,-123.1226145476,3267.4584603291823,2.5,Y,0.2971078001752848,melanic,1,0.2108404361566619,0.5605392329782671,0.6209255531148149,-0.1677101701184421
27284821,45.5012245178,-122.6796951294,2573.005739209687,2.25,Y,0.057933042212518195,gray,0,0.039033140734510294,0.5220205316747579,-0.509963403777678,-0.1677101701184421
27420558,49.2953838135,-123.1460382789,3182.715049312569,2.5,Y,0.4775323686214775,gray,0,0.18987495382959818,0.5605392329782671,1.4740262471255803,-0.1677101701184421
27467580,47.1830111533,-122.5315933825,1734.4370117187495,2.25,Y,0.07009889470622456,gray,0,-0.16842839079143862,0.5220205316747579,-0.4524396569011061,-0.1677101701184421
27480610,49.1752415,-124.1569843,0.2559798860760822,0.5,Y,0.27637130801687765,melanic,1,-0.5974640094743986,0.25238962255019276,0.5228772883799506,-0.1677101701184421
27553203,49.1723155,-123.9696919,1427.9239281634534,1.5,Y,0.1311046511627907,gray,0,-0.24425959181581752,0.40646442776423,-0.16398640677032256,-0.1677101701184421
27584713,49.2956466667,-123.1511083333,2728.9297598670146,2.5,Y,0.5430430430430431,melanic,1,0.0776086743393006,0.5605392329782671,1.7837800810709716,-0.1677101701184421
27588849,47.666175,-122.3971783333,3477.8010253906255,3.75,Y,0.042305129913391075,gray,0,0.2628790935286245,0.7531327394958136,-0.5838567928163261,-0.1677101701184421
27597948,49.29523503,-123.14548626,3285.9557776715133,2.5,Y,0.4544061302681992,gray,0,0.21541666426910713,0.5605392329782671,1.364678555960539,-0.1677101701184421
27600793,37.4066366064,-121.9558677138,1469.5666085231808,6.5,Y,0,melanic,1,-0.2339572111509388,1.1768384538344159,-0.7838879526530346,-0.1677101701184421
27655953,49.2492207131,-122.9119172418,3210.109916638931,2,Y,0.1705161106358711,melanic,1,0.196652431864681,0.48350183037124855,0.022362623841265104,-0.1677101701184421
27668993,49.29977,-123.1307611667,2666.042941735596,2.5,Y,0.401067140951534,melanic,1,0.06205050340514905,0.5605392329782671,1.1124760472015935,-0.1677101701184421
27671628,37.4663367177,-122.1666309977,2118.804931640625,6,Y,0,melanic,1,-0.07333593775538456,1.0998010512273972,-0.7838879526530346,-0.1677101701184421
27671679,37.4662558799,-122.1667220325,2118.804931640625,6.25,Y,0,melanic,1,-0.07333593775538456,1.1383197525309066,-0.7838879526530346,-0.1677101701184421
27671692,37.4665154046,-122.166961843,2118.804931640625,6.25,Y,0,melanic,1,-0.07333593775538456,1.1383197525309066,-0.7838879526530346,-0.1677101701184421
27673849,37.5344778768,-122.2818694774,2352.2392578125,6.25,Y,0,gray,0,-0.015584388919015072,1.1383197525309066,-0.7838879526530346,-0.1677101701184421
27685058,47.4497859104,-122.0153308281,165.8404789026314,1.75,Y,0.7023603914795624,gray,0,-0.5564984778050784,0.4449831290677393,2.537079599477095,-0.1677101701184421
27695300,47.2269036648,-122.7617410127,107.50526801804811,2.25,Y,0.44778254649499283,gray,0,-0.5709305831236442,0.5220205316747579,1.3333602939166094,-0.1677101701184421
27698272,47.5540550027,-122.1174144932,1308.5581191865483,2.25,Y,0.154,gray,0,-0.2737906400535426,0.5220205316747579,-0.05573042948934159,-0.1677101701184421
27744636,47.4932623284,-122.0799134319,244.8896431410364,2.25,Y,0.4419336384439359,gray,0,-0.5369417496072421,0.5220205316747579,1.3057049276849875,-0.1677101701184421
27744642,47.6683404093,-122.3511728469,3814.216411936786,3.25,Y,0.04776119402985074,gray,0,0.3461081110601837,0.676095336888795,-0.5580589088340951,-0.1677101701184421
27744656,47.6683404093,-122.3511728469,3814.216411936786,3.25,Y,0.047690014903129664,gray,0,0.3461081110601837,0.676095336888795,-0.5583954647861352,-0.1677101701184421
27818128,47.75833482,-122.20738763,1530.9932945352202,2.75,Y,0.12364363221016562,gray,0,-0.21876027625598826,0.5990579342817764,-0.1992643098925358,-0.1677101701184421
27843683,37.4577022195,-122.1936860863,1418.439256592503,6,Y,0,melanic,1,-0.24660609535884556,1.0998010512273972,-0.7838879526530346,-0.1677101701184421
27851815,51.1251049755,-114.1768801957,2349.153076171875,-12,Y,0.0028604118993135,melanic,1,-0.016347908889103927,-1.6735454426252723,-0.770363079641138,-0.1677101701184421
27864383,47.1095037,-122.529389,657.2191306657073,2.25,Y,0.22467086433886663,gray,0,-0.4349316171388781,0.5220205316747579,0.27842230776277843,-0.1677101701184421
27870100,37.5217537902,-122.3110094574,1964.5977053661552,6.25,Y,0.11092052601486564,gray,0,-0.11148673719074247,1.1383197525309066,-0.2594229169971999,-0.1677101701184421
27885163,37.2180815692,-121.8815916206,2095.467529296875,5.5,Y,0.22104661138118387,gray,0,-0.0791096007520457,1.0227636486203786,0.2612857684317072,-0.1677101701184421
27904928,37.2179356454,-121.8816784996,2095.467529296875,5.5,Y,0.2264420331239292,melanic,1,-0.0791096007520457,1.0227636486203786,0.28679691734483037,-0.1677101701184421
27906682,44.7877017957,-123.0769551794,23.91219065566794,2.25,Y,0,gray,0,-0.5916114734144807,0.5220205316747579,-0.7838879526530346,-0.1677101701184421
27940373,51.0611139,-114.1462294,2170.526123046875,-11.5,Y,0.09001536098310291,gray,0,-0.06054013792441205,-1.5965080400182536,-0.35826871693782714,-0.1677101701184421
27981758,38.5370716667,-121.748445,319.33606790519565,4.75,Y,0,gray,0,-0.5185237371153909,0.9072075447098508,-0.7838879526530346,-0.1677101701184421
27981944,38.5370416667,-121.7484966667,317.95921653504604,4.75,Y,0,gray,0,-0.5188643695341427,0.9072075447098508,-0.7838879526530346,-0.1677101701184421
28075027,45.5135883333,-122.6454,3115.6623257498964,3,Y,0,gray,0,0.17328613973809187,0.6375766355852857,-0.7838879526530346,-0.1677101701184421
28096873,48.5195324716,-123.4288280433,177.81182306555428,2.5,Y,0.6856878470080198,gray,0,-0.5535367725648946,0.5605392329782671,2.4582468807288156,-0.1677101701184421
28204425,37.3150796461,-121.9745101959,3546.6279793538292,6,Y,0,gray,0,0.27990685143487976,1.0998010512273972,-0.7838879526530346,-0.1677101701184421
28213672,47.5911806,-122.2256685,1459.27734375,3.25,Y,0.03184281842818426,gray,0,-0.23650277069560133,0.676095336888795,-0.633325694229542,-0.1677101701184421
28234802,49.1725006104,-123.9566650391,1405.667268456972,1.5,Y,0.10330935251798559,melanic,1,-0.2497658795630057,0.40646442776423,-0.2954107951910786,-0.1677101701184421
28251054,45.51636275,-122.8127133,2328.197221236217,2.5,Y,0,gray,0,-0.02153237811250959,0.5605392329782671,-0.7838879526530346,-0.1677101701184421
28278106,48.7559480516,-122.6587925102,81.47834777832031,1.5,Y,0.6764413518886682,gray,0,-0.5773696316557706,0.40646442776423,2.41452671849471,-0.1677101701184421
28293277,51.073885113,-114.1570313462,2325.911032759333,-11.5,Y,0.0014916467780429548,melanic,1,-0.02209798012844747,-1.5965080400182536,-0.7768350057482628,-0.1677101701184421
28363888,49.2350167,-123.9659355,1021.7434082031252,1.5,Y,0.3779527559055118,melanic,1,-0.34474847243399753,0.40646442776423,1.0031844019771559,-0.1677101701184421
28409618,38.1052475,-122.5830343,1084.145263671875,5.25,Y,0.023782234957020053,gray,0,-0.3293102810476539,0.9842449473168694,-0.6714385156296533,-0.1677101701184421
28440496,47.0190315247,-122.8154144287,1794.3568115234375,1.25,Y,0.0872043317184383,gray,0,-0.15360425887633192,0.36794572646072066,-0.3715600942553521,-0.1677101701184421
28505981,47.9,-122.18,1265.960675815103,2.25,Y,0.24483352468427094,gray,0,-0.2843292286643675,0.5220205316747579,0.3737573260582357,-0.1677101701184421
28506792,38.1052475,-122.5830343,1084.145263671875,5.25,Y,0.02377542251503867,gray,0,-0.3293102810476539,0.9842449473168694,-0.6714707268691329,-0.1677101701184421
28506794,38.1052475,-122.5830343,1084.145263671875,5.25,Y,0.02348224513172966,gray,0,-0.3293102810476539,0.9842449473168694,-0.6728569562021063,-0.1677101701184421
28519667,37.3581716667,-122.0385888333,3439.933448703031,6.25,Y,0,melanic,1,0.25351067183909803,1.1383197525309066,-0.7838879526530346,-0.1677101701184421
28552686,37.7687591621,-122.465176327,6888.4111328125,7.5,Y,0.12254901960784313,gray,0,1.1066625225156899,1.3309132590484531,-0.20443996184923002,-0.1677101701184421
28654145,47.5297175036,-122.3976634345,2662.194809346679,3.25,Y,0.24281524926686215,gray,0,0.06109847715763087,0.676095336888795,0.3642143232725048,-0.1677101701184421
28676217,49.29758869,-123.13964439,2820.7859211250206,2.5,Y,0.49233656553018457,melanic,1,0.10033384792370001,0.5605392329782671,1.544024866303968,-0.1677101701184421
28676487,47.5297391724,-122.3973680288,2659.700798420599,3.25,Y,0.23853211009174316,gray,0,0.06048145995986919,0.676095336888795,0.34396237513536176,-0.1677101701184421
28711184,47.6650007088,-122.3976676591,3478.111670169283,3.75,Y,0.06285334220152977,gray,0,0.262955946909186,0.7531327394958136,-0.48669877096455444,-0.1677101701184421
28864568,49.2653541565,-123.2564086914,1884.2208251953125,3,Y,0.15891472868217052,melanic,1,-0.1313719417218176,0.6375766355852857,-0.032492139461868554,-0.1677101701184421
28875396,45.4842716667,-122.746505,1783.8919650897662,2.5,Y,0.05345911949685535,gray,0,-0.15619325724598165,0.5605392329782671,-0.531117432891073,-0.1677101701184421
28910689,47.0626195,-122.83922,708.05364990234375,1.25,Y,0.12649914334665907,gray,0,-0.42235517960969315,0.36794572646072066,-0.18576260913594222,-0.1677101701184421
28971853,46.7231483459,-122.9340820313,477.08056640625,2.25,Y,0.37970353477765106,gray,0,-0.47949781809890196,0.5220205316747579,1.011462602023547,-0.1677101701184421
28972289,48.4501416667,-123.337905,4156.318860913523,3.5,Y,0.00286123032904148,gray,0,0.4307441053165504,0.7146140381923043,-0.7703592098634522,-0.1677101701184421
29017343,51.0570028333,-114.0561445,2284.343082612859,-11,Y,0.003205128205128204,melanic,1,-0.03238187257168795,-1.519470637411235,-0.7687331590473967,-0.1677101701184421
29042456,45.4896011353,-122.7864456177,2250.5374813516673,3.25,Y,0.00685714285714285,gray,0,-0.04074536334099776,0.676095336888795,-0.7514653542190298,-0.1677101701184421
29042690,47.4532800225,-122.0842546165,460.8258276786075,2.25,Y,0.3587546415309911,gray,0,-0.48351923325598856,0.5220205316747579,0.9124100421566086,-0.1677101701184421
29056246,37.76698,-122.4684,6888.4111328125,7.5,Y,0.11691325790542502,gray,0,1.1066625225156899,1.3309132590484531,-0.23108750913737008,-0.1677101701184421
29056898,51.0757217407,-114.0804901123,3026.379366597325,-11,Y,0,melanic,1,0.15119757521412874,-1.519470637411235,-0.7838879526530346,-0.1677101701184421
29076577,49.2220860979,-122.5332927795,242.80560302734375,1,Y,0.18939828080229226,melanic,1,-0.537457340207719,0.3294270251572114,0.11164310605124307,-0.1677101701184421
29091491,49.1029916667,-122.6628633333,1662.7952300136076,1,Y,0.00712047849615494,gray,0,-0.1861525358335122,0.3294270251572114,-0.7502202254744598,-0.1677101701184421
29158722,37.3876883333,-122.0351416667,2190.633056640625,6.5,Y,0,melanic,1,-0.05556569146475081,1.1768384538344159,-0.7838879526530346,-0.1677101701184421
29281604,48.4113149835,-123.3636536077,4161.07080078125,3.5,Y,0.04847801578354002,gray,0,0.4319197331337569,0.7146140381923043,-0.554669563686587,-0.1677101701184421
29375447,37.22076,-121.742134,87.86492374256477,4.5,Y,0,gray,0,-0.5757895955927596,0.8686888434063414,-0.7838879526530346,-0.1677101701184421
29408873,45.500395177,-122.990009403,160.52157592773438,2.25,Y,0,gray,0,-0.5578143720437196,0.5220205316747579,-0.7838879526530346,-0.1677101701184421
29427443,45.5269527269,-122.7274855971,3560.5379154150833,2.25,Y,0.8115362649914335,gray,0,0.28334816345152297,0.5220205316747579,3.0532954023708396,-0.1677101701184421
29550193,48.4637337876,-123.3185214581,2205.974633001273,3.5,Y,0.09005145797598628,gray,0,-0.05177019227254327,0.7146140381923043,-0.35809803968502446,-0.1677101701184421
29603609,47.6313178501,-122.3133249257,5090.855270871888,3.25,Y,0.06435926773455378,gray,0,0.6619479989518753,0.676095336888795,-0.47957830988536143,-0.1677101701184421
29603616,47.6310010418,-122.3133982733,5127.410940508992,3.25,Y,0.06439610761305094,gray,0,0.6709918554185502,0.676095336888795,-0.4794041200497761,-0.1677101701184421
29603715,47.630862818,-122.3168903979,5062.937751444894,3.25,Y,0.06070195627157654,gray,0,0.6550412170187365,0.676095336888795,-0.49687115960172307,-0.1677101701184421
29603726,47.6307661964,-122.314482887,5130.569356751871,3.25,Y,0.06446991404011462,gray,0,0.6717732461972221,0.676095336888795,-0.47905514144507316,-0.1677101701184421
29603729,47.6310453409,-122.3133776223,5122.545484423532,3.25,Y,0.0644883920894239,gray,0,0.669788143739387,0.676095336888795,-0.47896777176573585,-0.1677101701184421
29605122,47.5546602487,-122.2540999006,2595.178783827444,3.25,Y,0.4223980523432745,gray,0,0.04451874214580643,0.676095336888795,1.213334901784931,-0.1677101701184421
29609282,48.7293052673,-122.4861297607,2256.623046875,1.5,Y,0.17685714285714285,melanic,1,-0.03923979712765986,0.40646442776423,0.052344898624008,-0.1677101701184421
29620548,49.2984616667,-123.1351683333,2820.9750204747256,2.5,Y,0.44455922865013775,gray,0,0.10038063101900781,0.5605392329782671,1.318119494317395,-0.1677101701184421
29620551,49.3001766667,-123.133065,2403.1026467318557,2.5,Y,0.4734939759036145,melanic,1,-0.00300080904312047,0.5605392329782671,1.4549315325866101,-0.1677101701184421
29728836,36.9750333333,-122.01261945,2321.5029296875,5.5,Y,0,melanic,1,-0.023188542874739006,1.0227636486203786,-0.7838879526530346,-0.1677101701184421
29740480,47.0186538696,-122.8170852661,1794.3568115234375,1.25,Y,0.07028571428571428,gray,0,-0.15360425887633192,0.36794572646072066,-0.45155631870448454,-0.1677101701184421
29828473,37.768096666700004,-122.4409783333,7185.413225879667,7.25,Y,0.03422703936109525,gray,0,1.1801407087085953,1.2923945577449438,-0.6220523928712076,-0.1677101701184421
29856739,49.3051166667,-123.1383283333,2089.77685546875,2.5,Y,0.7381404174573055,melanic,1,-0.080517470935006,0.5605392329782671,2.706258139052978,-0.1677101701184421
30017885,47.713,-122.20938,1706.6346435546875,3.25,Y,0.08740359897172237,gray,0,-0.17530668435316332,0.676095336888795,-0.37061789977743675,-0.1677101701184421
30065376,47.4097543056,-122.1189457453,477.2762582131944,1.75,Y,0.8396978598405371,gray,0,-0.4794494040325949,0.4449831290677393,3.1864517475244933,-0.1677101701184421
30065497,49.2635594607,-123.2502474636,1884.2208251953127,3,Y,0.10071727435744172,melanic,1,-0.13137194172181754,0.6375766355852857,-0.3076669069652885,-0.1677101701184421
30178118,49.1701728894,-123.9795324553,1322.9209106056585,1.5,Y,0.14057043073341094,melanic,1,-0.2702372918220721,0.40646442776423,-0.1192294028290477,-0.1677101701184421
30279041,36.9763216667,-121.9906616667,2321.5029296875,5.25,Y,0.0022948938611589195,melanic,1,-0.023188542874739006,0.9842449473168694,-0.7730370160954694,-0.1677101701184421
30342085,48.41260263,-123.36363383,4161.07080078125,3.5,Y,0.043669600541638445,gray,0,0.4319197331337569,0.7146140381923043,-0.5774051723416883,-0.1677101701184421
30381836,48.4590339661,-123.317276001,2260.2173283027773,3.5,Y,0.11187410586552216,gray,0,-0.03835057349542035,0.7146140381923043,-0.2549141095803632,-0.1677101701184421
30388944,47.6562166667,-122.4053583333,3930.880823366869,3.75,Y,0.11225364181662384,gray,0,0.37497083474208975,0.7531327394958136,-0.25311955141084513,-0.1677101701184421
30388961,47.6563,-122.4051883333,3927.363542860567,3.75,Y,0.11390236939765916,gray,0,0.3741006611036963,0.7531327394958136,-0.2453238800356611,-0.1677101701184421
30487538,47.6298432904,-122.318107076,5157.7507979117345,3.25,Y,0.04467653031621699,gray,0,0.6784979226933042,0.676095336888795,-0.5726441107140462,-0.1677101701184421
30581283,48.4395790222,-123.3766232281,3947.711546715196,3,Y,0.006944444444444441,melanic,1,0.3791347482390562,0.6375766355852857,-0.7510525665074856,-0.1677101701184421
30585895,37.5793876648,-122.3529968262,1585.106201171875,6.5,Y,0,melanic,1,-0.2053727671370265,1.1768384538344159,-0.7838879526530346,-0.1677101701184421
30641303,47.6667457201,-122.3974907398,3477.801025390625,3.25,Y,0.03939899833055092,gray,0,0.2628790935286244,0.676095336888795,-0.5975978420069019,-0.1677101701184421
30642322,47.688664379,-122.1778527043,1721.9403602782302,2.75,Y,0.013972055888223553,gray,0,-0.17152005681928262,0.5990579342817764,-0.717823942204505,-0.1677101701184421
30660915,45.5202216667,-122.6310116667,3295.270605116405,3,Y,0.02947067238912732,gray,0,0.21772114845062351,0.6375766355852857,-0.644541901920336,-0.1677101701184421
30667752,47.7906803033,-122.3624435786,2292.552734375,3.25,Y,0.03687821612349914,gray,0,-0.03035080836426802,0.676095336888795,-0.6095168454375638,-0.1677101701184421
30700054,47.62274676,-117.38601823,1041.914654804206,-2,Y,0,gray,0,-0.33975811496482633,-0.13279739048490022,-0.7838879526530346,-0.1677101701184421
30704789,49.2980537415,-123.1305541992,3324.96345473907,2.5,Y,0.3329161451814769,melanic,1,0.22506714628734154,0.5605392329782671,0.79023799342845,-0.1677101701184421
30788955,48.4129858547,-123.3635842055,4161.07080078125,3.5,Y,0.04292845257903493,melanic,1,0.4319197331337569,0.7146140381923043,-0.5809095389958909,-0.1677101701184421
30794128,51.0315471667,-114.1141361667,2971.371153086594,-11.5,Y,0,melanic,1,0.13758856757132232,-1.5965080400182536,-0.7838879526530346,-0.1677101701184421
30808299,51.028874965,-114.0065984338,464.8547973632813,-11.5,Y,0.014166130070830642,gray,0,-0.48252246794164755,-1.5965080400182536,-0.7169063020998478,-0.1677101701184421
30887905,45.5045961655,-122.9565761162,1787.500125539768,2.25,Y,0.0020149683362118537,gray,0,-0.15530059994979503,0.5220205316747579,-0.7743605867247925,-0.1677101701184421
30895027,48.7756,-122.4851133333,1040.148901938162,1.5,Y,0.06708535540964887,melanic,1,-0.34019496144130046,0.40646442776423,-0.4666885615124763,-0.1677101701184421
30906885,51.0199083333,-114.19172,2100.482421875,-12,Y,0,melanic,1,-0.07786891855082782,-1.6735454426252723,-0.7838879526530346,-0.1677101701184421
31060874,47.0447221667,-122.919075,1062.9112125601243,2.25,Y,0.021234240212342402,gray,0,-0.3345635758817278,0.5220205316747579,-0.6834861879823714,-0.1677101701184421
31094368,37.7678404762,-122.4821768036,6888.4111328125,7.5,Y,0.1862917398945518,gray,0,1.1066625225156899,1.3309132590484531,0.09695446233054839,-0.1677101701184421
31095415,37.7686637844,-122.4822320995,6888.4111328125,7.5,Y,0.18740891868259982,gray,0,1.1066625225156899,1.3309132590484531,0.10223681388402928,-0.1677101701184421
31141950,37.0833577188,-122.0898420869,250.3688201904297,4.75,Y,0.4735940622323722,gray,0,-0.5355862036336042,0.9072075447098508,1.4554047703349915,-0.1677101701184421
31196914,47.6563300146,-122.3062260636,4166.9521484375,3.25,Y,0.0014997000599879919,gray,0,0.43337477593728835,0.676095336888795,-0.7767969274506366,-0.1677101701184421
31208627,48.4891662598,-123.3816680908,1876.5025634765627,2.75,Y,0.05764840182648401,gray,0,-0.13328143625028754,0.5990579342817764,-0.5113092676639572,-0.1677101701184421
31234212,47.6846899826,-117.4202129565,2312.3740234375,-2,Y,0,gray,0,-0.025447030235039806,-0.13279739048490022,-0.7838879526530346,-0.1677101701184421
31365885,37.5583067472,-122.0489440627,2894.3671384245367,6.25,Y,0,gray,0,0.11853780847226009,1.1383197525309066,-0.7838879526530346,-0.1677101701184421
31410857,47.6724916667,-122.3133616667,3924.688498723312,3.25,Y,0.025486827033218782,gray,0,0.3734388563697242,0.676095336888795,-0.6633787004075148,-0.1677101701184421
31495120,37.2962361714,-121.941147661,2685.3699258999313,6,Y,0,melanic,1,0.06683199072164828,1.0998010512273972,-0.7838879526530346,-0.1677101701184421
31519488,37.7698868147,-122.4648110838,6888.4111328125,7.5,Y,0.12121212121212123,gray,0,1.1066625225156899,1.3309132590484531,-0.2107612126579987,-0.1677101701184421
31533010,47.6582183838,-122.3102264404,4166.9521484375,3.25,Y,0,gray,0,0.43337477593728835,0.676095336888795,-0.7838879526530346,-0.1677101701184421
31644372,37.3348735599,-121.8811789994,4406.516563498058,6.25,Y,0,melanic,1,0.49264290604785044,1.1383197525309066,-0.7838879526530346,-0.1677101701184421
31656142,49.2654216667,-123.248375,1884.2208251953125,2.5,Y,0.07775871926815323,melanic,1,-0.1313719417218176,0.5605392329782671,-0.4162217420901814,-0.1677101701184421
32232217,44.9347533333,-123.0325166667,1317.072021484375,2.25,Y,0,gray,0,-0.2716843043984385,0.5220205316747579,-0.7838879526530346,-0.1677101701184421
32236062,44.9376366667,-123.0307695,1358.883193594581,2.25,Y,0,gray,0,-0.26134023894916725,0.5220205316747579,-0.7838879526530346,-0.1677101701184421
32256036,47.6550333333,-122.3111716667,4166.9521484375,3.25,Y,6.331117442228553e-4,gray,0,0.43337477593728835,0.676095336888795,-0.7808944131753778,-0.1677101701184421
32300156,47.5464232285,-122.556051756,387.7152975697064,3.25,Y,0.17281831187410587,gray,0,-0.5016067460022,0.676095336888795,0.03324811183774184,-0.1677101701184421
32320298,37.5319200506,-122.283029144,2352.2392578125,6.25,Y,0.003183791606367577,gray,0,-0.015584388919015072,1.1383197525309066,-0.7688340447935412,-0.1677101701184421
32341472,49.2994333333,-123.1211,3518.9948427155377,2.5,Y,0.2753479125248509,melanic,1,0.2730704256776269,0.5605392329782671,0.5180383719728657,-0.1677101701184421
32354769,37.53196,-122.28232,2352.2392578125,6.25,Y,0.0031902552204176324,gray,0,-0.015584388919015072,1.1383197525309066,-0.7688034829156363,-0.1677101701184421
32358533,44.9391212472,-123.0323709548,1320.6810014237135,2.25,Y,0,gray,0,-0.27079144436095315,0.5220205316747579,-0.7838879526530346,-0.1677101701184421
32359847,47.0494466659,-122.8393571824,894.8640342728991,1.25,Y,0.03141062250142775,gray,0,-0.37613837331114747,0.36794572646072066,-0.635369244330506,-0.1677101701184421
32392547,49.2273612778,-123.018742986,6544.586241910385,2,Y,0.2020057306590258,gray,0,1.0216003968903744,0.48350183037124855,0.1712548557985778,-0.1677101701184421
32393789,48.4153443667,-123.3649002545,4161.07080078125,3.5,Y,0.038530465949820784,gray,0,0.4319197331337569,0.7146140381923043,-0.6017045198454728,-0.1677101701184421
32425964,48.46358,-123.3127366667,2121.60400390625,3.5,Y,0.13337133086349387,gray,0,-0.07264344851742327,0.7146140381923043,-0.15326887510363782,-0.1677101701184421
32431894,37.6825344914,-122.4065902404,1652.4625291379136,7.25,Y,0.2276399307559146,gray,0,-0.18870884145068553,1.2923945577449438,0.29246093145333785,-0.1677101701184421
32436556,48.4157588566,-123.3640063183,4161.07080078125,3.5,Y,0.03790772847487511,melanic,1,0.4319197331337569,0.7146140381923043,-0.6046490067113017,-0.1677101701184421
32449364,48.4123602951,-123.3628379889,4161.07080078125,3.5,Y,0.043907420013614695,gray,0,0.4319197331337569,0.7146140381923043,-0.5762806915775693,-0.1677101701184421
32480528,44.9371333333,-123.0325471667,1318.7665128713295,2.25,Y,0,gray,0,-0.27126508798030785,0.5220205316747579,-0.7838879526530346,-0.1677101701184421
32566217,48.4263473686,-123.3324382082,4161.07080078125,3.75,Y,0.00886474120674864,gray,0,0.4319197331337569,0.7531327394958136,-0.7419728357660657,-0.1677101701184421
32567104,49.022578959,-122.6539681454,298.2096004582787,1,Y,0.2529327610872675,melanic,1,-0.5237504157984663,0.3294270251572114,0.4120529099460485,-0.1677101701184421
32598349,45.52090707,-123.11031249,1185.347900390625,2.25,Y,0,gray,0,-0.3042727935766428,0.5220205316747579,-0.7838879526530346,-0.1677101701184421
32601462,49.2655633333,-123.25328,1884.2208251953125,3,Y,0.13533091866973987,melanic,1,-0.1313719417218176,0.6375766355852857,-0.14400336469183353,-0.1677101701184421
32607017,44.93591903,-123.03082692,1339.3961931715503,2.25,Y,0,gray,0,-0.2661613142171481,0.5220205316747579,-0.7838879526530346,-0.1677101701184421
32672786,37.523135,-122.5139583333,338.7619934082031,7.25,Y,0.04746393671475105,gray,0,-0.5137177717555552,1.2923945577449438,-0.5594644292906229,-0.1677101701184421
32674196,48.4145383333,-123.363105,4161.07080078125,3.5,Y,0.0391383495145631,gray,0,0.4319197331337569,0.7146140381923043,-0.5988302666579749,-0.1677101701184421
32723993,47.70669053,-122.3637758241,2558.8655366920225,3.25,Y,0.13784246575342465,gray,0,0.03553486089860568,0.676095336888795,-0.13212802765439904,-0.1677101701184421
32731168,44.9362779223,-123.0294116401,1382.0358991873993,2.25,Y,0,gray,0,-0.2556122698468286,0.5220205316747579,-0.7838879526530346,-0.1677101701184421
32737823,37.769855,-122.47097,6888.4111328125,7.5,Y,0.13243873978996498,gray,0,1.1066625225156899,1.3309132590484531,-0.1576784413778285,-0.1677101701184421
32738815,37.3070197722,-122.0057111238,2983.94189453125,6,Y,0,gray,0,0.1406985634333529,1.0998010512273972,-0.7838879526530346,-0.1677101701184421
32740313,45.53163,-122.5302666667,2198.6403519017813,3.25,Y,0,gray,0,-0.05358469016598975,0.676095336888795,-0.7838879526530346,-0.1677101701184421
32794950,37.2184203055,-121.8812604211,2095.467529296875,5.5,Y,0.21063160903115177,gray,0,-0.0791096007520457,1.0227636486203786,0.21204055859441234,-0.1677101701184421
32798408,45.521989096,-123.1094268071,1185.347900390625,2.25,Y,0,gray,0,-0.3042727935766428,0.5220205316747579,-0.7838879526530346,-0.1677101701184421
32799570,37.506620366,-122.4814579912,338.7619934082031,6.75,Y,0.031027104136947207,gray,0,-0.5137177717555552,1.2153571551379252,-0.6371826325277005,-0.1677101701184421
32802166,36.9624815729,-122.0318536812,899.782807112417,5.5,Y,0,gray,0,-0.37492147109066054,1.0227636486203786,-0.7838879526530346,-0.1677101701184421
32815164,47.6559118734,-122.305304871,4166.9521484375,3.25,Y,0.00152439024390243,gray,0,0.43337477593728835,0.676095336888795,-0.7766801849625482,-0.1677101701184421
32822763,47.166260422,-122.586061667,1258.4256591796875,2.25,Y,0.07238529495582788,gray,0,-0.28619338844043507,0.5220205316747579,-0.44162888064972944,-0.1677101701184421
32837284,47.0482368469,-122.9285736084,1052.222124184848,2.25,Y,0.0048654836863194,gray,0,-0.33720805160834616,0.5220205316747579,-0.7608825075230107,-0.1677101701184421
32856784,49.1861110348,-123.0984546336,2323.785261156731,2.5,Y,0.00342955130037153,melanic,1,-0.022623895080785068,0.5605392329782671,-0.7676720203125063,-0.1677101701184421
32863795,37.3059947456,-122.0050960276,2983.94189453125,6,Y,0,gray,0,0.1406985634333529,1.0998010512273972,-0.7838879526530346,-0.1677101701184421
32866651,45.5212333505,-123.1095434433,1185.347900390625,2.25,Y,0,gray,0,-0.3042727935766428,0.5220205316747579,-0.7838879526530346,-0.1677101701184421
32874700,49.0621489324,-122.8185758656,1402.665210856048,1.5,Y,0.08876080691642652,melanic,1,-0.25050858728295644,0.40646442776423,-0.3642006194174766,-0.1677101701184421
32979073,44.9245986203,-123.0424695556,1317.072021484375,2.25,Y,0.010959715639810423,gray,0,-0.2716843043984385,0.5220205316747579,-0.732067177361718,-0.1677101701184421
32983521,37.4196472168,-122.0819244385,3358.4250488281255,6.25,Y,0,melanic,1,0.2333455298347295,1.1383197525309066,-0.7838879526530346,-0.1677101701184421
32985392,44.9375092236,-123.0316030063,1336.995105623446,2.25,Y,0,gray,0,-0.2667553422123824,0.5220205316747579,-0.7838879526530346,-0.1677101701184421
32992780,45.5189613837,-123.0528770328,977.27398681640625,2.25,Y,0,gray,0,-0.3557501875761368,0.5220205316747579,-0.7838879526530346,-0.1677101701184421
33017701,44.935745,-123.0325916667,1317.072021484375,2.25,Y,0,gray,0,-0.2716843043984385,0.5220205316747579,-0.7838879526530346,-0.1677101701184421
33019413,44.9363972222,-123.0320138889,1321.3536886489007,2.25,Y,0,gray,0,-0.27062502183957815,0.5220205316747579,-0.7838879526530346,-0.1677101701184421
33027956,44.9369627325,-123.0318723436,1327.1929589281692,2.25,Y,0,gray,0,-0.2691803889604632,0.5220205316747579,-0.7838879526530346,-0.1677101701184421
33029431,44.9386520386,-123.0280761719,1465.3379932864796,2.25,Y,0,gray,0,-0.2350033686863681,0.5220205316747579,-0.7838879526530346,-0.1677101701184421
33029492,44.9363216667,-123.032075,1320.1895340222472,2.25,Y,0,gray,0,-0.2709130331782566,0.5220205316747579,-0.7838879526530346,-0.1677101701184421
33029830,44.9348133333,-123.0326083333,1317.072021484375,2.25,Y,0,gray,0,-0.2716843043984385,0.5220205316747579,-0.7838879526530346,-0.1677101701184421
33030977,47.19117943,-122.30307226,783.5049352753249,1.25,Y,0,gray,0,-0.4036885650485757,0.36794572646072066,-0.7838879526530346,-0.1677101701184421
33031338,47.1911666667,-122.3029416667,785.1966460151115,1.25,Y,0,gray,0,-0.403270036561322,0.36794572646072066,-0.7838879526530346,-0.1677101701184421
33154348,44.9353629143,-123.0335869182,1317.072021484375,2.25,Y,0,gray,0,-0.2716843043984385,0.5220205316747579,-0.7838879526530346,-0.1677101701184421
33154946,44.9353256385,-123.0336779048,1317.072021484375,2.25,Y,0,gray,0,-0.2716843043984385,0.5220205316747579,-0.7838879526530346,-0.1677101701184421
33160133,44.937594845,-123.0320089405,1329.5175313634318,2.25,Y,0,gray,0,-0.2686052907702343,0.5220205316747579,-0.7838879526530346,-0.1677101701184421
33164748,49.1277263,-123.1796413,4514.5361328125,2.5,Y,0.018574805808848363,melanic,1,0.519366899621758,0.5605392329782671,-0.696060779984089,-0.1677101701184421
33170097,37.3059932427,-122.005151103,2983.94189453125,6,Y,0,gray,0,0.1406985634333529,1.0998010512273972,-0.7838879526530346,-0.1677101701184421
33204320,37.2864219962,-121.9874954224,2418.2734299517174,6,Y,0,gray,0,7.524360017523676e-4,1.0998010512273972,-0.7838879526530346,-0.1677101701184421
33242076,37.4802670332,-122.2098932928,1307.1772451854947,6.25,Y,0,melanic,1,-0.2741322676693972,1.1383197525309066,-0.7838879526530346,-0.1677101701184421
33249155,47.1903533339,-122.5701849481,1734.43701171875,2.25,Y,0.18458357944477255,gray,0,-0.1684283907914385,0.5220205316747579,0.08887777478329227,-0.1677101701184421
33282614,44.9355702004,-123.0334516618,1317.072021484375,2.25,Y,0,gray,0,-0.2716843043984385,0.5220205316747579,-0.7838879526530346,-0.1677101701184421
33283200,47.672126256,-122.3126531393,3940.326036328685,3.25,Y,0.025457665903890158,gray,0,0.377307576242706,0.676095336888795,-0.6635165828471551,-0.1677101701184421
33285952,45.6512184143,-122.6702346802,1997.467081205947,2.25,Y,0,gray,0,-0.10335486817575001,0.5220205316747579,-0.7838879526530346,-0.1677101701184421
33287875,48.485106174,-123.3253570784,2121.60400390625,3.5,Y,0.026037195994277538,gray,0,-0.07264344851742327,0.7146140381923043,-0.6607763932678349,-0.1677101701184421
33296551,44.9372614982,-123.0319997436,1327.15812908005,2.25,Y,0,gray,0,-0.2691890058494512,0.5220205316747579,-0.7838879526530346,-0.1677101701184421
33296715,44.9372330045,-123.0319761478,1327.361711431287,2.25,Y,0,gray,0,-0.2691386396659833,0.5220205316747579,-0.7838879526530346,-0.1677101701184421
33296956,44.9372375478,-123.0319936904,1327.0884735317964,2.25,Y,0,gray,0,-0.2692062386012177,0.5220205316747579,-0.7838879526530346,-0.1677101701184421
33344747,47.3048779,-122.5208211,2109.779541015625,2.75,Y,0.3140495867768595,gray,0,-0.07556881539593868,0.5990579342817764,0.7010313282431946,-0.1677101701184421
33349739,49.2276283333,-123.0146722167,6261.391515099644,2,Y,0.20241171403962102,gray,0,0.9515381469898568,0.48350183037124855,0.1731744652327326,-0.1677101701184421
33390266,49.1382945,-123.1287471667,5060.54833984375,2,Y,0.00970873786407766,gray,0,0.6544500776476054,0.48350183037124855,-0.7379821700806167,-0.1677101701184421
33409203,37.5836844905,-122.381937924,2043.0989990234375,7,Y,0.02765896777872826,gray,0,-0.09206555193185854,1.2538758564414345,-0.6531081768671699,-0.1677101701184421
33411104,37.1527661009,-122.2876424354,2.9347941314341197,5.75,Y,0,gray,0,-0.5968012720173528,1.061282349923888,-0.7838879526530346,-0.1677101701184421
33438146,44.615196228,-122.8415527344,14.874024691987628,2.25,Y,0.11308330947609505,gray,0,-0.5938475116681624,0.5220205316747579,-0.2491966374629908,-0.1677101701184421
33451446,44.93721779,-123.0316303,1333.8378342455328,2.25,Y,0,gray,0,-0.2675364497519692,0.5220205316747579,-0.7838879526530346,-0.1677101701184421
33458571,38.1052475,-122.5830343,1084.145263671875,5.25,Y,0.023529411764705875,melanic,1,-0.3293102810476539,0.9842449473168694,-0.6726339384187041,-0.1677101701184421
33461450,44.9366033333,-123.0323778333,1318.2791261353916,2.25,Y,0,gray,0,-0.27138566724276814,0.5220205316747579,-0.7838879526530346,-0.1677101701184421
33468301,44.9359712268,-123.0337488049,1317.072021484375,2.25,Y,0,gray,0,-0.2716843043984385,0.5220205316747579,-0.7838879526530346,-0.1677101701184421
33468663,44.9376144409,-123.0309524536,1353.7228083887594,2.25,Y,0,gray,0,-0.2626169159619946,0.5220205316747579,-0.7838879526530346,-0.1677101701184421
33488790,38.0848779,-122.5597358,653.4212552318178,5.25,Y,0.009523809523809521,gray,0,-0.4358712098379966,0.9842449473168694,-0.738856565939139,-0.1677101701184421
33507187,44.9373021584,-123.0318721224,1329.7786121916752,2.25,Y,0,gray,0,-0.2685406994890384,0.5220205316747579,-0.7838879526530346,-0.1677101701184421
33507213,44.9373260264,-123.0319688938,1328.1848061470946,2.25,Y,0,gray,0,-0.2689350063980897,0.5220205316747579,-0.7838879526530346,-0.1677101701184421
33507548,44.9375521147,-123.0324257433,1322.3472572888013,2.25,Y,0,gray,0,-0.2703792133984183,0.5220205316747579,-0.7838879526530346,-0.1677101701184421
33510318,48.4651966667,-123.3152466667,2121.60400390625,3.5,Y,0.10583524027459956,gray,0,-0.07264344851742327,0.7146140381923043,-0.2834676512128609,-0.1677101701184421
33514173,37.432111678,-122.0873135635,2256.837276038704,6,Y,0,melanic,1,-0.039186796927506234,1.0998010512273972,-0.7838879526530346,-0.1677101701184421
33558024,47.0779364091,-122.7114141361,535.97637939453125,2.25,Y,0.016582765768433514,gray,0,-0.4649270200683413,0.5220205316747579,-0.7054797341520851,-0.1677101701184421
33562742,37.475011,-122.171509,2118.804931640625,6.25,Y,0,gray,0,-0.07333593775538456,1.1383197525309066,-0.7838879526530346,-0.1677101701184421
33591575,37.47544,-122.1727,2118.804931640625,6.25,Y,0,gray,0,-0.07333593775538456,1.1383197525309066,-0.7838879526530346,-0.1677101701184421
33613695,37.5069591601,-122.4818378863,338.7619934082031,6.75,Y,0.030035335689045935,gray,0,-0.5137177717555552,1.2153571551379252,-0.6418720069210492,-0.1677101701184421
33621151,49.2834861978,-123.1399817569,8927.225143152267,2.5,Y,0.0021026072329688728,melanic,1,1.6110642050673698,0.5605392329782671,-0.7739462041144327,-0.1677101701184421
33681266,44.9376244331,-123.0315020868,1340.3159984087206,2.25,Y,0,gray,0,-0.2659337548091317,0.5220205316747579,-0.7838879526530346,-0.1677101701184421
33687547,37.531907,-122.2826235001,2352.2392578125,6.25,Y,0.003182870370370365,gray,0,-0.015584388919015072,1.1383197525309066,-0.7688384006696579,-0.1677101701184421
33710818,37.424106,-122.1660756,2500.976003739311,6,Y,0,gray,0,0.021213016102859743,1.0998010512273972,-0.7838879526530346,-0.1677101701184421
33727481,44.9372833333,-123.0321888333,1324.1894968624583,2.25,Y,0,gray,0,-0.26992344414437974,0.5220205316747579,-0.7838879526530346,-0.1677101701184421
33733143,44.9349651122,-123.0323687372,1317.072021484375,2.25,Y,0,gray,0,-0.2716843043984385,0.5220205316747579,-0.7838879526530346,-0.1677101701184421
33735423,44.5906768,-123.2674042,736.4728123526735,2.5,Y,0.044793152639087,gray,0,-0.4153242914149103,0.5605392329782671,-0.5720926858973798,-0.1677101701184421
33737057,50.9099989804,-114.0589247518,1592.1434326171875,-12.25,Y,0,melanic,1,-0.203631759196371,-1.7120641439287816,-0.7838879526530346,-0.1677101701184421
33739008,45.481955,-122.627175,2405.4765332781612,3.25,Y,0.011774842044801835,gray,0,-0.0024135105636756537,0.676095336888795,-0.7282130187635111,-0.1677101701184421
33754167,37.3995094299,-122.1012954712,3041.7460776577345,6,Y,0,melanic,1,0.15499929271991755,1.0998010512273972,-0.7838879526530346,-0.1677101701184421
33776709,44.9352491275,-123.0310944748,1328.2334483834534,2.25,Y,0,gray,0,-0.2689229723303729,0.5220205316747579,-0.7838879526530346,-0.1677101701184421
33785573,48.456405,-123.3136666667,2146.535782109285,3.75,Y,0.1375858123569794,gray,0,-0.06647533763980558,0.7531327394958136,-0.133341560780809,-0.1677101701184421
33802709,49.0384028333,-122.7849716667,829.0184581503445,1.5,Y,0.01086645696311123,melanic,1,-0.3924285396609787,0.40646442776423,-0.7325081319528791,-0.1677101701184421
33821159,48.4611631922,-123.309761179,2121.60400390625,3.5,Y,0.14224629418472065,gray,0,-0.07264344851742327,0.7146140381923043,-0.1113054250377085,-0.1677101701184421
33866875,47.610802306,-122.329727076,5929.86572265625,3.25,Y,0,gray,0,0.8695188128722444,0.676095336888795,-0.7838879526530346,-0.1677101701184421
33869351,48.4617919922,-123.3132858276,2121.60400390625,3.5,Y,0.12657142857142858,gray,0,-0.07264344851742327,0.7146140381923043,-0.18542082322536105,-0.1677101701184421
33913700,37.4219447,-122.1672947,2203.2086355152073,6,Y,0,melanic,1,-0.05245449882470042,1.0998010512273972,-0.7838879526530346,-0.1677101701184421
33980498,49.231125,-122.8091216667,2352.1700970417755,1.5,Y,0.05871029836381135,melanic,1,-0.015601499263040115,0.40646442776423,-0.5062883069335912,-0.1677101701184421
33988168,48.4559183793,-123.3354746017,3885.002634152705,3.5,Y,0.01854493580599144,gray,0,0.36362059106380923,0.7146140381923043,-0.6962020141873175,-0.1677101701184421
33993150,37.7678066667,-122.475515,6888.411132812501,7.5,Y,0.14427570093457945,gray,0,1.1066625225156903,1.3309132590484531,-0.10170979002167693,-0.1677101701184421
34019994,47.8361943528,-122.186363062,1272.193507721268,2.25,Y,0.02336848104873183,gray,0,-0.28278722881318563,0.5220205316747579,-0.6733948664157472,-0.1677101701184421
34024568,37.7697798377,-122.4711115101,6888.4111328125,7.5,Y,0.13333333333333336,gray,0,1.1066625225156899,1.3309132590484531,-0.15344853865849506,-0.1677101701184421
34033103,44.8504353029,-123.238107995,858.4923095703126,2.25,Y,0,gray,0,-0.3851367218825475,0.5220205316747579,-0.7838879526530346,-0.1677101701184421
34035971,37.3213028815,-122.0461173357,1915.4267303800675,5.5,Y,0,gray,0,-0.12365161460962776,1.0227636486203786,-0.7838879526530346,-0.1677101701184421
34042669,44.9366873213,-123.0326470539,1317.072021484375,2.25,Y,0,gray,0,-0.2716843043984385,0.5220205316747579,-0.7838879526530346,-0.1677101701184421
34051988,37.77042,-122.4615033333,6888.411132812499,7.5,Y,0.09870875179340029,gray,0,1.1066625225156899,1.3309132590484531,-0.3171637953773067,-0.1677101701184421
34087187,47.14621197,-122.44306837,1896.089599609375,2,Y,0,gray,0,-0.12843561219204272,0.48350183037124855,-0.7838879526530346,-0.1677101701184421
34094924,36.9741171,-122.0307963,1160.9109666451411,5.5,Y,0.009431266076021719,melanic,1,-0.31031848015477836,1.0227636486203786,-0.7392941387165818,-0.1677101701184421
34095968,45.519342972,-122.6401105431,3333.4379046960944,3,Y,0.010571428571428572,gray,0,0.22716372145081645,0.6375766355852857,-0.7339031134006104,-0.1677101701184421
34121489,44.85117905,-123.23805571,858.4923095703125,2.25,Y,0,gray,0,-0.3851367218825475,0.5220205316747579,-0.7838879526530346,-0.1677101701184421
34135235,47.8361769486,-122.1863952763,1272.6246258263652,2.25,Y,0.02278553118769581,gray,0,-0.28268057038505695,0.5220205316747579,-0.6761512256815952,-0.1677101701184421
34138885,44.85184167,-123.23963,858.4923095703125,2.25,Y,0,gray,0,-0.3851367218825475,0.5220205316747579,-0.7838879526530346,-0.1677101701184421
34139243,44.8520742132,-123.2372030786,858.4923095703125,2.25,Y,0,gray,0,-0.3851367218825475,0.5220205316747579,-0.7838879526530346,-0.1677101701184421
34140374,36.9732802688,-122.0461448283,885.46124267578125,5.25,Y,0.02630074328187535,melanic,1,-0.3784646197849387,0.9842449473168694,-0.6595302637861873,-0.1677101701184421
34148214,44.8536647066,-123.2386869563,858.4923095703125,2.25,Y,0,gray,0,-0.3851367218825475,0.5220205316747579,-0.7838879526530346,-0.1677101701184421
34148574,48.4609146118,-123.3114547729,2121.60400390625,3.5,Y,0.13443935926773457,gray,0,-0.07264344851742327,0.7146140381923043,-0.14821892109389512,-0.1677101701184421
34152896,47.6796223402,-122.3446610976,3687.5747144614065,3.25,Y,0.017118997912317323,gray,0,0.3147770112326242,0.676095336888795,-0.7029442700629215,-0.1677101701184421
34170905,48.4613418579,-123.3120803833,2121.60400390625,3.5,Y,0.13344788087056128,gray,0,-0.07264344851742327,0.7146140381923043,-0.1529069240416614,-0.1677101701184421
34176905,44.936096203300004,-123.0285069743,1409.4000613057651,2.25,Y,0,gray,0,-0.24884238826659538,0.5220205316747579,-0.7838879526530346,-0.1677101701184421
34176954,44.9356830167,-123.0327513256,1317.072021484375,2.25,Y,0,gray,0,-0.2716843043984385,0.5220205316747579,-0.7838879526530346,-0.1677101701184421
34182663,48.4811133333,-123.5481116667,86.83695983886719,1.5,Y,0.8539156626506023,gray,0,-0.5760439134069387,0.40646442776423,3.253677722063499,-0.1677101701184421
34186958,37.2637783979,-121.820603972,3250.4855682968755,5.5,Y,0,melanic,1,0.20664135019028831,1.0227636486203786,-0.7838879526530346,-0.1677101701184421
34187408,47.8364032034,-122.1869531479,1277.507232164863,2.25,Y,0.02086310374392683,gray,0,-0.2814726157408934,0.5220205316747579,-0.6852410309148207,-0.1677101701184421
34194395,48.0577729107,-122.1594796938,543.4943525572523,2.25,Y,0.0051443269505573,gray,0,-0.4630670768398646,0.5220205316747579,-0.7595640541422422,-0.1677101701184421
34194396,48.05781109,-122.1594363152,543.6651670019589,2.25,Y,0.005132591958939261,gray,0,-0.4630248174219495,0.5220205316747579,-0.7596195406515339,-0.1677101701184421
34209640,44.8525230121,-123.2382241265,858.4923095703126,2.25,Y,0,gray,0,-0.3851367218825475,0.5220205316747579,-0.7838879526530346,-0.1677101701184421
34209898,44.8527831445,-123.2379342803,858.4923095703125,2.25,Y,0,gray,0,-0.3851367218825475,0.5220205316747579,-0.7838879526530346,-0.1677101701184421
34222354,44.93562,-123.03278333,1317.072021484375,2.25,Y,0,gray,0,-0.2716843043984385,0.5220205316747579,-0.7838879526530346,-0.1677101701184421
34235357,37.76895333,-122.45500833,6888.4111328125,7.25,Y,0.08904109589041095,gray,0,1.1066625225156899,1.2923945577449438,-0.36287533029366753,-0.1677101701184421
34270713,37.52367,-122.264405,2348.8077219004267,6.25,Y,0,gray,0,-0.01643334938279854,1.1383197525309066,-0.7838879526530346,-0.1677101701184421
34274317,44.9362764748,-123.0291399553,1390.6774073596494,2.25,Y,0,gray,0,-0.2534743645549474,0.5220205316747579,-0.7838879526530346,-0.1677101701184421
34317473,45.631689193,-122.6534985378,1611.7776900334034,2.25,Y,0,gray,0,-0.1987742526135407,0.5220205316747579,-0.7838879526530346,-0.1677101701184421
34329496,44.9357633992,-123.0326708594,1317.072021484375,2.25,Y,0,gray,0,-0.2716843043984385,0.5220205316747579,-0.7838879526530346,-0.1677101701184421
34329775,44.9386600758,-123.0323783596,1324.5177131781402,2.25,Y,0,gray,0,-0.2698422435733462,0.5220205316747579,-0.7838879526530346,-0.1677101701184421
34368211,47.5737812,-122.3956891067,3277.76318359375,3.25,Y,0.07409518381305213,gray,0,0.21338982012524232,0.676095336888795,-0.43354402068114756,-0.1677101701184421
34368389,49.2950781001,-123.1466313373,3258.915231937312,2.5,Y,0.4626746506986028,melanic,1,0.2087268452388888,0.5605392329782671,1.4037745647711304,-0.1677101701184421
34368482,49.2998588889,-123.1243597768,3086.430771909312,2.5,Y,0.30481667864845435,gray,0,0.1660542662734135,0.5605392329782671,0.6573754093186659,-0.1677101701184421
34380903,48.4294242859,-123.3403015137,4161.07080078125,3.5,Y,0.008849557522123892,gray,0,0.4319197331337569,0.7146140381923043,-0.7420446287153439,-0.1677101701184421
34383398,37.7697525024,-122.4709396362,6888.4111328125,7.5,Y,0.13333333333333336,gray,0,1.1066625225156899,1.3309132590484531,-0.15344853865849506,-0.1677101701184421
34383413,37.34978963,-121.88938823,3881.9445207449767,6.25,Y,0,melanic,1,0.3628640151620991,1.1383197525309066,-0.7838879526530346,-0.1677101701184421
34434083,47.0776566667,-122.7111116667,535.97637939453125,2.25,Y,0.016597510373443983,gray,0,-0.4649270200683413,0.5220205316747579,-0.7054100173010173,-0.1677101701184421
34439413,44.93473333,-123.03257783,1317.072021484375,2.25,Y,0,gray,0,-0.2716843043984385,0.5220205316747579,-0.7838879526530346,-0.1677101701184421
34439715,47.5720533333,-122.1855466667,1551.2145655814682,2.25,Y,0.05368153790351832,gray,0,-0.2137575427612536,0.5220205316747579,-0.5300657729163865,-0.1677101701184421
34475912,44.934795,-123.03243883,1317.072021484375,2.25,Y,0,gray,0,-0.2716843043984385,0.5220205316747579,-0.7838879526530346,-0.1677101701184421
34479007,37.3060622219,-122.0054553309,2983.94189453125,6,Y,0,gray,0,0.1406985634333529,1.0998010512273972,-0.7838879526530346,-0.1677101701184421
34507318,48.4601304,-123.3250276,2813.614590462437,3.5,Y,0.05821917808219178,gray,0,0.09855966389612461,0.7146140381923043,-0.5086104688026792,-0.1677101701184421
34516603,44.9355903018,-123.0297469411,1363.4355337048482,2.25,Y,0,gray,0,-0.2602139920234932,0.5220205316747579,-0.7838879526530346,-0.1677101701184421
34554981,48.46760833,-123.35356167,4161.07080078125,3.5,Y,0.06678082191780822,gray,0,0.4319197331337569,0.7146140381923043,-0.46812848588350925,-0.1677101701184421
34578379,44.9275001299,-123.0353003465,1317.072021484375,2.25,Y,0,gray,0,-0.2716843043984385,0.5220205316747579,-0.7838879526530346,-0.1677101701184421
34591030,37.770656004,-122.4636655697,6888.411132812499,7.5,Y,0.11454125793421814,gray,0,1.1066625225156899,1.3309132590484531,-0.24230302617619054,-0.1677101701184421
34607924,48.4733707211,-123.4735857228,354.8625727820249,2.5,Y,0.9592948717948718,gray,0,-0.5097344955542802,0.5605392329782671,3.7519417735144085,-0.1677101701184421
34638786,37.3285266497,-121.8918591858,3723.1972343801062,6.25,Y,0,melanic,1,0.32359000687253964,1.1383197525309066,-0.7838879526530346,-0.1677101701184421
34639357,37.326885597,-121.8911502663,3728.563091817678,6.25,Y,0,melanic,1,0.3249175176244363,1.1383197525309066,-0.7838879526530346,-0.1677101701184421
34669808,49.0292359245,-122.6601403686,363.8341631334659,1,Y,0.28094415659182503,melanic,1,-0.50751492807756,0.3294270251572114,0.5444990681990176,-0.1677101701184421
34671662,37.7730486111,-122.4627583333,6888.4111328125,7.5,Y,0.09905795032829003,gray,0,1.1066625225156899,1.3309132590484531,-0.31551268147952943,-0.1677101701184421
34696778,48.4463446,-123.4049493,3393.4079589843745,3,Y,0.06491885143570537,gray,0,0.24200028630289097,0.6375766355852857,-0.47693243273059965,-0.1677101701184421
34707515,36.964795,-122.00952778,2321.5029296875,5.5,Y,0,melanic,1,-0.023188542874739006,1.0227636486203786,-0.7838879526530346,-0.1677101701184421
34717655,37.4100416667,-122.0229416667,547.9811626368665,6.5,Y,0,melanic,1,-0.46195704201473115,1.1768384538344159,-0.7838879526530346,-0.1677101701184421
34726237,37.4278259277,-122.0970687866,2610.3207114653364,6,Y,0.002185451139556665,melanic,1,0.04826484833248891,1.0998010512273972,-0.773554493635016,-0.1677101701184421
34738136,48.4135094615,-123.3630430813,4161.07080078125,3.5,Y,0.04099142040038132,melanic,1,0.4319197331337569,0.7146140381923043,-0.590068399732883,-0.1677101701184421
34741326,44.9365257234,-123.030337479,1357.9488219604966,2.25,Y,0,gray,0,-0.2615714020773244,0.5220205316747579,-0.7838879526530346,-0.1677101701184421
34783032,37.4183959961,-122.0785217285,3358.425048828125,6.25,Y,0,melanic,1,0.2333455298347294,1.1383197525309066,-0.7838879526530346,-0.1677101701184421
34783929,37.75062167,-122.42877167,6411.120627786195,7.25,Y,0,gray,0,0.9885810631082724,1.2923945577449438,-0.7838879526530346,-0.1677101701184421
34789986,44.9368185292,-123.0325106712,1317.929595587094,2.25,Y,0,gray,0,-0.27147214094550437,0.5220205316747579,-0.7838879526530346,-0.1677101701184421
34800446,33.5540033333,-101.8649533333,1971.9713182677272,-0.75,Y,0,gray,0,-0.10966250862689331,0.05979611603264629,-0.7838879526530346,-0.1677101701184421
34808279,44.9371722222,-123.0302111111,1369.1838927746646,2.25,Y,0,gray,0,-0.2587918505373047,0.5220205316747579,-0.7838879526530346,-0.1677101701184421
34808298,44.9372,-123.0302972222,1367.0169601557036,2.25,Y,0,gray,0,-0.25932794870684683,0.5220205316747579,-0.7838879526530346,-0.1677101701184421
34808517,49.27944553,-122.81097618,1773.3361779038237,1.5,Y,0.0702656383890317,gray,0,-0.1588047543174382,0.40646442776423,-0.4516512434785344,-0.1677101701184421
34815340,44.936025255,-123.0282602241,1417.0113087972684,2.25,Y,0,gray,0,-0.24695936901051732,0.5220205316747579,-0.7838879526530346,-0.1677101701184421
34816053,48.4656689,-123.3744914,4159.154352171321,3.5,Y,0.043995243757431635,gray,0,0.4314456045970343,0.7146140381923043,-0.5758654349556687,-0.1677101701184421
34816830,44.93518833,-123.03179167,1318.2127196218316,2.25,Y,0,gray,0,-0.2714020961847914,0.5220205316747579,-0.7838879526530346,-0.1677101701184421
34816908,44.9302833333,-123.0351638333,1317.072021484375,2.25,Y,0,gray,0,-0.2716843043984385,0.5220205316747579,-0.7838879526530346,-0.1677101701184421
34843925,44.93629079,-123.02888389,1399.329314335098,2.25,Y,0,gray,0,-0.2513338866037636,0.5220205316747579,-0.7838879526530346,-0.1677101701184421
34860803,49.1758359781,-123.135176003,3122.407762784893,2.5,Y,0.007819548872180442,melanic,1,0.17495495787095905,0.5605392329782671,-0.7469148140879412,-0.1677101701184421
34862760,48.46266167,-123.311805,2121.60400390625,3.5,Y,0.13979416809605488,gray,0,-0.07264344851742327,0.7146140381923043,-0.12289980204555227,-0.1677101701184421
34887970,37.3500615976,-122.1627277861,73.676300048828125,5.25,Y,0.7592116538131962,gray,0,-0.5792998548061641,0.9842449473168694,2.805889173305589,-0.1677101701184421
34918407,45.5133167101,-122.6860981103,3786.1731105345702,2.25,Y,0.016309012875536478,gray,0,0.3391702107221219,0.5220205316747579,-0.7067741187524149,-0.1677101701184421
34950225,49.2121785401,-122.9643060989,3863.3472615360497,2,Y,0.1332570774949957,melanic,1,0.35826306147615244,0.48350183037124855,-0.15380909880375943,-0.1677101701184421
34971563,47.7778503551,-122.2382089917,1435.15234375,3.25,Y,0.07179633867276888,gray,0,-0.24247128500335388,0.676095336888795,-0.4444136400544303,-0.1677101701184421
34985706,44.9359629471,-123.0280922176,1422.076885627161,2.25,Y,0,gray,0,-0.24570614754787554,0.5220205316747579,-0.7838879526530346,-0.1677101701184421
34989211,37.4196603475,-122.1130136677,2305.613037586957,6,Y,0,gray,0,-0.027119695137981913,1.0998010512273972,-0.7838879526530346,-0.1677101701184421
35014704,44.9372398,-123.02872797,1418.5021124540654,2.25,Y,0,gray,0,-0.24659054484655288,0.5220205316747579,-0.7838879526530346,-0.1677101701184421
35015255,44.9352790752,-123.0307238742,1335.774140643755,2.25,Y,0,gray,0,-0.2670574084072239,0.5220205316747579,-0.7838879526530346,-0.1677101701184421
35015519,48.4141514264,-123.3631651336,4161.07080078125,3.5,Y,0.040087010565568675,gray,0,0.4319197331337569,0.7146140381923043,-0.5943447167799094,-0.1677101701184421
35030609,47.662972651,-117.4162007868,1905.8608898768664,-2,Y,0,gray,0,-0.12601819931052038,-0.13279739048490022,-0.7838879526530346,-0.1677101701184421
35031065,45.5135569155,-122.6868516192,3797.0002988999463,2.25,Y,0.01884637350085665,gray,0,0.3418488523250848,0.5220205316747579,-0.6947767276595174,-0.1677101701184421
35033311,45.5237386516,-122.658206653,3347.1201171875,3,Y,0,gray,0,0.2305486947572067,0.6375766355852857,-0.7838879526530346,-0.1677101701184421
35035089,44.9276220147,-123.0144175888,1885.638322248739,2.25,Y,0,gray,0,-0.13102125357903735,0.5220205316747579,-0.7838879526530346,-0.1677101701184421
35062469,44.8503909493,-123.2380807959,858.4923095703125,2.25,Y,0,gray,0,-0.3851367218825475,0.5220205316747579,-0.7838879526530346,-0.1677101701184421
35074231,48.4650001526,-123.3730545044,4161.07080078125,3.5,Y,0.030509478672985774,gray,0,0.4319197331337569,0.7146140381923043,-0.6396301187339641,-0.1677101701184421
35093914,47.7192912,-122.2953165,1774.1524662438487,3.25,Y,0.003427592116538129,gray,0,-0.1586028049438966,0.676095336888795,-0.7676812839128151,-0.1677101701184421
35135561,48.5724366,-123.4517571,307.8199317698941,2.5,Y,0.12319259687680742,gray,0,-0.5213728240912903,0.5605392329782671,-0.20139693827693464,-0.1677101701184421
35146898,49.2616704028,-123.2529171786,1884.2208251953125,3,Y,0.13146997929606624,melanic,1,-0.1313719417218176,0.6375766355852857,-0.16225902736338788,-0.1677101701184421
35147836,49.2641710327,-123.2547231417,1884.2208251953125,3,Y,0.14502470007057164,melanic,1,-0.1313719417218176,0.6375766355852857,-0.09816830069884694,-0.1677101701184421
35178125,44.93704667,-123.0318305,1328.5669608124258,2.25,Y,0,gray,0,-0.26884046150325847,0.5220205316747579,-0.7838879526530346,-0.1677101701184421
35181492,37.5480835901,-122.3375972964,1585.7706145531822,6.5,Y,0.15270231627108952,gray,0,-0.2052083915609604,1.1768384538344159,-0.061866261761375885,-0.1677101701184421
35182649,44.935445,-123.032975,1317.072021484375,2.25,Y,0,gray,0,-0.2716843043984385,0.5220205316747579,-0.7838879526530346,-0.1677101701184421
35183720,44.93517167,-123.031625,1319.8106443211352,2.25,Y,0,gray,0,-0.27100677032238707,0.5220205316747579,-0.7838879526530346,-0.1677101701184421
35205964,47.4942960906,-122.1336662683,431.8605651855468,2.25,Y,0.18571428571428572,gray,0,-0.49068522635931044,0.5220205316747579,0.09422408826793104,-0.1677101701184421
35210477,37.262576641,-121.954313839,2039.517865547786,6,Y,0,gray,0,-0.09295152276656933,1.0998010512273972,-0.7838879526530346,-0.1677101701184421
35260516,49.2671565499,-123.2539268958,1884.2208251953125,3,Y,0.13955928646379853,gray,0,-0.1313719417218176,0.6375766355852857,-0.12401039183503558,-0.1677101701184421
35293989,44.935875,-123.0320055,1318.8992615128188,2.25,Y,0,gray,0,-0.2712322460252379,0.5220205316747579,-0.7838879526530346,-0.1677101701184421
35295754,48.4620748782,-123.312993371,2121.60400390625,3.5,Y,0.12793360045792787,gray,0,-0.07264344851742327,0.7146140381923043,-0.1789800718812277,-0.1677101701184421
35295824,45.5119426735,-122.6853473393,3783.180206522577,2.25,Y,0.023235800344234076,gray,0,0.3384297675960157,0.5220205316747579,-0.6740222200076866,-0.1677101701184421
35298897,44.936416626,-123.0323181152,1318.1213550098018,2.25,Y,0,gray,0,-0.2714246997493146,0.5220205316747579,-0.7838879526530346,-0.1677101701184421
35299039,44.9365081787,-123.0327682495,1317.072021484375,2.25,Y,0,gray,0,-0.2716843043984385,0.5220205316747579,-0.7838879526530346,-0.1677101701184421
35312450,48.7379783333,-122.4728466667,2212.664178265494,1.5,Y,0.1956583833190517,gray,0,-0.0501152017389947,0.40646442776423,0.14124272126782975,-0.1677101701184421
35312877,48.7258283333,-122.48541,2256.623046875,1.5,Y,0.10574449842812234,melanic,1,-0.03923979712765986,0.40646442776423,-0.28389670548674506,-0.1677101701184421
35331993,49.1003364814,-121.9718323441,1139.470358187272,1.5,Y,0.15908423833284416,gray,0,-0.31562287718473536,0.40646442776423,-0.03169064772559024,-0.1677101701184421
35347218,37.4196826683,-122.1126589083,2351.0140288248617,6,Y,0,melanic,1,-0.015887510027532886,1.0998010512273972,-0.7838879526530346,-0.1677101701184421
35359704,49.2957775999,-123.1463223,3007.9302555554113,2.5,Y,0.49310872894333846,gray,0,0.14663327331904163,0.5605392329782671,1.5476758831766937,-0.1677101701184421
35382487,48.6402337791,-123.5473579651,84.95325539822257,1.5,Y,0.2439699485962831,gray,0,-0.5765099410506926,0.40646442776423,0.369674083036855,-0.1677101701184421
35383623,37.473245,-122.1986833333,1411.1219482421875,6.25,Y,0,gray,0,-0.24841639420166817,1.1383197525309066,-0.7838879526530346,-0.1677101701184421
35390254,44.92767167,-123.01435833,1889.5749175713008,2.25,Y,0,gray,0,-0.13004734164094237,0.5220205316747579,-0.7838879526530346,-0.1677101701184421
35391635,44.9293064665,-123.0338683016,1317.072021484375,2.25,Y,0,gray,0,-0.2716843043984385,0.5220205316747579,-0.7838879526530346,-0.1677101701184421
35470582,48.46344667,-123.30787,2121.60400390625,3.5,Y,0.16528452959679726,gray,0,-0.07264344851742327,0.7146140381923043,-0.0023738377927748095,-0.1677101701184421
35470681,49.304345,-123.0022366667,1431.4222412109375,2,Y,0.18804243008678886,melanic,1,-0.24339411071832917,0.48350183037124855,0.10523224307214778,-0.1677101701184421
35492269,37.281871198,-121.9442403463,2627.598876953125,6,Y,0,melanic,1,0.05253945881645088,1.0998010512273972,-0.7838879526530346,-0.1677101701184421
35494270,37.2818089136,-121.9444315887,2627.598876953125,6,Y,0,melanic,1,0.05253945881645088,1.0998010512273972,-0.7838879526530346,-0.1677101701184421
35498964,47.55249043,-122.2795003654,2643.9894262627554,3.25,Y,0,gray,0,0.05659447345132975,0.676095336888795,-0.7838879526530346,-0.1677101701184421
35500188,45.6518108944,-122.6576599309,2149.703857421875,2.25,Y,0,gray,0,-0.06569155721156798,0.5220205316747579,-0.7838879526530346,-0.1677101701184421
35501248,44.9502091064,-123.0212607422,1682.4024198108796,2.25,Y,0,gray,0,-0.1813017257676122,0.5220205316747579,-0.7838879526530346,-0.1677101701184421
35506584,49.2982104548,-123.1319699608,3150.63239212981,2.5,Y,0.3659692064745361,melanic,1,0.1819377186616803,0.5605392329782671,0.946522637870864,-0.1677101701184421
35537287,49.27925226,-122.81107764,1788.2596992142412,1.5,Y,0.0716324200913242,gray,0,-0.15511268175937493,0.40646442776423,-0.44518869556264634,-0.1677101701184421
35537590,49.27922477,-122.81116902,1789.1187191562717,1.5,Y,0.07379862700228833,melanic,1,-0.15490016060643588,0.40646442776423,-0.43494622894610274,-0.1677101701184421
35549075,44.9370682692,-123.0316228719,1332.7140470885497,2.25,Y,0,gray,0,-0.2678144741965422,0.5220205316747579,-0.7838879526530346,-0.1677101701184421
35572444,37.4395616667,-122.1561666667,3112.059326171875,6,Y,0,melanic,1,0.17239475923934588,1.0998010512273972,-0.7838879526530346,-0.1677101701184421
35584992,44.8519101212,-123.2393732657,858.4923095703125,2.25,Y,0,gray,0,-0.3851367218825475,0.5220205316747579,-0.7838879526530346,-0.1677101701184421
35615025,49.26538,-123.25045,1884.2208251953125,3,Y,0.12094653812445222,melanic,1,-0.1313719417218176,0.6375766355852857,-0.21201696800417552,-0.1677101701184421
35624467,45.4790386974,-122.6423033782,2407.1507614177144,3.25,Y,0.006307339449541284,gray,0,-0.001999307263971401,0.676095336888795,-0.7540649872547837,-0.1677101701184421
35626765,45.477475,-122.6360266667,2333.6498429377716,3.25,Y,0.011497556769186545,gray,0,-0.020183401920157648,0.676095336888795,-0.7295241055135228,-0.1677101701184421
35651759,47.6818519459,-122.1321809572,1323.6763916015625,2.25,Y,0.0074370709382151,gray,0,-0.2700503861585161,0.5220205316747579,-0.7487232828221034,-0.1677101701184421
35655969,45.605477611,-122.4342006178,997.3294067376632,2.25,Y,0.07202057730780223,gray,0,-0.3507884855762194,0.5220205316747579,-0.44335337350194015,-0.1677101701184421
35659554,44.9353523254,-123.0335617065,1317.072021484375,2.25,Y,0,gray,0,-0.2716843043984385,0.5220205316747579,-0.7838879526530346,-0.1677101701184421
35676636,49.2273770726,-123.0207626664,6566.263067013307,2,Y,0.202411714039621,gray,0,1.0269632338136259,0.48350183037124855,0.17317446523273247,-0.1677101701184421
35681646,37.4322337014,-122.0968744713,1903.105198928709,6,Y,0.002577319587628861,gray,0,-0.1266999560297669,1.0998010512273972,-0.7717016237742742,-0.1677101701184421
35686502,48.8297555556,-122.5924055556,394.65441071962374,1.5,Y,0.013387297633872971,melanic,1,-0.499890012484339,0.40646442776423,-0.7205888520885143,-0.1677101701184421
35693184,37.4322598554,-122.0968006422,1901.4386342829368,6,Y,0.0025706940874035953,gray,0,-0.12711226338450618,1.0998010512273972,-0.77173295109787,-0.1677101701184421
35694219,37.4336300826,-122.0989991472,1612.5946931183032,6,Y,0.00259163272861903,gray,0,-0.19857212641243385,1.0998010512273972,-0.7716339470126372,-0.1677101701184421
35710126,47.0754486814,-122.9711662978,348.4094543457031,2.25,Y,0.5477142857142857,gray,0,-0.5113309941953914,0.5220205316747579,1.8058670972631052,-0.1677101701184421
35717683,44.9379167176,-123.0310069603,1355.6399681148405,2.25,Y,0,gray,0,-0.26214261149545115,0.5220205316747579,-0.7838879526530346,-0.1677101701184421
35721671,44.9376831343,-123.0324027443,1323.4834248246275,2.25,Y,0,gray,0,-0.2700981260536066,0.5220205316747579,-0.7838879526530346,-0.1677101701184421
35739789,37.269549457,-121.9637645724,2522.676049815327,6,Y,0,melanic,1,0.026581597884562998,1.0998010512273972,-0.7838879526530346,-0.1677101701184421
35758486,49.8725984184,-119.3975310701,501.7681265613757,-5,Y,0.04196403083071653,melanic,1,-0.47339012665809904,-0.5950218061270118,-0.5854696101097917,-0.1677101701184421
35763793,37.418785575,-122.0810414995,3358.425048828125,6.25,Y,0,melanic,1,0.2333455298347294,1.1383197525309066,-0.7838879526530346,-0.1677101701184421
35763796,37.4187760064,-122.0827777558,3358.4250488281245,6.25,Y,0,gray,0,0.23334552983472928,1.1383197525309066,-0.7838879526530346,-0.1677101701184421
35777647,37.1939999365,-121.8350173782,253.87966578938276,5,Y,0.3833190516995144,gray,0,-0.5347176219884369,0.9457262460133601,1.0285578347948485,-0.1677101701184421
35781383,37.4187616667,-122.082105,3358.425048828125,6.25,Y,0,gray,0,0.2333455298347294,1.1383197525309066,-0.7838879526530346,-0.1677101701184421
35781393,37.4185883333,-122.0803683333,3358.4250488281255,6.25,Y,0,melanic,1,0.2333455298347295,1.1383197525309066,-0.7838879526530346,-0.1677101701184421
35781612,44.93598833,-123.031975,1319.7289753706266,2.25,Y,0,gray,0,-0.27102697518454705,0.5220205316747579,-0.7838879526530346,-0.1677101701184421
35782512,37.4207233545,-122.0755316095,3329.1291688260135,6.25,Y,0,melanic,1,0.22609774210619865,1.1383197525309066,-0.7838879526530346,-0.1677101701184421
35819781,44.8501682834,-123.2378572982,858.4923095703125,2.25,Y,0,gray,0,-0.3851367218825475,0.5220205316747579,-0.7838879526530346,-0.1677101701184421
35854819,44.936180776,-123.0318909233,1321.7832533781857,2.25,Y,0,gray,0,-0.270518747715937,0.5220205316747579,-0.7838879526530346,-0.1677101701184421
35861051,44.92741667,-123.01415278,1894.4213768455415,2.25,Y,0,gray,0,-0.12884832976445548,0.5220205316747579,-0.7838879526530346,-0.1677101701184421
35866197,44.9355088,-123.0299071,1358.0463963449629,2.25,Y,0,gray,0,-0.26154726221785257,0.5220205316747579,-0.7838879526530346,-0.1677101701184421
35870615,48.4122892941,-123.3627533913,4161.07080078125,3.5,Y,0.04483837330552659,gray,0,0.4319197331337569,0.7146140381923043,-0.5718788692190002,-0.1677101701184421
35891087,37.3656020196,-121.9178609733,1844.4635009765625,6.25,Y,0,melanic,1,-0.14120788611301208,1.1383197525309066,-0.7838879526530346,-0.1677101701184421
35895377,44.9378,-123.03080833,1359.699109234513,2.25,Y,0,gray,0,-0.2611383817814635,0.5220205316747579,-0.7838879526530346,-0.1677101701184421
35899845,44.9374878971,-123.0303268046,1369.6764849326585,2.25,Y,0,gray,0,-0.25866998345573483,0.5220205316747579,-0.7838879526530346,-0.1677101701184421
35901635,48.4601262467,-123.3160658665,2171.121727897985,3.5,Y,0.1152745995423341,melanic,1,-0.06039278554822073,0.7146140381923043,-0.23883557027360225,-0.1677101701184421
35902200,44.9364167796,-123.0297568632,1373.2466965429735,2.25,Y,0,gray,0,-0.25778671468566766,0.5220205316747579,-0.7838879526530346,-0.1677101701184421
35902965,44.9360135151,-123.0337660388,1317.072021484375,2.25,Y,0,gray,0,-0.2716843043984385,0.5220205316747579,-0.7838879526530346,-0.1677101701184421
35903543,44.9356033333,-123.0285555,1400.670201335574,2.25,Y,0,gray,0,-0.2510021517541296,0.5220205316747579,-0.7838879526530346,-0.1677101701184421
35904226,51.1500579839,-114.1778677811,1386.274487216195,-12,Y,0,gray,0,-0.25456364504705514,-1.6735454426252723,-0.7838879526530346,-0.1677101701184421
35911151,49.303825,-123.15567783,2089.77685546875,2.5,Y,0.8343732274532046,melanic,1,-0.080517470935006,0.5605392329782671,3.1612753116094465,-0.1677101701184421
35922361,44.9369210771,-123.0325810486,1317.7260051519052,2.25,Y,0,gray,0,-0.2715225091289384,0.5220205316747579,-0.7838879526530346,-0.1677101701184421
35926086,37.7680046639,-122.4775400246,6888.4111328125,7.5,Y,0.16977829638273045,gray,0,1.1066625225156899,1.3309132590484531,0.018874019950864025,-0.1677101701184421
35926435,44.9350929195,-123.0321712862,1317.072021484375,2.25,Y,0,gray,0,-0.2716843043984385,0.5220205316747579,-0.7838879526530346,-0.1677101701184421
35933535,37.7698287964,-122.4707565308,6888.4111328125,7.5,Y,0.13086563684057126,gray,0,1.1066625225156899,1.3309132590484531,-0.16511653713959495,-0.1677101701184421
35938924,44.9354328517,-123.0311072726,1329.4101300398618,2.25,Y,0,gray,0,-0.268631861810085,0.5220205316747579,-0.7838879526530346,-0.1677101701184421
35958208,44.9372001384,-123.0319550374,1327.4904203275285,2.25,Y,0,gray,0,-0.2691067971420972,0.5220205316747579,-0.7838879526530346,-0.1677101701184421
35968455,37.4286,-122.1635805,2832.171767148815,6,Y,0,melanic,1,0.10315070118375737,1.0998010512273972,-0.7838879526530346,-0.1677101701184421
35990553,37.4207815868,-122.0855364371,3358.4250488281245,6,Y,0,gray,0,0.23334552983472928,1.0998010512273972,-0.7838879526530346,-0.1677101701184421
35994677,49.2614400451,-122.8099160698,3099.561767578125,1.5,Y,0.23779437105112006,gray,0,0.1693028687821947,0.40646442776423,0.34047412687197687,-0.1677101701184421
35997946,47.7300148474,-122.2590805047,1632.2752720531323,3.25,Y,0.6748566748566748,gray,0,-0.19370315990642842,0.676095336888795,2.407033897049056,-0.1677101701184421
35999652,48.4596007689,-123.3150811493,2143.068002519002,3.5,Y,0.12585812356979406,gray,0,-0.06733326477351476,0.7146140381923043,-0.18879354012958488,-0.1677101701184421
36008446,37.4452379664,-122.293245086,22.74580764770508,5.5,Y,0.9109589041095891,gray,0,-0.5919000360537074,1.0227636486203786,3.523395029946644,-0.1677101701184421
36019289,37.15590283,-121.98588667,37.04286318881615,4.5,Y,0.5844748858447488,melanic,1,-0.5883629508493198,0.8686888434063414,1.9796820812956308,-0.1677101701184421
36024337,37.3059901233,-122.005034109,2983.94189453125,6,Y,0,gray,0,0.1406985634333529,1.0998010512273972,-0.7838879526530346,-0.1677101701184421
36040152,37.7696883333,-122.439845,7315.92229293095,7.25,Y,0.03424657534246575,gray,0,1.2124285940552078,1.2923945577449438,-0.6219600209763549,-0.1677101701184421
36045918,45.5777835692,-122.6598395656,2283.895751953125,3,Y,0,gray,0,-0.03249254197864826,0.6375766355852857,-0.7838879526530346,-0.1677101701184421
36048939,37.3067578791,-122.0056629487,2983.94189453125,6,Y,0,melanic,1,0.1406985634333529,1.0998010512273972,-0.7838879526530346,-0.1677101701184421
36049075,37.3060052014,-122.0050708658,2983.94189453125,6,Y,0,gray,0,0.1406985634333529,1.0998010512273972,-0.7838879526530346,-0.1677101701184421
36068266,48.4123256121,-123.3622022381,4161.07080078125,3.5,Y,0.04378818737270875,melanic,1,0.4319197331337569,0.7146140381923043,-0.5768444587495326,-0.1677101701184421
36071006,44.9374968249,-123.0317809822,1333.1533820920229,2.25,Y,0,gray,0,-0.26770578291139707,0.5220205316747579,-0.7838879526530346,-0.1677101701184421
36087290,47.6559037384,-122.3095120117,4166.9521484375,3.25,Y,0.0015499070055796553,gray,0,0.43337477593728835,0.676095336888795,-0.776559534170457,-0.1677101701184421
36115201,45.53546167,-122.99504667,287.35577392578125,2.25,Y,0.03177784139707988,gray,0,-0.5264356476721689,0.5220205316747579,-0.6336329248401362,-0.1677101701184421
36132127,37.0414077,-122.0672093,335.1197327455821,5.25,Y,0.4417739628040057,gray,0,-0.5146188654292306,0.9842449473168694,1.3049499340584862,-0.1677101701184421
36145601,44.8519588572,-123.2371808936,858.4923095703126,2.25,Y,0,gray,0,-0.3851367218825475,0.5220205316747579,-0.7838879526530346,-0.1677101701184421
36164108,49.2888110882,-122.7731582522,1199.77803022201,1.25,Y,0.30037259959873885,melanic,1,-0.30070278585182,0.36794572646072066,0.6363624898798055,-0.1677101701184421
36168336,49.267440838,-123.1757166328,4630.29345703125,2.5,Y,3.30360092500826e-4,melanic,1,0.548005210329603,0.5605392329782671,-0.7823259124796091,-0.1677101701184421
36191277,37.4199264,-122.0818818,3358.425048828125,6.25,Y,0,gray,0,0.2333455298347294,1.1383197525309066,-0.7838879526530346,-0.1677101701184421
36208822,48.4155054112,-123.3649377347,4161.07080078125,3.5,Y,0.03851896088384592,gray,0,0.4319197331337569,0.7146140381923043,-0.6017589191983566,-0.1677101701184421
36224986,49.2926666667,-123.1462638333,4350.634972111517,2.5,Y,0.30734565119423163,gray,0,0.4788178251056514,0.5605392329782671,0.6693331390919266,-0.1677101701184421
36230545,37.2604183963,-121.9733366034,2065.8382181906195,6,Y,0,gray,0,-0.08643987918796436,1.0998010512273972,-0.7838879526530346,-0.1677101701184421
36231406,37.3961982727,-121.9735794067,1206.305908203125,6.5,Y,0,gray,0,-0.29908779173246053,1.1768384538344159,-0.7838879526530346,-0.1677101701184421
36239168,37.4347922102,-122.1386131487,3112.0593261718755,6,Y,0,melanic,1,0.172394759239346,1.0998010512273972,-0.7838879526530346,-0.1677101701184421
36260543,45.615055,-122.68173333,526.5686842361157,3,Y,0,gray,0,-0.46725447968102435,0.6375766355852857,-0.7838879526530346,-0.1677101701184421
36272405,49.3043510334,-123.1438802536,2089.77685546875,2.5,Y,0.7819572840293274,melanic,1,-0.080517470935006,0.5605392329782671,2.913437236688546,-0.1677101701184421
36272697,44.9367173601,-123.03256612,1317.2968785162234,2.25,Y,0,gray,0,-0.2716286748684163,0.5220205316747579,-0.7838879526530346,-0.1677101701184421
36279736,33.5151524668,-101.8923247192,1761.8667103079708,-1,Y,0,gray,0,-0.16164229551736162,0.02127741472913699,-0.7838879526530346,-0.1677101701184421
36280646,48.4127344811,-123.3626085165,4161.07080078125,3.5,Y,0.04265873015873016,gray,0,0.4319197331337569,0.7146140381923043,-0.5821848663303769,-0.1677101701184421
36280688,48.412056184,-123.3619282793,4161.07080078125,3.5,Y,0.044605809128630707,gray,0,0.4319197331337569,0.7146140381923043,-0.5729785013944879,-0.1677101701184421
36291299,44.9161333333,-123.0412361667,1317.072021484375,2.25,Y,0,gray,0,-0.2716843043984385,0.5220205316747579,-0.7838879526530346,-0.1677101701184421
36295251,48.4628715187,-123.3106963799,2121.60400390625,3.5,Y,0.14885714285714283,gray,0,-0.07264344851742327,0.7146140381923043,-0.08004737831484539,-0.1677101701184421
36299467,44.937295,-123.0323028333,1322.5596836897005,2.25,Y,0,gray,0,-0.27032665920098364,0.5220205316747579,-0.7838879526530346,-0.1677101701184421
36301743,44.9365653992,-123.0327682495,1317.072021484375,2.25,Y,0,gray,0,-0.2716843043984385,0.5220205316747579,-0.7838879526530346,-0.1677101701184421
36303468,37.7272693319,-122.4842307657,5017.606451166636,7.5,Y,0.02723735408560311,gray,0,0.643826273420817,1.3309132590484531,-0.6551016910393641,-0.1677101701184421
36303517,44.8523759643,-123.23721609,858.4923095703125,2.25,Y,0,gray,0,-0.3851367218825475,0.5220205316747579,-0.7838879526530346,-0.1677101701184421
36320829,37.99407,-122.57631667,444.6478576660156,6.25,Y,0.03688876179582499,melanic,1,-0.48752165586699564,1.1383197525309066,-0.6094669823814541,-0.1677101701184421
36321968,44.9373728848,-123.0320154168,1327.7050147929183,2.25,Y,0,gray,0,-0.26905370656646843,0.5220205316747579,-0.7838879526530346,-0.1677101701184421
36324888,44.9372395452,-123.0319852421,1327.2504551903426,2.25,Y,0,gray,0,-0.269166164410684,0.5220205316747579,-0.7838879526530346,-0.1677101701184421
36326190,44.93585333,-123.03028883,1351.755458826421,2.25,Y,0,gray,0,-0.26310363737178394,0.5220205316747579,-0.7838879526530346,-0.1677101701184421
36329038,44.92637167,-123.03829167,1317.072021484375,2.25,Y,0.004018369690011476,gray,0,-0.2716843043984385,0.5220205316747579,-0.7648879129086527,-0.1677101701184421
36329053,44.92632833,-123.03845283,1317.072021484375,2.25,Y,0.004001143183766782,gray,0,-0.2716843043984385,0.5220205316747579,-0.7649693649224182,-0.1677101701184421
36330668,44.9372969766,-123.0320121728,1327.2010974282855,2.25,Y,0,gray,0,-0.2691783754991414,0.5220205316747579,-0.7838879526530346,-0.1677101701184421
36330976,44.9373786314,-123.0307068749,1357.6386254244735,2.25,Y,0,gray,0,-0.2616481445628568,0.5220205316747579,-0.7838879526530346,-0.1677101701184421
36331046,44.9374520147,-123.0306390348,1360.3402781623674,2.25,Y,0,gray,0,-0.2609797568728796,0.5220205316747579,-0.7838879526530346,-0.1677101701184421
36331186,44.9367729168,-123.0304687045,1357.2038309529314,2.25,Y,0,gray,0,-0.26175571252241453,0.5220205316747579,-0.7838879526530346,-0.1677101701184421
36333088,37.2632746745,-121.8194163641,3180.117278765058,5.5,Y,0,gray,0,0.18923226654748096,1.0227636486203786,-0.7838879526530346,-0.1677101701184421
36336678,37.4038071,-121.9544086,1483.1426879419612,6.5,Y,0,gray,0,-0.23059849511967762,1.1768384538344159,-0.7838879526530346,-0.1677101701184421
36354600,37.5504109647,-122.3292300796,1585.106201171875,6.75,Y,0.014012010294538172,gray,0,-0.2053727671370265,1.2153571551379252,-0.7176350259607289,-0.1677101701184421
36354684,37.5504020993,-122.3292728309,1585.106201171875,6.75,Y,0.01343240925978851,gray,0,-0.2053727671370265,1.2153571551379252,-0.7203755509859654,-0.1677101701184421
36358761,44.9283916667,-123.0464028333,1317.072021484375,2.25,Y,0.04850858692377222,gray,0,-0.2716843043984385,0.5220205316747579,-0.5545250142985886,-0.1677101701184421
36362126,44.93736333,-123.03203617,1327.268473893774,2.25,Y,0,gray,0,-0.26916170659144095,0.5220205316747579,-0.7838879526530346,-0.1677101701184421
36362665,37.9898043179,-121.3124071825,2152.64754353248,5,Y,0,melanic,1,-0.06496329057245175,0.9457262460133601,-0.7838879526530346,-0.1677101701184421
36365949,44.9348,-123.03156383,1318.8052329609154,2.25,Y,0,gray,0,-0.27125550864730513,0.5220205316747579,-0.7838879526530346,-0.1677101701184421
36365983,44.93768333,-123.02883883,1421.1924861189586,2.25,Y,0,gray,0,-0.24592494759423716,0.5220205316747579,-0.7838879526530346,-0.1677101701184421
36372522,44.93768,-123.0304805,1367.5437088294095,2.25,Y,0,gray,0,-0.25919763131842805,0.5220205316747579,-0.7838879526530346,-0.1677101701184421
36383123,44.590799047,-123.2675651327,735.8592773930925,2.5,Y,0.05150214592274679,gray,0,-0.4154760796919907,0.5605392329782671,-0.5403705824405515,-0.1677101701184421
36384195,44.9372691576,-123.03203868680001,1326.54182767591,2.25,Y,0,gray,0,-0.26934147854368945,0.5220205316747579,-0.7838879526530346,-0.1677101701184421
36385079,44.9361047695,-123.0321979589,1318.0336340855015,2.25,Y,0,gray,0,-0.2714464018671084,0.5220205316747579,-0.7838879526530346,-0.1677101701184421
36390032,44.9374009208,-123.0321656408,1325.3459731389648,2.25,Y,0,gray,0,-0.26963733242612464,0.5220205316747579,-0.7838879526530346,-0.1677101701184421
36390063,44.9373215465,-123.0321437252,1325.1605996503235,2.25,Y,0,gray,0,-0.26968319374505656,0.5220205316747579,-0.7838879526530346,-0.1677101701184421
36390344,44.9364856616,-123.0321925879,1319.6302434450422,2.25,Y,0,gray,0,-0.27105140141917844,0.5220205316747579,-0.7838879526530346,-0.1677101701184421
36390434,47.6199000422,-122.3496946135,4712.54150390625,3.25,Y,0,gray,0,0.5683533406739819,0.676095336888795,-0.7838879526530346,-0.1677101701184421
36393203,48.4802780151,-123.3402786255,2904.31368333077,3.5,Y,0.14448886350656767,gray,0,0.1209985792737339,0.7146140381923043,-0.10070189436940324,-0.1677101701184421
36409312,45.517495,-122.6166,3026.6274634186143,2.25,Y,0.022037779049799654,gray,0,0.15125895425775876,0.5220205316747579,-0.6796868188288084,-0.1677101701184421
36414407,37.771729543,-122.4945653921,6888.4111328125,7.5,Y,0.19491035280508964,gray,0,1.1066625225156899,1.3309132590484531,0.13770581187628772,-0.1677101701184421
36416203,48.4647916667,-123.3107216667,2121.60400390625,3.5,Y,0.15045766590389018,melanic,1,-0.07264344851742327,0.7146140381923043,-0.07247963222727424,-0.1677101701184421
36417528,44.9376531202,-123.0315693333,1339.06877821136,2.25,Y,0,gray,0,-0.26624231653318825,0.5220205316747579,-0.7838879526530346,-0.1677101701184421
36424437,47.6553351,-122.3035199,4166.9521484375,3.25,Y,0.0015959144589849917,gray,0,0.43337477593728835,0.676095336888795,-0.7763419973307253,-0.1677101701184421
36427096,37.5291216667,-122.3017666667,2211.788693188624,6.25,Y,0.00685714285714285,melanic,1,-0.05033179635899553,1.1383197525309066,-0.7514653542190298,-0.1677101701184421
36439969,44.9367111884,-123.0325695361,1317.2673874944835,2.25,Y,0,gray,0,-0.2716359709341243,0.5220205316747579,-0.7838879526530346,-0.1677101701184421
36441052,37.4871406555,-122.23777771,888.661683015325,6.25,Y,0,gray,0,-0.377672832263377,1.1383197525309066,-0.7838879526530346,-0.1677101701184421
36446843,48.430275292,-123.3512940231,4161.07080078125,3.5,Y,0,gray,0,0.4319197331337569,0.7146140381923043,-0.7838879526530346,-0.1677101701184421
36455006,44.8536068,-123.2409798,858.4923095703125,2.25,Y,0,gray,0,-0.3851367218825475,0.5220205316747579,-0.7838879526530346,-0.1677101701184421
36471250,37.3213341041,-121.8580531609,4140.72215447286,6,Y,0,gray,0,0.4268854870556213,1.0998010512273972,-0.7838879526530346,-0.1677101701184421
36472447,37.321924693,-121.8586885092,4212.819148886548,6,Y,0,melanic,1,0.44472225152003797,1.0998010512273972,-0.7838879526530346,-0.1677101701184421
36472697,44.8501851089,-123.2375208936,858.4923095703125,2.25,Y,0,gray,0,-0.3851367218825475,0.5220205316747579,-0.7838879526530346,-0.1677101701184421
36472718,37.2579935,-122.0356214,1295.1092529296875,5.25,Y,0.06742857142857145,gray,0,-0.27711788360492595,0.9842449473168694,-0.46506573471865315,-0.1677101701184421
36473390,47.7507417204,-122.0832870066,534.6991915835272,2.25,Y,0.15427166564228642,gray,0,-0.46524299576673156,0.5220205316747579,-0.05444591402690032,-0.1677101701184421
36481758,44.93707167,-123.0281445,1437.217098311041,2.25,Y,0,gray,0,-0.24196046564005566,0.5220205316747579,-0.7838879526530346,-0.1677101701184421
36482001,44.93662833,-123.03025833,1361.3113696000237,2.25,Y,0,gray,0,-0.2607395092815931,0.5220205316747579,-0.7838879526530346,-0.1677101701184421
36483823,44.93505833,-123.03150833,1320.6312183739526,2.25,Y,0,gray,0,-0.2708037606654001,0.5220205316747579,-0.7838879526530346,-0.1677101701184421
36488821,48.4117921213,-123.3619522135,4161.07080078125,3.5,Y,0.04559915164369034,melanic,1,0.4319197331337569,0.7146140381923043,-0.5682816843463125,-0.1677101701184421
36502601,37.7689799722,-122.4645929722,6888.4111328125,7.5,Y,0.12193715768232923,gray,0,1.1066625225156899,1.3309132590484531,-0.2073330259024792,-0.1677101701184421
36503442,37.4999465942,-122.2819671631,1541.2816162109375,6.25,Y,0.07610872675250357,gray,0,-0.2162149500332202,1.1383197525309066,-0.424023394450143,-0.1677101701184421
36513870,37.4265662801,-122.1713463549,2180.962523141367,6,Y,0,gray,0,-0.05795817716646777,1.0998010512273972,-0.7838879526530346,-0.1677101701184421
36513892,37.4255479731,-122.1695015128,2301.3219479212053,6,Y,0,melanic,1,-0.028181308819469522,1.0998010512273972,-0.7838879526530346,-0.1677101701184421
36513906,44.8505559052,-123.2380712406,858.4923095703124,2.25,Y,0,gray,0,-0.3851367218825475,0.5220205316747579,-0.7838879526530346,-0.1677101701184421
36521845,44.93523,-123.0307073,1335.6887658350863,2.25,Y,0,gray,0,-0.26707853009705024,0.5220205316747579,-0.7838879526530346,-0.1677101701184421
36527096,37.4182263,-122.1658905,1748.598110468903,6,Y,0.0091533180778032,gray,0,-0.16492494123687745,1.0998010512273972,-0.7406083590149655,-0.1677101701184421
36544896,37.3836627126,-122.1223563854,864.8078217916751,6,Y,0,gray,0,-0.3835742669580298,1.0998010512273972,-0.7838879526530346,-0.1677101701184421
36544899,37.3818330114,-122.120913963,911.2198340248116,6,Y,0.0028620492272467,melanic,1,-0.372091955701447,1.0998010512273972,-0.7703553378706676,-0.1677101701184421
36548640,44.93523,-123.0307073,1335.6887658350863,2.25,Y,0,gray,0,-0.26707853009705024,0.5220205316747579,-0.7838879526530346,-0.1677101701184421
36552511,48.4122459,-123.3627533,4161.07080078125,3.5,Y,0.04462123832583881,gray,0,0.4319197331337569,0.7146140381923043,-0.5729055475891408,-0.1677101701184421
36565052,47.65415309,-122.31457585,4166.9521484375,3.25,Y,0,gray,0,0.43337477593728835,0.676095336888795,-0.7838879526530346,-0.1677101701184421
36576546,47.6734738922,-122.3105855566,3910.742872183223,3.25,Y,0.025633640552995392,gray,0,0.36998871454443527,0.676095336888795,-0.6626845226872066,-0.1677101701184421
36580141,45.4841666667,-122.7763888889,1903.4764947793449,3.25,Y,0.007439198855507862,gray,0,-0.12660809760087863,0.676095336888795,-0.7487132214001203,-0.1677101701184421
36581230,48.5219805183,-123.3736273917,648.4543684715097,3,Y,0.15173796791443853,gray,0,-0.4371000154211628,0.6375766355852857,-0.06642598585777824,-0.1677101701184421
36581249,48.4961174782,-123.3348510647,1876.5025634765625,3.5,Y,0.5569386814200092,gray,0,-0.1332814362502876,0.7146140381923043,1.849482766936881,-0.1677101701184421
36593231,37.5887401481,-122.3254031016,2238.4289866090444,6.75,Y,0.020623501199040762,gray,0,-0.043740999573814,1.2153571551379252,-0.6863739425747425,-0.1677101701184421
36599166,48.4090538025,-123.3691177368,4161.07080078125,3.5,Y,0.06861156131820637,melanic,1,0.4319197331337569,0.7146140381923043,-0.4594722088227814,-0.1677101701184421
36612298,37.3236960955,-121.8625429273,4462.713532142489,6,Y,0,melanic,1,0.5065460111838759,1.0998010512273972,-0.7838879526530346,-0.1677101701184421
36622068,45.5436919225,-122.9358368743,61.771134345809585,2.25,Y,0.0017089148390771803,gray,0,-0.582245187524698,0.5220205316747579,-0.7758076981301767,-0.1677101701184421
36623147,37.561214447,-122.3215484619,1884.9870101460265,6.75,Y,0,gray,0,-0.13118238790458564,1.2153571551379252,-0.7838879526530346,-0.1677101701184421
36623483,37.5612792969,-122.3214645386,1892.8482197271617,6.75,Y,0,gray,0,-0.12923752813831635,1.2153571551379252,-0.7838879526530346,-0.1677101701184421
36624711,48.490869364,-123.3438292842,1876.5025634765627,3.5,Y,0.529378045285182,gray,0,-0.13328143625028754,0.7146140381923043,1.7191679322307016,-0.1677101701184421
36628078,45.5591545,-122.8424843,1616.5278970857828,2.25,Y,0.00257584430452203,gray,0,-0.19759905349408313,0.5220205316747579,-0.7717085993489042,-0.1677101701184421
36649434,49.279203423,-122.8111252561,1791.7013616581332,1.5,Y,0.07414829659318638,gray,0,-0.1542612159961076,0.40646442776423,-0.43329288775627167,-0.1677101701184421
36650436,49.289111,-123.1417718,6490.188586354657,2.5,Y,0.06170752324598479,melanic,1,1.0081424410150353,0.5605392329782671,-0.49211654169613656,-0.1677101701184421
36657859,37.3605711289,-122.0231609547,3833.321805963336,6.25,Y,0,gray,0,0.350834777074804,1.1383197525309066,-0.7838879526530346,-0.1677101701184421
36678735,48.41393167,-123.36534,4161.07080078125,3.5,Y,0.041505791505791506,melanic,1,0.4319197331337569,0.7146140381923043,-0.5876363010958541,-0.1677101701184421
36678757,48.41393833,-123.36530833,4161.07080078125,3.5,Y,0.040822784810126585,gray,0,0.4319197331337569,0.7146140381923043,-0.5908657586531242,-0.1677101701184421
36688527,37.77177833,-122.46547,6888.4111328125,7.5,Y,0.12196531791907517,gray,0,1.1066625225156899,1.3309132590484531,-0.20719987597883877,-0.1677101701184421
36689283,46.5903335739,-120.4718697164,424.85123307090015,-2.75,Y,0,gray,0,-0.49241933201792426,-0.24835349439542811,-0.7838879526530346,-0.1677101701184421
36696411,49.2888451667,-123.1374411111,7015.985803929514,2.5,Y,0.024637681159420284,gray,0,1.138224439608694,0.5605392329782671,-0.6673937131105654,-0.1677101701184421
36732293,37.3104783333,-121.8796533333,3647.1768675524113,6.25,Y,0,melanic,1,0.304782601811744,1.1383197525309066,-0.7838879526530346,-0.1677101701184421
36737131,37.4540405914,-122.1791560644,1948.4304639230313,6,Y,0,melanic,1,-0.11548650555841812,1.0998010512273972,-0.7838879526530346,-0.1677101701184421
36737133,37.4540710643,-122.1790476615,1954.8204711777505,6,Y,0,gray,0,-0.11390562059566438,1.0998010512273972,-0.7838879526530346,-0.1677101701184421
36754361,37.4316034131,-122.086942975,2352.698911440111,6,Y,0,melanic,1,-0.015470670815263552,1.0998010512273972,-0.7838879526530346,-0.1677101701184421
36769560,37.4317019001,-122.0871313,2330.105483025719,6,Y,0,gray,0,-0.02106027499153219,1.0998010512273972,-0.7838879526530346,-0.1677101701184421
36769628,38.5763893127,-121.4629440308,3062.223879427384,6,Y,0,gray,0,0.1600654918019268,1.0998010512273972,-0.7838879526530346,-0.1677101701184421
36770094,37.4329702001,-122.0876968,2102.8445122456037,6,Y,0,melanic,1,-0.07728453844002357,1.0998010512273972,-0.7838879526530346,-0.1677101701184421
36789201,49.1773966667,-122.7483683333,2295.796142578125,1,Y,0.11578044596912522,melanic,1,-0.029548390612299785,0.3294270251572114,-0.23644377883702156,-0.1677101701184421
36792110,47.71201667,-122.37902,2018.967041015625,3.25,Y,0.3841778697001034,gray,0,-0.09803578764766012,0.676095336888795,1.0326185801724932,-0.1677101701184421
36837793,37.43194167,-122.17378833,2125.4723339840275,6,Y,0,melanic,1,-0.0716864253706326,1.0998010512273972,-0.7838879526530346,-0.1677101701184421
36859367,49.279120526,-122.8111715242,1798.1526076669102,1.5,Y,0.07267027643203192,gray,0,-0.1526651805927411,0.40646442776423,-0.4402814039882992,-0.1677101701184421
36860206,37.3229978,-122.0321823,2729.847955834185,6,Y,0,gray,0,0.07783583561463232,1.0998010512273972,-0.7838879526530346,-0.1677101701184421
36860760,37.2179543392,-121.8817615838,2095.467529296875,5.5,Y,0.22508591065292097,gray,0,-0.0791096007520457,1.0227636486203786,0.280384769425376,-0.1677101701184421
36861723,37.2176485103,-121.8816333356,2095.467529296875,5.5,Y,0.23292369248356673,melanic,1,-0.0791096007520457,1.0227636486203786,0.31744411880784623,-0.1677101701184421
36929963,37.03753333,-122.05937217,295.7080730082714,5.25,Y,0.7202279202279203,gray,0,-0.5243692925809162,0.9842449473168694,2.6215625571294345,-0.1677101701184421
36930824,45.5591958162,-122.8425647662,1616.1502471358951,2.25,Y,0.00285714285714285,gray,0,-0.19769248392431013,0.5220205316747579,-0.7703785366388658,-0.1677101701184421
36930825,45.5591977657,-122.842565772,1616.136416350601,2.25,Y,0.0028530670470756,gray,0,-0.1976959056544621,0.5220205316747579,-0.7703978082736935,-0.1677101701184421
36944670,47.67752,-122.13191117,1323.6763916015625,2.25,Y,0.00943935926773455,gray,0,-0.2700503861585161,0.5220205316747579,-0.7392558717137759,-0.1677101701184421
36946479,49.3807866667,-121.441025,27.43466271475798,-0.5,Y,0.12630442605253686,gray,0,-0.5907400153882284,0.09831481733615559,-0.18668329006194978,-0.1677101701184421
36948856,37.768025,-122.47181667,6888.411132812499,7.5,Y,0.13518248175182482,gray,0,1.1066625225156899,1.3309132590484531,-0.14470521831842492,-0.1677101701184421
36979860,45.5829576357,-122.7054759768,1168.486457074002,2.25,Y,0,gray,0,-0.3084443071801505,0.5220205316747579,-0.7838879526530346,-0.1677101701184421
37005598,37.284865,-121.90611667,3701.12939453125,6,Y,0,gray,0,0.3181304330744426,1.0998010512273972,-0.7838879526530346,-0.1677101701184421
37019773,45.4312814562,-122.7077950014,1640.480043030259,2.5,Y,0.07485714285714286,gray,0,-0.19167330320305792,0.5605392329782671,-0.4299412530818146,-0.1677101701184421
37037403,48.4130007913,-123.3636739757,4161.07080078125,3.5,Y,0.04272938058959921,gray,0,0.4319197331337569,0.7146140381923043,-0.5818508102086103,-0.1677101701184421
37044724,47.0777312465,-122.7117837252,535.97637939453125,2.25,Y,0.016622143069159986,gray,0,-0.4649270200683413,0.5220205316747579,-0.7052935466341249,-0.1677101701184421
37053795,47.6427152426,-122.198403863,1115.4276123046875,2.75,Y,0.08328563251287922,gray,0,-0.3215710418602945,0.5990579342817764,-0.39008886248615354,-0.1677101701184421
37068816,45.4313153372,-122.7081544174,1652.712119225071,2.5,Y,0.07476367802921799,gray,0,-0.1886470929737416,0.5605392329782671,-0.43038318241691,-0.1677101701184421
37087318,37.7683180615,-122.4588729092,6888.411132812501,7.5,Y,0.11203200914547014,gray,0,1.1066625225156903,1.3309132590484531,-0.25416749619577655,-0.1677101701184421
37087371,37.768455,-122.458795,6888.4111328125,7.5,Y,0.10777587192681531,gray,0,1.1066625225156899,1.3309132590484531,-0.27429177110084474,-0.1677101701184421
37110406,47.6720305499,-122.6697973146,751.59403204586,2.25,Y,0.20034295513003716,gray,0,-0.41158330836457024,0.5220205316747579,0.1633927615728274,-0.1677101701184421
37409501,37.4054860573,-121.9544407852,1495.2500999517408,6.5,Y,0,gray,0,-0.22760312675448693,1.1768384538344159,-0.7838879526530346,-0.1677101701184421
37438733,49.2818558762,-123.0407201989,5639.464218909183,2,Y,0.0111492281303602,gray,0,0.7976736095517375,0.48350183037124855,-0.7311711062855667,-0.1677101701184421
37469767,47.6873175245,-122.1010203641,1424.4880610713794,2.25,Y,0.1632420091324201,gray,0,-0.24510962381161358,0.5220205316747579,-0.01203147832752828,-0.1677101701184421
37632488,37.7853590252,-122.4691339973,6888.4111328125,7.5,Y,0.05909351692484223,gray,0,1.1066625225156899,1.3309132590484531,-0.5044763362957301,-0.1677101701184421
37672094,49.2752202749,-123.2035002485,4619.078652343847,2.5,Y,0.021615472127417507,gray,0,0.5452306726203631,0.5605392329782671,-0.6816836107938515,-0.1677101701184421
37692721,37.7689012968,-122.4698361506,6888.411132812501,7.5,Y,0.12241930793835416,gray,0,1.1066625225156903,1.3309132590484531,-0.2050532769659866,-0.1677101701184421
37904982,37.3724846198,-122.0803297623,2364.34130859375,6,Y,0,melanic,1,-0.012590346919386526,1.0998010512273972,-0.7838879526530346,-0.1677101701184421
38223000,37.343165231,-121.9807152726,3625.708093723038,6.25,Y,0,melanic,1,0.2994712366813598,1.1383197525309066,-0.7838879526530346,-0.1677101701184421
38629271,49.1582871685,-123.1382237034,5060.54833984375,2,Y,8.566533409480297e-4,melanic,1,0.6544500776476054,0.48350183037124855,-0.7798374424260565,-0.1677101701184421
38651046,49.0173338,-122.6563929,146.77545879646038,1,Y,0.21201716738197424,gray,0,-0.5612151553296907,0.3294270251572114,0.2185918880550205,-0.1677101701184421
38739565,37.4460156679,-122.1590283828,3112.059326171875,6,Y,0,gray,0,0.17239475923934588,1.0998010512273972,-0.7838879526530346,-0.1677101701184421
38774565,47.0773911969,-122.7120256076,535.97637939453125,2.25,Y,0.01661721068249258,gray,0,-0.4649270200683413,0.5220205316747579,-0.7053168684163263,-0.1677101701184421
39296862,47.64484,-121.904995,158.95053489595975,2.25,Y,0.2038806834636548,gray,0,-0.5582030468986923,0.5220205316747579,0.1801201869042107,-0.1677101701184421
39456971,49.2899121354,-123.1358619518,6658.643375943252,2.5,Y,0.045438779049601107,melanic,1,1.0498180812997597,0.5605392329782671,-0.5690399733781005,-0.1677101701184421
39516761,49.0885378695,-123.1765562502,32.120914459228516,2.5,Y,0.0817378497790869,melanic,1,-0.5895806387836023,0.5605392329782671,-0.3974072367837753,-0.1677101701184421
40031415,37.2205055556,-121.863525,2095.467529296875,5.5,Y,0,melanic,1,-0.0791096007520457,1.0227636486203786,-0.7838879526530346,-0.1677101701184421
40117505,47.6569486698,-122.1111677403,1420.5948627873158,2.25,Y,0.006908981676179031,gray,0,-0.24607279934161777,0.5220205316747579,-0.7512202449588147,-0.1677101701184421
41058753,47.6237792969,-122.3110656738,5895.453530907088,3.25,Y,0.014032073310423826,gray,0,0.8610052518850527,0.676095336888795,-0.7175401620908944,-0.1677101701184421
42709611,37.59394,-122.3981,2043.0989990234375,7,Y,0,gray,0,-0.09206555193185854,1.2538758564414345,-0.7838879526530346,-0.1677101701184421
42946175,48.41464167,-123.36508,4161.07080078125,3.5,Y,0.039692307692307686,melanic,1,0.4319197331337569,0.7146140381923043,-0.596210988640814,-0.1677101701184421
43004673,48.41318,-123.36273,4161.07080078125,3.5,Y,0.04191033138401559,gray,0,0.4319197331337569,0.7146140381923043,-0.5857235169676165,-0.1677101701184421
43460288,37.7687592409,-122.4753586307,6888.411132812501,7.5,Y,0.14665498101080923,gray,0,1.1066625225156903,1.3309132590484531,-0.09045985049427302,-0.1677101701184421
44408624,37.7689287722,-122.4675006737,6888.4111328125,7.5,Y,0.11892992148880488,gray,0,1.1066625225156899,1.3309132590484531,-0.22155212757939413,-0.1677101701184421
44423390,45.6346231,-122.6507225,1858.4536177101932,2.25,Y,0,gray,0,-0.1377467374335591,0.5220205316747579,-0.7838879526530346,-0.1677101701184421
45762200,37.4284081246,-122.2519020055,690.0031781653133,5.5,Y,0.18075385494003424,gray,0,-0.42682085831742994,1.0227636486203786,0.07076970523933414,-0.1677101701184421
45790298,49.2987628495,-123.149307948,2089.77685546875,2.5,Y,0.6528316524437547,gray,0,-0.080517470935006,0.5605392329782671,2.302893080374922,-0.1677101701184421
46037295,49.2271434997,-123.0204798,6561.536098582004,2,Y,0.202353616532721,melanic,1,1.0257937839187232,0.48350183037124855,0.1728997630461981,-0.1677101701184421
46049826,48.4135213066,-123.3647557187,4161.07080078125,3.5,Y,0.04159948403740729,gray,0,0.4319197331337569,0.7146140381923043,-0.5871932951103978,-0.1677101701184421
47429851,49.29752,-123.1358195,3126.7495069192655,2.5,Y,0.40939373750832775,melanic,1,0.1760291034455333,0.5605392329782671,1.1518466571053485,-0.1677101701184421
47819951,47.7719701221,-122.3853658414,2292.552734375,3.25,Y,0.03926512968299711,gray,0,-0.03035080836426802,0.676095336888795,-0.5982308125447724,-0.1677101701184421
47858629,47.8361072375,-122.1863392982,1272.3520115972944,2.25,Y,0.02253280091272105,gray,0,-0.2827480150245059,0.5220205316747579,-0.6773462091299984,-0.1677101701184421
48003017,47.8362021547,-122.1868870426,1277.744369958932,2.25,Y,0.0217453505007153,gray,0,-0.2814139479557406,0.5220205316747579,-0.6810695074522084,-0.1677101701184421
48255770,47.8361106323,-122.1863200963,1272.128121734969,2.25,Y,0.02314285714285714,gray,0,-0.2828034052772168,0.5220205316747579,-0.6744616829382681,-0.1677101701184421
50731179,48.4722324353,-123.5550517763,86.83695983886719,1.5,Y,0.9751144164759725,gray,0,-0.5760439134069387,0.40646442776423,3.82674125710251,-0.1677101701184421
51425696,47.6240931602,-117.2121795082,1511.5494602160315,-2,Y,0.09202629322663619,gray,0,-0.22357067224900992,-0.13279739048490022,-0.3487604348488583,-0.1677101701184421
53165212,48.992216473,-123.808310276,447.137745676289,0.5,Y,0.02437499999999999,gray,0,-0.4869056586767773,0.25238962255019276,-0.6686357472821579,-0.1677101701184421
53891399,38.5417588643,-121.5014776558,1902.340603768967,5.75,Y,0,gray,0,-0.126889116533417,1.061282349923888,-0.7838879526530346,-0.1677101701184421
54371162,49.2661705017,-123.2541885376,1884.2208251953125,3,Y,0.14167242570836214,melanic,1,-0.1313719417218176,0.6375766355852857,-0.114018844832299,-0.1677101701184421
54993358,47.6664898929,-122.3441504298,3968.2735119892536,3.25,Y,0.048484848484848485,gray,0,0.38422176933475455,0.676095336888795,-0.5546372566550202,-0.1677101701184421
55075134,47.6549217033,-122.3082381124,4166.9521484375,3.25,Y,0.0016056518946692309,gray,0,0.43337477593728835,0.676095336888795,-0.7762959558563758,-0.1677101701184421
56692707,47.1737990065,-122.5670180842,1297.520420159896,2.25,Y,0.07850133809099019,gray,0,-0.27652136190080645,0.5220205316747579,-0.41271042077400155,-0.1677101701184421
58592306,49.2827291,-123.1207375,9235.7529296875,3,Y,0.0059880239520958,gray,0,1.6873938427160646,0.6375766355852857,-0.7555748053179505,-0.1677101701184421
58592308,49.2827291,-123.1207375,9235.7529296875,3,Y,0.0059862316671655145,melanic,1,1.6873938427160646,0.6375766355852857,-0.7555832797709091,-0.1677101701184421
60012550,37.4248055556,-122.1735111111,1973.8341787774712,6,Y,0,melanic,1,-0.10920163776240609,1.0998010512273972,-0.7838879526530346,-0.1677101701184421
60750274,37.3389027833,-121.8863287568,4166.820274469163,6.25,Y,0,gray,0,0.4333421503759687,1.1383197525309066,-0.7838879526530346,-0.1677101701184421
61358449,49.162325,-122.6429638889,1364.9862060546875,1,Y,0.06801943412403544,gray,0,-0.259830356371404,0.3294270251572114,-0.4622719612325565,-0.1677101701184421
62085599,37.3772484491,-122.040733774,2197.7136935226335,6.5,Y,0,gray,0,-0.05381394503829408,1.1768384538344159,-0.7838879526530346,-0.1677101701184421
63357109,37.7638966667,-122.4753716667,6888.411132812499,7.5,Y,0.10695499707773232,gray,0,1.1066625225156899,1.3309132590484531,-0.2781731100419853,-0.1677101701184421
65628359,49.295707,-123.1460809717,3052.9493221341927,2.5,Y,0.4840182648401827,melanic,1,0.15777097043809332,0.5605392329782671,1.5046934817107045,-0.1677101701184421
65917767,37.7738186502,-122.4560487385,6888.4111328125,7.25,Y,0.06380543633762518,gray,0,1.1066625225156899,1.2923945577449438,-0.48219698844534725,-0.1677101701184421
67364204,48.3747559405,-123.5605408293,99.69372558593751,1.75,Y,0.6618993135011442,gray,0,-0.5728631552592574,0.4449831290677393,2.3457676622998345,-0.1677101701184421
67828832,48.845522115,-123.2521206513,55.88383483886719,2.5,Y,0.5601941747572816,melanic,1,-0.5837017028134528,0.5605392329782671,1.8648757017754793,-0.1677101701184421
67829040,48.4572897385,-123.3592839539,4161.07080078125,3.5,Y,0.0500858614768174,melanic,1,0.4319197331337569,0.7146140381923043,-0.5470671939616113,-0.1677101701184421
68821087,47.879311443,-122.2226643587,1758.7628173828125,2.25,Y,0.09544159544159544,gray,0,-0.16241019725139436,0.5220205316747579,-0.33261187639625955,-0.1677101701184421
68908759,49.26204667,-123.25514167,1884.2208251953125,3,Y,0.14242193450114243,melanic,1,-0.1313719417218176,0.6375766355852857,-0.11047494570151777,-0.1677101701184421
69041862,37.3768252502,-122.0398794977,2194.293702259268,6.5,Y,0,gray,0,-0.05466004936110392,1.1768384538344159,-0.7838879526530346,-0.1677101701184421
70540192,38.7910662374,-121.2462722851,1293.3311767578125,5,Y,0,gray,0,-0.277557778861801,0.9457262460133601,-0.7838879526530346,-0.1677101701184421
70919740,37.308524,-122.007799,2983.94189453125,6,Y,0,gray,0,0.1406985634333529,1.0998010512273972,-0.7838879526530346,-0.1677101701184421
71773771,38.539725,-121.74578,478.70965825701785,4.75,Y,0,gray,0,-0.4790947814970387,0.9072075447098508,-0.7838879526530346,-0.1677101701184421
73697219,47.8327493369,-122.5387811289,105.305534944821,3.25,Y,0.7082857142857143,gray,0,-0.5714747961110345,0.676095336888795,2.565096277259386,-0.1677101701184421
73944472,49.2968320893,-123.1348250696,3486.752911025248,2.5,Y,0.355108877721943,melanic,1,0.2650937860671368,0.5605392329782671,0.8951717931615676,-0.1677101701184421
81338408,45.5051064,-122.6750261,2956.661835459256,2.25,Y,0.022604588394062076,gray,0,0.1339494889095174,0.5220205316747579,-0.6770067766974827,-0.1677101701184421
88219539,49.3153476445,-123.0715446174,5281.47412109375,2,Y,0,melanic,1,0.7091070180141147,0.48350183037124855,-0.7838879526530346,-0.1677101701184421
88612002,45.554233551,-122.6781158447,2283.895751953125,2.25,Y,0,gray,0,-0.03249254197864826,0.5220205316747579,-0.7838879526530346,-0.1677101701184421
91217166,49.2682916667,-123.2526333333,1884.2208251953125,3,Y,0.1303182579564489,gray,0,-0.1313719417218176,0.6375766355852857,-0.16770470631163803,-0.1677101701184421
94569366,48.4123073993,-123.3658612478,4161.07080078125,3.5,Y,0.04635285662953646,gray,0,0.4319197331337569,0.7146140381923043,-0.5647179443743006,-0.1677101701184421
95840119,45.6656501004,-122.5226408723,1521.98486328125,2.25,Y,0.01823881447705899,gray,0,-0.22098895815566605,0.5220205316747579,-0.6976494463214931,-0.1677101701184421
96397689,48.4139899551,-123.3632017099,4161.07080078125,3.5,Y,0.04035032843290585,gray,0,0.4319197331337569,0.7146140381923043,-0.5930996720650719,-0.1677101701184421
98463697,37.0397608919,-122.0639308915,319.31217807837,5.25,Y,0.5835953129465562,gray,0,-0.5185296474479596,0.9842449473168694,1.9755232006268657,-0.1677101701184421
99366355,37.7719443671,-122.4499712251,6888.411132812501,7.25,Y,0.06369608683233362,gray,0,1.1066625225156903,1.2923945577449438,-0.4827140252306218,-0.1677101701184421
99366356,37.7719443671,-122.4499712251,6888.411132812501,7.25,Y,0.0632693959347266,gray,0,1.1066625225156903,1.2923945577449438,-0.4847315459264531,-0.1677101701184421
101160930,38.576205,-121.4884033333,3115.2258300781245,6,Y,0,gray,0,0.17317815090235128,1.0998010512273972,-0.7838879526530346,-0.1677101701184421
101161210,38.5753833333,-121.4899583333,3115.225830078125,6,Y,0,gray,0,0.1731781509023514,1.0998010512273972,-0.7838879526530346,-0.1677101701184421
102157294,37.2907528734,-121.9452780113,2627.598876953125,6,Y,0,gray,0,0.05253945881645088,1.0998010512273972,-0.7838879526530346,-0.1677101701184421
108489376,46.9785363032,-122.7704140171,668.0638065692099,1.25,Y,0.22364589400116483,gray,0,-0.4322486491267333,0.36794572646072066,0.27357594501980964,-0.1677101701184421
112967653,37.7677920576,-122.4748014154,6888.4111328125,7.5,Y,0.1401814457126134,gray,0,1.1066625225156899,1.3309132590484531,-0.12106863899327962,-0.1677101701184421
133453264,49.2927310201,-123.1489617789,4090.107416316115,2.5,Y,0.3621844410097888,gray,0,0.41436342326819414,0.5605392329782671,0.9286271479580984,-0.1677101701184421
133628389,49.2287774023,-123.1927537236,3699.466552734375,2.5,Y,0.07103490508266994,gray,0,0.3177190467508705,0.5605392329782671,-0.44801392315196337,-0.1677101701184421
146655872,45.4687701544,-122.7223303914,1815.3827245399923,2.5,Y,0.08638443935926773,gray,0,-0.14840245731476226,0.5605392329782671,-0.37543678769375777,-0.1677101701184421
148498531,45.6860553158,-122.7387202109,117.7103893667506,2.25,Y,0.038554216867469876,gray,0,-0.5684058406249051,0.5220205316747579,-0.6015922184859389,-0.1677101701184421
152758219,49.3158031074,-123.1289765009,2089.77685546875,2.5,Y,0.05698005698005697,gray,0,-0.080517470935006,0.5605392329782671,-0.51446939966391525,-0.1677101701184421
38095854,37.42442754,-122.1698567,2244.273883330727,6,Y,0,gray,0,-0.042294974715339405,1.0998010512273972,-0.7838879526530346,-0.1677101701184421
38099613,37.77172106,-122.4947263,6888.4111328125,7.5,Y,0.1956082057208899,gray,0,1.1066625225156899,1.3309132590484531,0.141005466750974,-0.1677101701184421
38104299,49.02966421,-122.6663419,236.36504495728593,1,Y,0.26064441887226697,gray,0,-0.5390507314197832,0.3294270251572114,0.4485159075578098,-0.1677101701184421
38108309,48.46370185,-123.3106542,2121.60400390625,3.5,Y,0.1518010291595197,melanic,1,-0.07264344851742327,0.7146140381923043,-0.06612781364981765,-0.1677101701184421
38110251,48.46046066,-123.3143463,2121.60400390625,3.5,Y,0.12649914334665904,gray,0,-0.07264344851742327,0.7146140381923043,-0.18576260913594234,-0.1677101701184421
38110255,48.46168137,-123.3159714,2139.9312639188634,3.5,Y,0.11386986301369864,gray,0,-0.0681092925129804,0.7146140381923043,-0.24547757982807472,-0.1677101701184421
38110276,48.46168137,-123.3159714,2139.9312639188634,3.5,Y,0.11349342481417952,melanic,1,-0.0681092925129804,0.7146140381923043,-0.24725749091239965,-0.1677101701184421
38114257,47.31865466,-122.5820772,543.65093994140625,2.25,Y,0.029624753127057275,gray,0,-0.46302833719042474,0.5220205316747579,-0.6438133626443728,-0.1677101701184421
38117985,45.53676944,-122.6646639,3347.1201171875,3,Y,0,gray,0,0.2305486947572067,0.6375766355852857,-0.7838879526530346,-0.1677101701184421
38122254,48.46643833,-123.36975,4161.07080078125,3.5,Y,0.03769664588898782,gray,0,0.4319197331337569,0.7146140381923043,-0.605647067574436,-0.1677101701184421
38122279,48.46644667,-123.3695367,4161.07080078125,3.5,Y,0.037388724035608306,gray,0,0.4319197331337569,0.7146140381923043,-0.6071030131204412,-0.1677101701184421
38122311,48.46618333,-123.37352,4147.239753163834,3.5,Y,0.0485925925925926,gray,0,0.42849793808315584,0.7146140381923043,-0.5541278106639135,-0.1677101701184421
38126496,48.46213667,-123.310805,2121.60400390625,3.5,Y,0.14657142857142855,gray,0,-0.07264344851742327,0.7146140381923043,-0.09085491112618031,-0.1677101701184421
38166821,49.02986,-122.65697,440.63846602856535,1,Y,0.2897465437788019,melanic,1,-0.4885135775811306,0.3294270251572114,0.586119356848348,-0.1677101701184421
38170564,37.77296167,-122.46885,6888.4111328125,7.5,Y,0.11771527979124384,gray,0,1.1066625225156899,1.3309132590484531,-0.22729531257957197,-0.1677101701184421
38171050,48.41216333,-123.3652583,4161.07080078125,3.5,Y,0.04561527581329561,gray,0,0.4319197331337569,0.7146140381923043,-0.5682054445060343,-0.1677101701184421
38171962,37.32677833,-121.9546067,3724.807861328125,6,Y,0,gray,0,0.32398847526564645,1.0998010512273972,-0.7838879526530346,-0.1677101701184421
38171963,37.32680167,-121.9546033,3724.807861328125,6,Y,0,gray,0,0.32398847526564645,1.0998010512273972,-0.7838879526530346,-0.1677101701184421
38172826,37.327945,-121.9524867,3724.807861328125,6,Y,0,gray,0,0.32398847526564645,1.0998010512273972,-0.7838879526530346,-0.1677101701184421
38172890,37.34738833,-121.9446583,3319.1825668337706,6.25,Y,0,gray,0,0.22363695718167131,1.1383197525309066,-0.7838879526530346,-0.1677101701184421
38192828,48.4402964,-123.3472184,4161.07080078125,3.5,Y,0.00627316794981465,gray,0,0.4319197331337569,0.7146140381923043,-0.754226560206756,-0.1677101701184421
38205712,45.51281167,-122.684395,3759.0603850912935,2.25,Y,0.012757320962597853,gray,0,0.3324625344638684,0.5220205316747579,-0.7235675680145313,-0.1677101701184421
38235658,45.51368826,-122.686685,3793.4000784147306,2.25,Y,0.01773962804005722,melanic,1,0.34095815937266716,0.5220205316747579,-0.7000097473576238,-0.1677101701184421
38236246,45.51241639,-122.6847664,3769.177449728627,2.25,Y,0.017296050735082155,gray,0,0.3349654917712418,0.5220205316747579,-0.7021071119791971,-0.1677101701184421
38236817,33.55516478,-101.8656635,1977.154213034407,-0.75,Y,0,gray,0,-0.1083802627586859,0.05979611603264629,-0.7838879526530346,-0.1677101701184421
38256391,45.45964231,-122.6367886,1738.790771484375,3.25,Y,0.01230329041487839,gray,0,-0.16735127255501778,0.676095336888795,-0.7257143586578303,-0.1677101701184421
38277281,48.46031235,-123.3154424,2143.8389374512903,3.5,Y,0.1196117613474165,melanic,1,-0.06714253581294656,0.7146140381923043,-0.21832818717263494,-0.1677101701184421
38310606,37.42738805,-122.1609596,2973.6223447135744,6,Y,0,gray,0,0.13814551138210474,1.0998010512273972,-0.7838879526530346,-0.1677101701184421
38332986,37.77285,-122.4676367,6888.4111328125,7.5,Y,0.12405797101449276,gray,0,1.1066625225156899,1.3309132590484531,-0.1973051935450718,-0.1677101701184421
38346990,37.297454,-121.9733725,2986.5195866680815,6,Y,0,gray,0,0.1413362833255668,1.0998010512273972,-0.7838879526530346,-0.1677101701184421
38365556,48.46327,-123.3125383,2121.60400390625,3.5,Y,0.1353125892092492,gray,0,-0.07264344851742327,0.7146140381923043,-0.14409003179931276,-0.1677101701184421
38372895,33.55516478,-101.8656635,1977.154213034407,-0.75,Y,0,gray,0,-0.1083802627586859,0.05979611603264629,-0.7838879526530346,-0.1677101701184421
38380257,48.47459118,-123.3392309,3381.770433350994,3.5,Y,0.069123107683519,gray,0,0.2391211676189669,0.7146140381923043,-0.4570534663919409,-0.1677101701184421
38380304,48.47459118,-123.3392309,3381.770433350994,3.5,Y,0.0703862660944206,gray,0,0.2391211676189669,0.7146140381923043,-0.4510808800293078,-0.1677101701184421
38380305,48.47459118,-123.3392309,3381.770433350994,3.5,Y,0.07053112507138778,gray,0,0.2391211676189669,0.7146140381923043,-0.45039594396517496,-0.1677101701184421
38394500,48.4638386,-123.3127692,2121.60400390625,3.5,Y,0.13411495567629397,melanic,1,-0.07264344851742327,0.7146140381923043,-0.1497527971695366,-0.1677101701184421
38395051,37.31760448,-122.0630426,1910.5746767063856,5.5,Y,2.8612303290414875e-4,gray,0,-0.12485201053805693,1.0227636486203786,-0.7825350783740763,-0.1677101701184421
38408974,37.42457167,-122.170395,2205.3194832277145,6,Y,0,gray,0,-0.05193227603615801,1.0998010512273972,-0.7838879526530346,-0.1677101701184421
37183898,49.68941333,-112.7919,800.3647805317291,-10,Y,0,melanic,1,-0.39951744680445783,-1.3653958321971977,-0.7838879526530346,-0.1677101701184421
37196744,44.89889151,-123.0985934,355.92178885536043,2.25,Y,0.4571917808219178,gray,0,-0.5094724459671837,0.5220205316747579,1.3778499352306384,-0.1677101701184421
37256485,37.21069213,-122.2605657,1.7803445987537214,5.5,Y,0.14085714285714285,gray,0,-0.5970868823200836,1.0227636486203786,-0.11787374315451765,-0.1677101701184421
37282010,48.46479448,-123.2986676,2121.60400390625,3.5,Y,0.2083958020989505,gray,0,-0.07264344851742327,0.7146140381923043,0.20146900250334812,-0.1677101701184421
37285673,48.52047371,-123.3848472,601.8015297755134,2.75,Y,0.3475151948516268,gray,0,-0.44864190703792245,0.5990579342817764,0.8592666158203986,-0.1677101701184421
37325164,48.46262154,-123.3110963,2121.60400390625,3.5,Y,0.14440949385187304,gray,0,-0.07264344851742327,0.7146140381923043,-0.10107717755886297,-0.1677101701184421
37328997,36.97494566,-122.022556,1801.2864514497069,5.5,Y,0,melanic,1,-0.15188986902980292,1.0227636486203786,-0.7838879526530346,-0.1677101701184421
37336324,45.56798647,-122.674188,2283.895751953125,2.25,Y,0.0022811519817507804,gray,0,-0.03249254197864826,0.5220205316747579,-0.7731019917634788,-0.1677101701184421
37358092,47.50739746,-122.2037198,1619.82833780331,2.25,Y,0,gray,0,-0.1967825259233287,0.5220205316747579,-0.7838879526530346,-0.1677101701184421
37358124,47.50739746,-122.2037198,1619.82833780331,2.25,Y,0,gray,0,-0.1967825259233287,0.5220205316747579,-0.7838879526530346,-0.1677101701184421
37382413,37.55867,-122.288451,3207.794986466865,6.75,Y,0,gray,0,0.19607971916609349,1.2153571551379252,-0.7838879526530346,-0.1677101701184421
37400475,37.2482763,-121.9363005,1092.140380859375,5.25,Y,0,gray,0,-0.32733229259891805,0.9842449473168694,-0.7838879526530346,-0.1677101701184421
37438737,48.46372608,-123.3145889,2121.60400390625,3.5,Y,0.11907481439177613,gray,0,-0.07264344851742327,0.7146140381923043,-0.22086703110308542,-0.1677101701184421
37462402,37.76841667,-122.4587333,6888.411132812499,7.5,Y,0.108,gray,0,1.1066625225156899,1.3309132590484531,-0.27323202731745766,-0.1677101701184421
37470472,48.46403,-123.309455,2121.60400390625,3.5,Y,0.15712650257584432,melanic,1,-0.07264344851742327,0.7146140381923043,-0.04094740110108376,-0.1677101701184421
37494982,37.27794876,-121.8263623,3280.675048828125,5.5,Y,0,melanic,1,0.2141102142936823,1.0227636486203786,-0.7838879526530346,-0.1677101701184421
37532545,33.539963,-101.89526,1903.8929097447544,-1,Y,0,gray,0,-0.12650507672299224,0.02127741472913699,-0.7838879526530346,-0.1677101701184421
37540765,45.52122516,-123.1276365,1185.347900390625,2.25,Y,0,gray,0,-0.3042727935766428,0.5220205316747579,-0.7838879526530346,-0.1677101701184421
37548382,48.41361631,-123.3659392,4161.07080078125,3.5,Y,0.042490118577075096,melanic,1,0.4319197331337569,0.7146140381923043,-0.5829821117308617,-0.1677101701184421
37576126,37.37075833,-122.2217717,127.42438074101256,5.25,Y,0.4510419640308307,gray,0,-0.5660026034641726,0.9842449473168694,1.3487717835260382,-0.1677101701184421
37597280,48.46476667,-123.3094633,2121.60400390625,3.5,Y,0.15265866209262435,gray,0,-0.07264344851742327,0.7146140381923043,-0.062072671621550814,-0.1677101701184421
37636605,50.9700093,-114.086095,2084.5398782131765,-11.5,Y,0,melanic,1,-0.08181309678699626,-1.5965080400182536,-0.7838879526530346,-0.1677101701184421
37669124,37.26580926,-121.9528464,2339.041894962939,6,Y,0,gray,0,-0.018849410638899337,1.0998010512273972,-0.7838879526530346,-0.1677101701184421
37674083,48.41385667,-123.3654733,4161.07080078125,3.5,Y,0.04142581888246628,melanic,1,0.4319197331337569,0.7146140381923043,-0.5880144352992399,-0.1677101701184421
37736968,37.37740388,-122.0830308,2364.34130859375,6.25,Y,0,gray,0,-0.012590346919386526,1.1383197525309066,-0.7838879526530346,-0.1677101701184421
37736974,37.37741347,-122.0830751,2364.34130859375,6.25,Y,0,melanic,1,-0.012590346919386526,1.1383197525309066,-0.7838879526530346,-0.1677101701184421
37758672,37.23695333,-121.97422,1096.8614501953125,5.25,Y,0.002350176263219736,gray,0,-0.32616430213759434,0.9842449473168694,-0.7727756245567736,-0.1677101701184421
37764684,44.59100749,-123.267558,736.3925999687299,2.5,Y,0.05565068493150685,gray,0,-0.4153441359231476,0.5605392329782671,-0.5207550636784302,-0.1677101701184421
37784870,37.4329554,-122.0869353,2131.9436467881915,6,Y,0,gray,0,-0.07008542545098101,1.0998010512273972,-0.7838879526530346,-0.1677101701184421
37809589,48.42315,-123.3510283,4161.07080078125,3.5,Y,0.01687643020594965,gray,0,0.4319197331337569,0.7146140381923043,-0.7040912018828448,-0.1677101701184421
37822032,48.46518333,-123.3741617,4161.07080078125,3.5,Y,0.034780023781212845,gray,0,0.4319197331337569,0.7146140381923043,-0.6194377190679549,-0.1677101701184421
37829132,47.554055,-122.1174145,1308.5581968780805,2.25,Y,0.15045766590389015,gray,0,-0.27379062083269196,0.5220205316747579,-0.07247963222727437,-0.1677101701184421
37849645,48.46450355,-123.3193812,2232.1200718362816,3.5,Y,0.07114285714285715,gray,0,-0.04530182229247209,0.7146140381923043,-0.4475034939002339,-0.1677101701184421
37867808,37.5073171,-122.2796003,1720.0699377247745,6.25,Y,0.04171428571428571,gray,0,-0.1719827985300326,1.1383197525309066,-0.5866504788461716,-0.1677101701184421
37868874,37.77200259,-122.4647572,6888.411132812499,7.5,Y,0.1190544825598155,gray,0,1.1066625225156899,1.3309132590484531,-0.2209631660147856,-0.1677101701184421
37868877,37.77200259,-122.4647572,6888.411132812499,7.5,Y,0.12204270051933065,gray,0,1.1066625225156899,1.3309132590484531,-0.20683398817015045,-0.1677101701184421
37889272,48.45793833,-123.3138883,2131.262747335445,3.75,Y,0.1354433989164528,gray,0,-0.0702538796738145,0.7531327394958136,-0.1434715248356561,-0.1677101701184421
37899262,48.419455,-123.35813,4161.07080078125,3.5,Y,0.033141210374639775,gray,0,0.4319197331337569,0.7146140381923043,-0.6271865132956023,-0.1677101701184421
37904895,50.9074895,-114.0781389,2570.056934316351,-12.25,Y,0,melanic,1,0.03830360771081514,-1.7120641439287816,-0.7838879526530346,-0.1677101701184421
37906872,49.24384846,-122.9356754,3294.381915364381,2,Y,0.17481435643564355,melanic,1,0.21750128699984178,0.48350183037124855,0.042686000565362855,-0.1677101701184421
37920345,49.23195837,-122.8993092,3527.224853515625,2,Y,0.03738584474885845,melanic,1,0.2751065267020115,0.48350183037124855,-0.6071166272393259,-0.1677101701184421
37926219,49.287005,-123.1358862,7963.819323852784,2.5,Y,0.011908931698774081,gray,0,1.372718032356031,0.5605392329782671,-0.7275790032419637,-0.1677101701184421
37930547,37.52248246,-122.2508565,1897.9433624888527,6.25,Y,0,gray,0,-0.12797699207725127,1.1383197525309066,-0.7838879526530346,-0.1677101701184421
37931322,37.45570735,-122.1643501,2647.473918238205,6,Y,0,gray,0,0.05745653522172229,1.0998010512273972,-0.7838879526530346,-0.1677101701184421
37968098,37.4646603,-122.2680227,301.9458312988281,6.25,Y,0.1161123853211009,melanic,1,-0.5228260739444192,1.1383197525309066,-0.23487427145796202,-0.1677101701184421
37973429,48.41928667,-123.3586117,4161.07080078125,3.5,Y,0.034153400868306795,gray,0,0.4319197331337569,0.7146140381923043,-0.6224005774330151,-0.1677101701184421
37974541,48.466225,-123.369125,4161.07080078125,3.5,Y,0.038529934795494956,gray,0,0.4319197331337569,0.7146140381923043,-0.6017070313001371,-0.1677101701184421
37992597,47.66073227,-117.4195786,1824.230430318588,-2,Y,0.0032525133057362448,gray,0,-0.14621353882645824,-0.13279739048490022,-0.7685091082844511,-0.1677101701184421
37999160,33.59604497,-101.8358098,731.19976806640625,-1,Y,0,gray,0,-0.4166288402343092,0.02127741472913699,-0.7838879526530346,-0.1677101701184421
38002161,38.6266144,-121.5014323,2024.77392578125,5.25,Y,0,gray,0,-0.09659916693026724,0.9842449473168694,-0.7838879526530346,-0.1677101701184421
38009240,48.46328333,-123.3137967,2121.60400390625,3.5,Y,0.12639087018544937,gray,0,-0.07264344851742327,0.7146140381923043,-0.1862745566482251,-0.1677101701184421
38021009,37.34864167,-121.9397417,2953.514009370061,6.25,Y,0,gray,0,0.1331707181301733,1.1383197525309066,-0.7838879526530346,-0.1677101701184421
38031953,48.46333313,-123.3088913,2121.60400390625,3.5,Y,0.16061731923406689,gray,0,-0.07264344851742327,0.7146140381923043,-0.02444178803829217,-0.1677101701184421
38032971,47.67534531,-122.0330285,465.4317321777344,2.25,Y,0.3786407766990291,gray,0,-0.4823797345242505,0.5220205316747579,1.0064375676712642,-0.1677101701184421
38033920,37.77068667,-122.46512,6888.4111328125,7.5,Y,0.12196531791907515,gray,0,1.1066625225156899,1.3309132590484531,-0.20719987597883882,-0.1677101701184421
38035753,37.769025,-122.45449670000001,6888.4111328125,7.25,Y,0.09080525414049116,gray,0,1.1066625225156899,1.2923945577449438,-0.35453386859336106,-0.1677101701184421
38039264,48.46634218,-123.3100572,2121.60400390625,3.5,Y,0.14644590351127604,gray,0,-0.07264344851742327,0.7146140381923043,-0.09144843071641165,-0.1677101701184421
38447714,37.28582001,-121.8124313,1739.755350847716,5.5,Y,0,gray,0,-0.16711263604803067,1.0227636486203786,-0.7838879526530346,-0.1677101701184421
38448734,37.51224899,-121.9579468,2489.217529296875,6.25,Y,0,gray,0,0.018303974737180026,1.1383197525309066,-0.7838879526530346,-0.1677101701184421
38453476,37.326913329999996,-121.9643783,3724.807861328125,6,Y,0,gray,0,0.32398847526564645,1.0998010512273972,-0.7838879526530346,-0.1677101701184421
38453479,37.32691,-121.9643883,3724.8078613281255,6,Y,0,melanic,1,0.32398847526564656,1.0998010512273972,-0.7838879526530346,-0.1677101701184421
38453940,37.33360833,-121.952575,3717.702981168961,6.25,Y,0,gray,0,0.3222307310631661,1.1383197525309066,-0.7838879526530346,-0.1677101701184421
38453941,37.33362833,-121.9525633,3717.589014392968,6.25,Y,0,gray,0,0.3222025357332957,1.1383197525309066,-0.7838879526530346,-0.1677101701184421
38453942,37.33362167,-121.95257,3717.623138708001,6.25,Y,0,melanic,1,0.32221097807371096,1.1383197525309066,-0.7838879526530346,-0.1677101701184421
38453944,37.33363333,-121.9525667,3717.551638262871,6.25,Y,0,gray,0,0.322193288895275,1.1383197525309066,-0.7838879526530346,-0.1677101701184421
38453945,37.33363333,-121.9525117,3717.628027388872,6.25,Y,0,gray,0,0.32221218753119174,1.1383197525309066,-0.7838879526530346,-0.1677101701184421
38453947,37.33481833,-121.9519517,3709.7770041684903,6.25,Y,0,gray,0,0.3202698478660583,1.1383197525309066,-0.7838879526530346,-0.1677101701184421
38453957,37.33480667,-121.9518067,3710.121164801199,6.25,Y,0,melanic,1,0.32035499305405774,1.1383197525309066,-0.7838879526530346,-0.1677101701184421
38474799,48.41417142,-123.364731,4161.07080078125,3.5,Y,0.040375586854460084,gray,0,0.4319197331337569,0.7146140381923043,-0.5929802427814488,-0.1677101701184421
38474933,48.41333196,-123.3638098,4161.07080078125,3.5,Y,0.04178814382896015,melanic,1,0.4319197331337569,0.7146140381923043,-0.5863012558471659,-0.1677101701184421
38477465,47.66564616,-122.3521367,3974.317829100849,3.25,Y,0.04579278763594733,gray,0,0.38571713070931,0.676095336888795,-0.567366116135162,-0.1677101701184421
38479017,49.31320607,-122.9269722,55.89045333862305,2,Y,0.8193325661680092,melanic,1,-0.5837000653995466,0.48350183037124855,3.0901586189589794,-0.1677101701184421
38495371,48.41927,-123.3767867,4161.07080078125,3,Y,0.008513931888544886,melanic,1,0.4319197331337569,0.6375766355852857,-0.7436315659235072,-0.1677101701184421
38511929,37.6793518,-122.4069728,1964.5206771525452,7.25,Y,0.22960206126538793,gray,0,-0.11150579393665053,1.2923945577449438,0.30173846451763664,-0.1677101701184421
38514747,48.46068829,-123.3156929,2146.2698425444114,3.5,Y,0.1198512585812357,gray,0,-0.06654113097029032,0.7146140381923043,-0.21719577345456773,-0.1677101701184421
38541065,49.29299278,-123.1304111,5682.365724279592,2.5,Y,0.12468738835298321,melanic,1,0.808287422966345,0.5605392329782671,-0.1943291223098024,-0.1677101701184421
38554735,48.45732715,-123.3112541,2121.60400390625,3.75,Y,0.13480885311871227,gray,0,-0.07264344851742327,0.7531327394958136,-0.14647184494225785,-0.1677101701184421
38562327,48.4620995,-123.3089376,2121.60400390625,3.5,Y,0.15870746354017728,melanic,1,-0.07264344851742327,0.7146140381923043,-0.03347215032181638,-0.1677101701184421
38562328,48.462637,-123.3101756,2121.60400390625,3.5,Y,0.15349500713266762,gray,0,-0.07264344851742327,0.7146140381923043,-0.05811818504448496,-0.1677101701184421
38576767,37.42746667,-122.1628583,2856.4965573823633,6,Y,0,gray,0,0.10916864350674237,1.0998010512273972,-0.7838879526530346,-0.1677101701184421
38579990,48.46415738,-123.3149457,2121.60400390625,3.5,Y,0.11447330859263488,gray,0,-0.07264344851742327,0.7146140381923043,-0.24262431074935853,-0.1677101701184421
38581680,48.4619999,-123.3085084,2121.60400390625,3.5,Y,0.1597938144329897,gray,0,-0.07264344851742327,0.7146140381923043,-0.02833556216988807,-0.1677101701184421
38581834,37.45047833,-122.1816117,1844.3055245434457,6,Y,0,gray,0,-0.14124696941254972,1.0998010512273972,-0.7838879526530346,-0.1677101701184421
38607346,36.9807397,-122.0445434,885.4612426757811,5.25,Y,0.10194174757281552,melanic,1,-0.3784646197849387,0.9842449473168694,-0.3018772356426465,-0.1677101701184421
38645646,48.4634066,-123.3116935,2121.60400390625,3.5,Y,0.14395886889460155,melanic,1,-0.07264344851742327,0.7146140381923043,-0.10320786556381463,-0.1677101701184421
38645974,45.48071444,-122.6330816,2404.6732837788877,3.25,Y,0.010610840263837107,gray,0,-0.0026122341337941686,0.676095336888795,-0.7337167632686111,-0.1677101701184421
38652026,37.42746667,-122.1628583,2856.4965573823633,6,Y,0,gray,0,0.10916864350674237,1.0998010512273972,-0.7838879526530346,-0.1677101701184421
38653427,48.41341667,-123.3646917,4161.07080078125,3.5,Y,0.04186952288218111,gray,0,0.4319197331337569,0.7146140381923043,-0.5859164716274854,-0.1677101701184421
38654410,48.46403816,-123.3111285,2121.60400390625,3.5,Y,0.1482541499713795,gray,0,-0.07264344851742327,0.7146140381923043,-0.08289850692642167,-0.1677101701184421
38684492,48.46438833,-123.3118667,2121.60400390625,3.5,Y,0.14351057747284163,gray,0,-0.07264344851742327,0.7146140381923043,-0.10532751992306291,-0.1677101701184421
38694527,37.28378717,-121.9589116,2623.1540244895086,6,Y,0,gray,0,0.05143980428691954,1.0998010512273972,-0.7838879526530346,-0.1677101701184421
38697988,37.32686833,-121.954655,3724.807861328125,6,Y,0,gray,0,0.32398847526564645,1.0998010512273972,-0.7838879526530346,-0.1677101701184421
38697989,37.33325667,-121.9534767,3718.716678941163,6,Y,0,gray,0,0.32248151944273606,1.0998010512273972,-0.7838879526530346,-0.1677101701184421
38697991,37.33335278,-121.95345,3718.148474538969,6.25,Y,0,gray,0,0.32234094592546253,1.1383197525309066,-0.7838879526530346,-0.1677101701184421
38697994,37.33337833,-121.952995,3718.5978737773935,6.25,Y,0,melanic,1,0.3224521270978742,1.1383197525309066,-0.7838879526530346,-0.1677101701184421
38697997,37.33353333,-121.9527067,3718.005919037542,6.25,Y,0,gray,0,0.3223056777575904,1.1383197525309066,-0.7838879526530346,-0.1677101701184421
38697998,37.33350833,-121.952705,3718.167845852543,6.25,Y,0,gray,0,0.32234573837985536,1.1383197525309066,-0.7838879526530346,-0.1677101701184421
38697999,37.33352,-121.9527017,3718.097965440236,6.25,Y,0,gray,0,0.3223284499968217,1.1383197525309066,-0.7838879526530346,-0.1677101701184421
38698006,37.33349833,-121.952715,3718.2178635689424,6.25,Y,0,melanic,1,0.3223581127407246,1.1383197525309066,-0.7838879526530346,-0.1677101701184421
38698008,37.33353667,-121.9527067,3717.9845072383414,6.25,Y,0,gray,0,0.32230038048795795,1.1383197525309066,-0.7838879526530346,-0.1677101701184421
38698009,37.33564,-121.9526417,3701.3798398932904,6.25,Y,0,gray,0,0.31819239314601355,1.1383197525309066,-0.7838879526530346,-0.1677101701184421
38698943,48.46543889,-123.3741611,4161.07080078125,3.5,Y,0.0400593471810089,melanic,1,0.4319197331337569,0.7146140381923043,-0.5944755174395416,-0.1677101701184421
38701453,48.46079032,-123.3131872,2121.60400390625,3.5,Y,0.12952924393723253,gray,0,-0.07264344851742327,0.7146140381923043,-0.17143539783094994,-0.1677101701184421
38729702,48.46085358,-123.3160019,2154.5846091272533,3.5,Y,0.1151099685804056,gray,0,-0.06448406140281614,0.7146140381923043,-0.23961399412732895,-0.1677101701184421
38731715,49.26828202,-123.1676183,4630.29345703125,2.5,Y,0,gray,0,0.548005210329603,0.5605392329782671,-0.7838879526530346,-0.1677101701184421
38739638,37.76815833,-122.4717717,6888.411132812499,7.5,Y,0.13531641878098571,gray,0,1.1066625225156899,1.3309132590484531,-0.14407192445210218,-0.1677101701184421
38779430,48.46459847,-123.3120433,2121.60400390625,3.5,Y,0.1438787185354691,gray,0,-0.07264344851742327,0.7146140381923043,-0.10358684015463647,-0.1677101701184421
38784797,49.1453906,-122.9149103,998.8241965908832,2,Y,0.0840240068591026,melanic,1,-0.35041867522902653,0.48350183037124855,-0.38659761031009104,-0.1677101701184421
38786333,37.77047348,-122.4705353,6888.4111328125,7.5,Y,0.1289665211062591,gray,0,1.1066625225156899,1.3309132590484531,-0.17409611771945163,-0.1677101701184421
38803851,36.99208589,-122.0611791,792.3113560969142,5.25,Y,0.21898227558604919,melanic,1,-0.40150986044033754,0.9842449473168694,0.25152497856441225,-0.1677101701184421
38804489,49.15986721,-122.8386796,3988.722849813385,1.5,Y,0.05666857469948483,melanic,1,0.3892809264492579,0.40646442776423,-0.5159421799621671,-0.1677101701184421
38805324,47.072769,-122.7127288,535.97637939453125,2.25,Y,0.0218978102189781,gray,0,-0.4649270200683413,0.5220205316747579,-0.6803486328364131,-0.1677101701184421
38811388,49.24309703,-123.0099026,4468.076931638354,2,Y,0.02032054951345163,melanic,1,0.5078729138420836,0.48350183037124855,-0.6878063876982285,-0.1677101701184421
38815533,45.5262888,-122.959651,1040.0375957915776,2.25,Y,0.0022850614110254204,gray,0,-0.34022249853263437,0.5220205316747579,-0.7730835068262216,-0.1677101701184421
38849289,49.16004094,-122.838898,3991.9743010547913,1.5,Y,0.05533371363377068,melanic,1,0.39008533404533224,0.40646442776423,-0.5222537976724142,-0.1677101701184421
38857119,49.16062817,-122.841114,4040.508591838067,1.5,Y,0.05485714285714285,melanic,1,0.4020926960746215,0.40646442776423,-0.5245071651809955,-0.1677101701184421
38858440,49.16002428,-122.8389037,3992.3011200339415,1.5,Y,0.055142857142857146,melanic,1,0.3901661889159272,0.40646442776423,-0.5231562235795786,-0.1677101701184421
38860063,49.18047833,-122.7622083,2295.796142578125,1,Y,0.18600000000000003,gray,0,-0.029548390612299785,0.3294270251572114,0.095575029869348,-0.1677101701184421
38860698,49.16050608,-122.8408918,4036.2530881436937,1.5,Y,0.05484147386461011,gray,0,0.4010398863466812,0.40646442776423,-0.5245812528095223,-0.1677101701184421
38860700,49.15999566,-122.8389676,3994.166050909545,1.5,Y,0.05520594965675057,melanic,1,0.39062757198801046,0.40646442776423,-0.5228579035234305,-0.1677101701184421
38861096,49.15868466,-122.8380474,3987.0392002463113,1.5,Y,0.06678082191780822,melanic,1,0.3888643922925607,0.40646442776423,-0.46812848588350925,-0.1677101701184421
38861158,49.15828575,-122.8376556,3982.256860441863,1.5,Y,0.06902452937820878,gray,0,0.3876812435444826,0.40646442776423,-0.45751957375968344,-0.1677101701184421
38861178,49.15827531,-122.837641,3982.0303813618975,1.5,Y,0.06887682194912832,gray,0,0.38762521272047507,0.40646442776423,-0.45821797814742443,-0.1677101701184421
38868833,37.42932692,-122.1639548,2822.474480251737,6,Y,0,melanic,1,0.10075159670327692,1.0998010512273972,-0.7838879526530346,-0.1677101701184421
38877637,48.4147265,-123.3634942,4161.07080078125,3.5,Y,0.03929332927200731,melanic,1,0.4319197331337569,0.7146140381923043,-0.5980974765519937,-0.1677101701184421
38911864,49.1623695,-122.8406217,4007.033652922052,1.5,Y,0.05365296803652968,gray,0,0.39381101102295824,0.40646442776423,-0.5302008596929032,-0.1677101701184421
38915361,49.1601756,-122.840316,4025.507726784884,1.5,Y,0.05392296718972896,gray,0,0.398381488708877,0.40646442776423,-0.5289242238834884,-0.1677101701184421
38917198,49.36733667,-123.425675,19.364015579223633,2.5,Y,0.7296528173022198,gray,0,-0.592736689912633,0.5605392329782671,2.6661262565430364,-0.1677101701184421
38919178,49.02953819,-122.6567773,441.55590412631307,1,Y,0.28550891316848764,gray,0,-0.48828660380235817,0.3294270251572114,0.5660825866581592,-0.1677101701184421
38919706,49.15998645,-122.839031,3995.803029905403,1.5,Y,0.05549199084668192,melanic,1,0.39103255986607344,0.40646442776423,-0.5215054162222409,-0.1677101701184421
38934547,49.24516296,-123.09822080000001,5371.2861328125,2.5,Y,0.009436659994280809,gray,0,0.7313264699084733,0.5605392329782671,-0.7392686346765838,-0.1677101701184421
39003107,49.15808617,-122.8379833,3992.2959622068825,1.5,Y,0.07055127106540988,gray,0,0.3901649128717987,0.40646442776423,-0.4503006877501827,-0.1677101701184421
39003633,49.15815,-122.837595,3982.3472606412074,1.5,Y,0.06992009132420092,gray,0,0.3877036085137348,0.40646442776423,-0.4532850921464803,-0.1677101701184421
39033605,48.412105,-123.3637083,4161.07080078125,3.5,Y,0.045744680851063826,gray,0,0.4319197331337569,0.7146140381923043,-0.5675935792346952,-0.1677101701184421
39036204,37.36991,-122.042545,2290.7979909247015,6,Y,0,gray,0,-0.030784931116166123,1.0998010512273972,-0.7838879526530346,-0.1677101701184421
39036454,37.3307,-121.9521817,3724.807861328125,6,Y,0,melanic,1,0.32398847526564645,1.0998010512273972,-0.7838879526530346,-0.1677101701184421
39054081,37.45037167,-122.14235,3112.059326171875,6,Y,0,gray,0,0.17239475923934588,1.0998010512273972,-0.7838879526530346,-0.1677101701184421
39054088,37.45044667,-122.1422483,3112.0593261718745,6,Y,0,gray,0,0.17239475923934577,1.0998010512273972,-0.7838879526530346,-0.1677101701184421
39058257,37.47373881,-122.168932,2118.804931640625,6.25,Y,0,melanic,1,-0.07333593775538456,1.1383197525309066,-0.7838879526530346,-0.1677101701184421
39062807,49.02717498,-122.6591774,350.3521086810616,1,Y,0.26089449541284404,gray,0,-0.510850382373812,0.3294270251572114,0.4496983433655237,-0.1677101701184421
39063847,49.02710446,-122.6564888,394.8139102447964,1,Y,0.2606948033304623,gray,0,-0.49985055237250187,0.3294270251572114,0.44875414017005305,-0.1677101701184421
39067672,49.15830814,-122.8375159,3978.7405442739937,1.5,Y,0.06908364259206394,gray,0,0.38681130848298995,0.40646442776423,-0.45724006901041714,-0.1677101701184421
39190087,45.55444444,-122.5341667,1168.55615234375,3.25,Y,0,gray,0,-0.30842706460130387,0.676095336888795,-0.7838879526530346,-0.1677101701184421
39193007,37.56176336,-122.2930518,3209.865478515625,6.75,Y,0,gray,0,0.1965919579813106,1.2153571551379252,-0.7838879526530346,-0.1677101701184421
39194818,37.47485756,-122.169689,2118.804931640625,6.25,Y,0,melanic,1,-0.07333593775538456,1.1383197525309066,-0.7838879526530346,-0.1677101701184421
39194840,48.461945,-123.3077617,2121.60400390625,3.5,Y,0.1619211964337072,gray,0,-0.07264344851742327,0.7146140381923043,-0.01827667120582657,-0.1677101701184421
39207490,38.57568,-121.474425,3115.225830078125,6,Y,0,gray,0,0.1731781509023514,1.0998010512273972,-0.7838879526530346,-0.1677101701184421
39209831,49.2276595,-123.0179715,6506.669063474333,2,Y,0.2018322359003722,gray,0,1.0122197037502632,0.48350183037124855,0.17043452129375253,-0.1677101701184421
39212236,49.18382808,-122.7685891,2295.796142578125,1,Y,0.17678927858568577,melanic,1,-0.029548390612299785,0.3294270251572114,0.052024016287543745,-0.1677101701184421
39212639,49.18566986,-123.0989407,2304.952618790525,2.5,Y,0.004004576659038901,melanic,1,-0.027283082455520323,0.5605392329782671,-0.7649531304363795,-0.1677101701184421
39217173,51.05575178,-114.0733014,3138.0588378906245,-11,Y,0.013872135102533172,melanic,1,0.17882702691552982,-1.519470637411235,-0.7182963972163289,-0.1677101701184421
39230098,37.9984139,-122.206252,204.7772699427983,5.25,Y,0.2668571428571428,gray,0,-0.5468655329586035,0.9842449473168694,0.4778915030703218,-0.1677101701184421
39243081,37.16609469,-122.0455343,27.930941414213873,4.75,Y,0.8726752503576538,gray,0,-0.5906172362579347,0.9072075447098508,3.3423785981695944,-0.1677101701184421
39246827,48.46325713,-123.3052329,2121.60400390625,3.5,Y,0.1665704387990762,gray,0,-0.07264344851742327,0.7146140381923043,0.0037063210367371197,-0.1677101701184421
39256346,49.1654658,-123.1228868,4941.985273523363,2,Y,0.02742857142857142,melanic,1,0.6251176275873257,0.48350183037124855,-0.6541975589170151,-0.1677101701184421
39258039,49.26764651,-123.2521705,1884.2208251953125,3,Y,0.12968393613554902,gray,0,-0.1313719417218176,0.6375766355852857,-0.17070396738952862,-0.1677101701184421
39260810,49.15997217,-122.8390367,3996.1050763589983,1.5,Y,0.05550786838340486,melanic,1,0.3911072860248253,0.40646442776423,-0.5214303425351363,-0.1677101701184421
39262158,48.4626,-123.3124867,2121.60400390625,3.5,Y,0.13460988853958275,gray,0,-0.07264344851742327,0.7146140381923043,-0.1474126082872985,-0.1677101701184421
39280242,48.45073806,-123.36333810000001,4161.07080078125,3.5,Y,0.00770547945205479,melanic,1,0.4319197331337569,0.7146140381923043,-0.7474541680257817,-0.1677101701184421
39293379,45.53002289,-122.674072,3385.220304903259,2.25,Y,0,gray,0,0.2399746643120074,0.5220205316747579,-0.7838879526530346,-0.1677101701184421
39306725,37.3152146,-122.0634929,1768.8388530321283,5.5,Y,0.033723921120320084,gray,0,-0.15991739049747242,1.0227636486203786,-0.6244312846378396,-0.1677101701184421
39323037,49.28854531,-123.1344578,7419.188090631559,2.5,Y,0.018633540372670804,melanic,1,1.2379765066387338,0.5605392329782671,-0.6957830656041082,-0.1677101701184421
39336707,37.3724661,-122.082013,2364.34130859375,6,Y,0,gray,0,-0.012590346919386526,1.0998010512273972,-0.7838879526530346,-0.1677101701184421
39368206,47.64918949,-121.9074009,157.0225548391444,2.25,Y,0.12356651376146789,gray,0,-0.5586800283102638,0.5220205316747579,-0.19962894871457454,-0.1677101701184421
39424681,45.52024667,-122.8914333,2641.626953125,2.25,Y,0.01484865790976584,gray,0,0.05600999864410181,0.5220205316747579,-0.7136791087187484,-0.1677101701184421
39434314,47.52989167,-122.3939533,2635.2593818466785,3.25,Y,0.17864829961256995,gray,0,0.05443466433196518,0.676095336888795,0.06081401723848665,-0.1677101701184421
39436957,48.4155588,-123.3647997,4161.07080078125,3.5,Y,0.0383586083853702,gray,0,0.4319197331337569,0.7146140381923043,-0.6025171132121435,-0.1677101701184421
39438878,37.02246726,-122.0528119,245.24105834960935,5.25,Y,0.8678275763631174,gray,0,-0.536854809640389,0.9842449473168694,3.3194573625269532,-0.1677101701184421
39517666,47.45042362,-122.6672494,234.30751967718584,2.25,Y,0.6896650443744632,gray,0,-0.5395597622621808,0.5220205316747579,2.4770522455566244,-0.1677101701184421
39550307,37.33777333,-122.1991517,84.78008552836152,5.25,Y,0.8311837202636859,gray,0,-0.576552783199747,0.9842449473168694,3.1461943787832602,-0.1677101701184421
39551317,49.2394052,-123.1288986,5098.654766110333,2.5,Y,0.054602630074328196,melanic,1,0.663877590617115,0.5605392329782671,-0.525710576853384,-0.1677101701184421
39557308,49.1723155,-123.9696919,1427.9239281634534,1.5,Y,0.12892898719441212,melanic,1,-0.24425959181581752,0.40646442776423,-0.1742735891498747,-0.1677101701184421
39628416,49.15924024,-122.8371811,3961.059590001059,1.5,Y,0.06262510723477266,gray,0,0.3824370482320996,0.40646442776423,-0.4877779333547701,-0.1677101701184421
39684141,47.30398467,-122.5151577,2109.779541015625,2.75,Y,0.1475551709216789,gray,0,-0.07556881539593868,0.5990579342817764,-0.08620348649507943,-0.1677101701184421
39722627,45.4800083,-122.69527,1704.5985107421875,2.5,Y,0.09324942791762014,gray,0,-0.17581042270855776,0.5605392329782671,-0.34297709246520597,-0.1677101701184421
39729606,48.41836505,-123.34377,4161.07080078125,3.5,Y,0.038912732474964226,gray,0,0.4319197331337569,0.7146140381923043,-0.5998970507147142,-0.1677101701184421
39758499,48.44842167,-123.3289417,3704.4983727471554,3.75,Y,0.01514285714285714,gray,0,0.3189639167919198,0.7531327394958136,-0.7122880477779404,-0.1677101701184421
39779595,47.67884784,-122.3479274,3655.613416115954,3.25,Y,0.026861089792785876,gray,0,0.3068698001872695,0.676095336888795,-0.6568807798413949,-0.1677101701184421
39787845,47.43107529,-122.3452813,1300.967746280994,3.25,Y,0.12433392539964477,gray,0,-0.2756684949463085,0.676095336888795,-0.19600039963858837,-0.1677101701184421
39803813,49.26121645,-123.0256248,5638.289421660557,2,Y,0.00742857142857142,melanic,1,0.7973829652330999,0.48350183037124855,-0.748763471016196,-0.1677101701184421
39827437,37.29718125,-121.9321462,2697.4371829456095,6,Y,0,gray,0,0.06981742476651699,1.0998010512273972,-0.7838879526530346,-0.1677101701184421
39846542,44.97809672,-123.1063004,95.5480799853112,2.25,Y,0.3314302026834142,gray,0,-0.573888786143494,0.5220205316747579,0.7832120180456384,-0.1677101701184421
39854351,37.76984218,-122.4706273,6888.411132812499,7.5,Y,0.12925764192139738,gray,0,1.1066625225156899,1.3309132590484531,-0.17271961244872128,-0.1677101701184421
39857198,48.446645,-123.3880083,3660.477462560808,3,Y,0.011802232854864429,gray,0,0.3080731631219714,0.6375766355852857,-0.7280835069166759,-0.1677101701184421
39862562,37.76864527,-122.473201,6888.4111328125,7.5,Y,0.1386861313868613,gray,0,1.1066625225156899,1.3309132590484531,-0.1281389271477655,-0.1677101701184421
39862924,49.15813759,-122.838594,4006.582447299574,1.5,Y,0.06695278969957082,gray,0,0.39369938295193235,0.40646442776423,-0.4673153713768066,-0.1677101701184421
39866388,48.46459294,-123.3118699,2121.60400390625,3.5,Y,0.14359120753639737,melanic,1,-0.07264344851742327,0.7146140381923043,-0.10494627714792473,-0.1677101701184421
39869029,48.46732557,-123.3104019,2121.60400390625,3.5,Y,0.13089454129751357,gray,0,-0.07264344851742327,0.7146140381923043,-0.16497986832287087,-0.1677101701184421
39894928,49.15883101,-122.8395999,4023.53356201138,1.5,Y,0.06251784184984299,melanic,1,0.3978930812188658,0.40646442776423,-0.4882851158028973,-0.1677101701184421
39894969,49.15886673,-122.8396739,4024.9831441631977,1.5,Y,0.06171428571428571,melanic,1,0.3982517072007678,0.40646442776423,-0.49208456674699064,-0.1677101701184421
39898694,49.1597945,-122.83732,3958.316279897931,1.5,Y,0.06080502426491579,gray,0,0.38175835452842616,0.40646442776423,-0.4963838236618051,-0.1677101701184421
39901684,37.28482053,-121.9043504,3701.1293945312505,6,Y,0,gray,0,0.3181304330744427,1.0998010512273972,-0.7838879526530346,-0.1677101701184421
39902920,50.90992093,-114.0176884,1815.284547056124,-12.25,Y,0.006873879258816488,gray,0,-0.1484267463807588,-1.7120641439287816,-0.7513862195645534,-0.1677101701184421
39905523,37.10549167,-122.10295,208.6078359078792,4.75,Y,0.7076791321724237,gray,0,-0.5459178526365568,0.9072075447098508,2.5622281777190676,-0.1677101701184421
39955939,37.77286477,-122.4580018,6888.4111328125,7.25,Y,0.06556442417331813,gray,0,1.1066625225156899,1.2923945577449438,-0.47387997399266385,-0.1677101701184421
39985568,37.42864444,-122.1829694,1625.5228271484375,6,Y,0,gray,0,-0.19537371178315305,1.0998010512273972,-0.7838879526530346,-0.1677101701184421
40056862,49.3041698,-122.877333,883.006881161409,2,Y,0.5375766871165645,melanic,1,-0.37907182773581655,0.48350183037124855,1.757933534368661,-0.1677101701184421
40058922,48.41836108,-123.3439027,4161.07080078125,3.5,Y,0.038812785388127845,gray,0,0.4319197331337569,0.7146140381923043,-0.600369630086131,-0.1677101701184421
40090864,49.11636589,-122.7678524,1452.6473006001638,1,Y,0.03776304410492937,gray,0,-0.23814304043242265,0.3294270251572114,-0.6053331171818225,-0.1677101701184421
40104370,49.1458955,-122.8991392,3284.6001979495823,2,Y,0.005989731888191671,melanic,1,0.21508129444669702,0.48350183037124855,-0.755566729691215,-0.1677101701184421
40105398,49.12770506,-123.1633656,4514.5361328125,2,Y,0.029505351460804158,melanic,1,0.519366899621758,0.48350183037124855,-0.6443779290181423,-0.1677101701184421
40106134,37.44624667,-122.1860967,1614.6911125898828,6,Y,0,gray,0,-0.1980534731643023,1.0998010512273972,-0.7838879526530346,-0.1677101701184421
40106330,49.15986009,-122.8395094,4008.9968417592336,1.5,Y,0.05655526992287917,melanic,1,0.39429670307118775,0.40646442776423,-0.5164779184394125,-0.1677101701184421
40109753,48.46497,-123.3150117,2121.60400390625,3.5,Y,0.10872675250357654,gray,0,-0.07264344851742327,0.7146140381923043,-0.2697957266489037,-0.1677101701184421
40114485,48.46619544,-123.3148692,2121.60400390625,3.5,Y,0.1022564981433876,gray,0,-0.07264344851742327,0.7146140381923043,-0.3003890019031522,-0.1677101701184421
40115101,48.41450101,-123.3659536,4161.07080078125,3.5,Y,0.040413533834586464,gray,0,0.4319197331337569,0.7146140381923043,-0.5928008182420957,-0.1677101701184421
40119404,49.16003883,-122.83925,4000.522381463339,1.5,Y,0.05549199084668192,melanic,1,0.3922001253498809,0.40646442776423,-0.5215054162222409,-0.1677101701184421
40119687,49.15904167,-122.8371967,3963.504869603508,1.5,Y,0.064,gray,0,0.3830420093219927,0.40646442776423,-0.4812770339356557,-0.1677101701184421
40146200,49.14581957,-122.8993045,3253.34853640839,2,Y,0.00598120193677015,gray,0,0.20734964723220387,0.48350183037124855,-0.7556070618230317,-0.1677101701184421
40146494,48.46381167,-123.314545,2121.60400390625,3.5,Y,0.12106468231253578,gray,0,-0.07264344851742327,0.7146140381923043,-0.21145834735890856,-0.1677101701184421
40156728,48.463295,-123.309975,2121.60400390625,3.5,Y,0.1555365296803653,gray,0,-0.07264344851742327,0.7146140381923043,-0.048465262954781214,-0.1677101701184421
40158622,48.44746257,-123.4956337,1095.6548300179518,2.5,Y,0.06852064220183486,gray,0,-0.32646281943469696,0.5605392329782671,-0.4599021012811275,-0.1677101701184421
40170160,48.44654167,-123.3982783,3396.848536926697,3,Y,0.03153293787074617,gray,0,0.2428514837609506,0.6375766355852857,-0.6347909011073389,-0.1677101701184421
40188861,49.02315833,-122.6569556,284.0988155417436,1,Y,0.248070877393541,gray,0,-0.5272414177328894,0.3294270251572114,0.38906448664517956,-0.1677101701184421
40194662,49.0346614,-122.7279425,180.73590235425917,1,Y,0.15726495726495726,melanic,1,-0.5528133566448267,0.3294270251572114,-0.04029274640306506,-0.1677101701184421
40195856,49.18134966,-122.8144174,3876.076904296875,1.5,Y,0.3485239323588421,melanic,1,0.3614123694533779,0.40646442776423,0.8640362249423221,-0.1677101701184421
40200355,49.19448926,-122.8272077,4300.179132746738,1.5,Y,0.05055698371893744,gray,0,0.46633507280893244,0.40646442776423,-0.5448395887347967,-0.1677101701184421
40214904,48.4652252,-123.3159207,2121.60400390625,3.5,Y,0.09436659994280812,gray,0,-0.07264344851742327,0.7146140381923043,-0.33769477288852645,-0.1677101701184421
40215726,49.20948832,-122.9687775,3772.530611647,2,Y,0.16262482168330955,melanic,1,0.3357950625437194,0.48350183037124855,-0.014949723030593557,-0.1677101701184421
40216053,48.46283667,-123.305405,2121.60400390625,3.5,Y,0.16618245206275423,gray,0,-0.07264344851742327,0.7146140381923043,0.001871805056603486,-0.1677101701184421
40246818,49.02211013,-122.6536198,287.30978924816105,1,Y,0.2548008025222127,melanic,1,-0.5264470242610316,0.3294270251572114,0.42088556205278144,-0.1677101701184421
40275357,37.52154981,-122.2508594,1808.6659617430105,6.25,Y,0,gray,0,-0.15006418145385308,1.1383197525309066,-0.7838879526530346,-0.1677101701184421
40277412,48.46413085,-123.3122358,2121.60400390625,3.5,Y,0.14212181870174434,gray,0,-0.07264344851742327,0.7146140381923043,-0.11189398191679055,-0.1677101701184421
40279863,47.66637778,-122.3489306,3950.5413206273183,3.25,Y,0.04704498676859747,gray,0,0.37983483305075383,0.676095336888795,-0.5614453484797187,-0.1677101701184421
40291847,45.50968077,-122.7144925,3838.3930664062505,2.25,Y,0.37867122897063016,gray,0,0.3520894046607884,0.5220205316747579,1.0065815550132364,-0.1677101701184421
40297766,51.15887401,-114.1514364,758.532406672502,-12,Y,0.005436337625178818,gray,0,-0.4098667575570403,-1.6735454426252723,-0.758183341352828,-0.1677101701184421
40325133,49.035213829999996,-122.726295,174.51027981372215,1,Y,0.15908440629470672,melanic,1,-0.5543535729021474,0.3294270251572114,-0.03168985355225372,-0.1677101701184421
40332358,49.15977217,-122.8390883,3999.6660904054343,1.5,Y,0.05692219679633867,melanic,1,0.39198827932166513,0.40646442776423,-0.5147429797162926,-0.1677101701184421
40332520,49.18076408,-122.7653251,2295.796142578125,1,Y,0.19988561624249357,melanic,1,-0.029548390612299785,0.3294270251572114,0.16123032812087815,-0.1677101701184421
40333599,38.11408333,-122.6002717,1003.4393705178848,5.5,Y,0,gray,0,-0.34927688324494055,1.0227636486203786,-0.7838879526530346,-0.1677101701184421
40345157,37.33056167,-121.9365717,3717.2863848653296,6,Y,0,gray,0,0.32212766532228404,1.0998010512273972,-0.7838879526530346,-0.1677101701184421
40368436,48.48436919,-123.3963778,1552.6621516830137,2.75,Y,0.03831855876465542,melanic,1,-0.21339941060130427,0.5990579342817764,-0.6027064796577494,-0.1677101701184421
40396858,48.47983667,-123.31387170000001,2121.60400390625,3.5,Y,0.027170702894270527,gray,0,-0.07264344851742327,0.7146140381923043,-0.6554168375744072,-0.1677101701184421
40409336,36.99297566,-121.9552726,1392.234375,5.25,Y,0.07085714285714285,gray,0,-0.25308917145077575,0.9842449473168694,-0.4488544355016508,-0.1677101701184421
40417512,49.15189879,-122.8104383,3909.308535624295,1.5,Y,0.04176201372997711,melanic,1,0.36963386031545725,0.40646442776423,-0.5864248066793445,-0.1677101701184421
40419420,49.178245,-122.8219833,3876.076904296875,1.5,Y,0.5456896551724137,gray,0,0.3614123694533779,0.40646442776423,1.7962940455703063,-0.1677101701184421
40424230,37.41126333,-121.86553,1982.378020440352,6,Y,0,gray,0,-0.1070878951216568,1.0998010512273972,-0.7838879526530346,-0.1677101701184421
40443117,49.27534267,-123.2037519,4610.446767246708,2.5,Y,0.02290502793296089,melanic,1,0.5430951480729993,0.5605392329782671,-0.6755862097461514,-0.1677101701184421
40450791,49.2632666,-123.2509814,1884.2208251953125,3,Y,0.1053756872327428,gray,0,-0.1313719417218176,0.6375766355852857,-0.28564055384091774,-0.1677101701184421
40450792,49.2631644,-123.2508965,1884.2208251953125,3,Y,0.1053763440860215,gray,0,-0.1313719417218176,0.6375766355852857,-0.28563744804444696,-0.1677101701184421
40450793,49.2631644,-123.2508965,1884.2208251953125,3,Y,0.10534351145038168,melanic,1,-0.1313719417218176,0.6375766355852857,-0.285792690451242,-0.1677101701184421
40450794,49.2651213,-123.2555528,1884.2208251953125,3,Y,0.1506798970966556,melanic,1,-0.1313719417218176,0.6375766355852857,-0.07142885745523664,-0.1677101701184421
40450795,49.2631644,-123.2508965,1884.2208251953125,3,Y,0.10701107011070111,melanic,1,-0.1313719417218176,0.6375766355852857,-0.2779079801666422,-0.1677101701184421
40450797,49.26541016,-123.2575431,1884.2208251953127,3,Y,0.17174280879864634,melanic,1,-0.13137194172181754,0.6375766355852857,0.02816281537292659,-0.1677101701184421
40528040,48.43428817,-123.3511247,4161.07080078125,3.5,Y,0,gray,0,0.4319197331337569,0.7146140381923043,-0.7838879526530346,-0.1677101701184421
40529058,48.46241253,-123.38988,3851.4491872105336,2.75,Y,0.028072185620166144,gray,0,0.3553194831612697,0.5990579342817764,-0.6511543607636084,-0.1677101701184421
40553534,49.17895842,-122.830581,3876.076904296875,1.5,Y,0.3474892395982783,gray,0,0.3614123694533779,0.40646442776423,0.8591438917100654,-0.1677101701184421
40557582,49.24720176,-122.867765,2016.1936035156248,1.5,Y,0.06401829094026865,melanic,1,-0.09872193485596721,0.40646442776423,-0.48119054896317287,-0.1677101701184421
40563334,49.0341257,-122.7848631,644.5467229405529,1.5,Y,0.00856898029134533,melanic,1,-0.43806676519364535,0.40646442776423,-0.7433712808024857,-0.1677101701184421
40575949,49.15999236,-122.8390027,3995.051015272722,1.5,Y,0.05696382796923953,melanic,1,0.3908465117792425,0.40646442776423,-0.5145461352244362,-0.1677101701184421
40577293,49.1597945,-122.83732,3958.316279897931,1.5,Y,0.06028571428571428,gray,0,0.38175835452842616,0.40646442776423,-0.498839274754075,-0.1677101701184421
40593224,48.41089079,-123.3643456,4161.07080078125,3.5,Y,0.050847457627118633,gray,0,0.4319197331337569,0.7146140381923043,-0.5434661422313882,-0.1677101701184421
40600045,49.16344516,-122.8502471,4256.40302442771,1.5,Y,0.03996574364830146,melanic,1,0.45550488301246217,0.40646442776423,-0.5949181026118509,-0.1677101701184421
40600413,49.15937288,-122.8393899,4011.776857544662,1.5,Y,0.05982905982905983,melanic,1,0.3949844777443943,0.40646442776423,-0.5009984720144591,-0.1677101701184421
40600481,48.47902765,-123.3269354,2294.0908345268053,3.5,Y,0.01257861635220125,gray,0,-0.02997028306840039,0.7146140381923043,-0.7244125362384554,-0.1677101701184421
40600536,48.49485121,-123.340578,1876.5025634765625,3.5,Y,0.6291782729805014,melanic,1,-0.1332814362502876,0.7146140381923043,2.191052910216393,-0.1677101701184421
40600761,49.16310943,-122.8498341,4249.301771399606,1.5,Y,0.04662471395881007,melanic,1,0.4537480361605985,0.40646442776423,-0.5634325225591202,-0.1677101701184421
40601293,49.15868937,-122.8383327,3993.8121563578543,1.5,Y,0.06468231253577561,gray,0,0.39054001863276894,0.40646442776423,-0.4780508585715394,-0.1677101701184421
40601748,49.1277945,-122.8328088,2931.6432085694,1.5,Y,0.04,gray,0,0.1277598917052717,0.40646442776423,-0.5947561284546727,-0.1677101701184421
40607554,49.12762435,-122.8310996,3058.0566089888093,1.5,Y,0.0410958904109589,gray,0,0.1590345109423659,0.40646442776423,-0.589574434641019,-0.1677101701184421
40610375,49.15897654,-122.8387253,4000.026270403406,1.5,Y,0.06146369353916524,melanic,1,0.39207738769353095,0.40646442776423,-0.49326944062724987,-0.1677101701184421
40610835,49.1585288,-122.8392526,4018.3787421877023,1.5,Y,0.06355568279415975,gray,0,0.3966177810791142,0.40646442776423,-0.48337789702723777,-0.1677101701184421
40612823,49.16033242,-122.8448561,4146.1251117886,1.5,Y,0.05660377358490566,melanic,1,0.4282221763009342,0.40646442776423,-0.5162485787874282,-0.1677101701184421
40612878,49.15769584,-122.8398437,4043.6858963474815,1.5,Y,0.06750572082379863,melanic,1,0.40287875980206306,0.40646442776423,-0.4647009495722752,-0.1677101701184421
40619510,49.1585695,-122.839645,4027.844071307503,1.5,Y,0.06310679611650485,melanic,1,0.3989594993083004,0.40646442776423,-0.4855003659323181,-0.1677101701184421
40638927,37.233025,-121.97718,1096.8614501953125,5.25,Y,0,melanic,1,-0.32616430213759434,0.9842449473168694,-0.7838879526530346,-0.1677101701184421
40680302,48.75598962,-122.65924,81.47834777832031,1.5,Y,0.6699895068205667,gray,0,-0.5773696316557706,0.40646442776423,2.384020487815329,-0.1677101701184421
40680365,51.09793945,-114.2207173,1891.277587890625,-12,Y,0.07982538197692547,melanic,1,-0.1296261017585684,-1.6735454426252723,-0.4064499498873609,-0.1677101701184421
40696771,45.55918091,-122.8425703,1616.2392645358648,2.25,Y,0.00286123032904148,gray,0,-0.19767046105901034,0.5220205316747579,-0.7703592098634522,-0.1677101701184421
40737204,49.15737782,-122.8399486,4050.385974864304,1.5,Y,0.06924177396280401,gray,0,0.404536356257637,0.40646442776423,-0.4564923771451407,-0.1677101701184421
40737257,49.31043799,-123.074485,5364.850164054977,2,Y,0,melanic,1,0.7297342140902959,0.48350183037124855,-0.7838879526530346,-0.1677101701184421
40741779,37.28423,-121.96,2616.863036175565,6,Y,0,gray,0,0.04988341656622827,1.0998010512273972,-0.7838879526530346,-0.1677101701184421
40769569,37.3500124,-121.9471894,3378.1926396088816,6.25,Y,0,melanic,1,0.23823602303285346,1.1383197525309066,-0.7838879526530346,-0.1677101701184421
40786571,49.17842833,-122.8314217,3876.0769042968745,1.5,Y,0.31888633754305395,melanic,1,0.3614123694533778,0.40646442776423,0.7239009156332741,-0.1677101701184421
40789666,49.1591,-122.8389883,4005.037586381369,1.5,Y,0.06070105443146195,melanic,1,0.39331718504545377,0.40646442776423,-0.49687542376837324,-0.1677101701184421
40844989,49.15911383,-122.8389583,4004.137680101316,1.5,Y,0.06071835803876853,melanic,1,0.393094548630609,0.40646442776423,-0.4967936071979956,-0.1677101701184421
40849830,49.17867833,-122.8316033,3876.076904296875,1.5,Y,0.321356711698764,melanic,1,0.3614123694533779,0.40646442776423,0.7355815748963224,-0.1677101701184421
40853541,48.41490333,-123.364555,4161.07080078125,3.5,Y,0.039126478616924476,melanic,1,0.4319197331337569,0.7146140381923043,-0.5988863957711065,-0.1677101701184421
40854050,37.35744667,-122.0745862,2364.34130859375,6,Y,0,gray,0,-0.012590346919386526,1.0998010512273972,-0.7838879526530346,-0.1677101701184421
40911629,49.17908767,-122.8308948,3876.076904296875,1.5,Y,0.3381171067738232,melanic,1,0.3614123694533779,0.40646442776423,0.8148296772671018,-0.1677101701184421
40934887,49.16049339,-122.8384308,3975.895075883249,1.5,Y,0.05458702486424693,gray,0,0.38610734086423687,0.40646442776423,-0.5257843628996256,-0.1677101701184421
40987224,37.549295,-122.264045,2481.6578795739083,6.75,Y,0,melanic,1,0.016433720746169687,1.2153571551379252,-0.7838879526530346,-0.1677101701184421
40988280,38.01008197,-122.641499,93.76642608642578,5.25,Y,0.2934131736526946,melanic,1,-0.5743295665284457,0.9842449473168694,0.6034562667660864,-0.1677101701184421
40989229,37.4418834,-122.1430195,3112.059326171875,6,Y,0,gray,0,0.17239475923934588,1.0998010512273972,-0.7838879526530346,-0.1677101701184421
40995582,49.11160509,-122.8873061,1059.5921624533858,2,Y,0.18783899514701685,gray,0,-0.3353847074071254,0.48350183037124855,0.10427034254052867,-0.1677101701184421
40997929,49.11174617,-122.8867887,1112.9236251708298,2,Y,0.17423593259068837,melanic,1,-0.3221905271674389,0.48350183037124855,0.03995104164145775,-0.1677101701184421
41003891,49.16070833,-122.8444533,4129.866684503777,1.5,Y,0.05782994560549671,melanic,1,0.4241998485964358,0.40646442776423,-0.5104508750115438,-0.1677101701184421
41007143,48.02092695,-122.0861203,914.0585473898,2.25,Y,0.1064225876512566,gray,0,-0.37138965927307216,0.5220205316747579,-0.2806904991932292,-0.1677101701184421
41008888,37.42330795,-122.1577937,2753.562072972703,6,Y,0,melanic,1,0.08370269768455829,1.0998010512273972,-0.7838879526530346,-0.1677101701184421
41010674,48.41442167,-123.3642583,4161.07080078125,3.5,Y,0.03959484346224677,gray,0,0.4319197331337569,0.7146140381923043,-0.5966718283314518,-0.1677101701184421
41054377,37.76903929,-122.474812,6888.4111328125,7.5,Y,0.1444022215726396,gray,0,1.1066625225156899,1.3309132590484531,-0.1011115630448005,-0.1677101701184421
41063326,48.41326111,-123.3641056,4161.07080078125,3.5,Y,0.04233672464719396,melanic,1,0.4319197331337569,0.7146140381923043,-0.5837074035753461,-0.1677101701184421
41064659,49.15897482,-122.8390907,4009.037387478723,1.5,Y,0.0609512959270863,melanic,1,0.39430673406421946,0.40646442776423,-0.49569220800443425,-0.1677101701184421
41068879,48.46062829,-123.3763933,4161.07080078125,2.75,Y,0.014832393948383267,gray,0,0.4319197331337569,0.5990579342817764,-0.7137560095358728,-0.1677101701184421
41079234,49.11201093,-122.8873029,1077.4753819596438,2,Y,0.18428571428571427,melanic,1,-0.3309604068271552,0.48350183037124855,0.0874693802608466,-0.1677101701184421
41080233,49.092625,-122.68062,898.7390301543636,1,Y,0.09991386735572783,melanic,1,-0.37517970104747894,0.3294270251572114,-0.31146565276048566,-0.1677101701184421
41086252,49.17843333,-122.8314283,3876.076904296875,1.5,Y,0.32844827586206893,melanic,1,0.3614123694533779,0.40646442776423,0.769112586561962,-0.1677101701184421
41094943,49.15821254,-122.8398383,4037.17243779541,1.5,Y,0.06607804044431786,melanic,1,0.4012673330430583,0.40646442776423,-0.47145144443586035,-0.1677101701184421
41112955,37.39395521,-122.0934256,3044.4025062931614,6,Y,0,gray,0,0.15565649198698775,1.0998010512273972,-0.7838879526530346,-0.1677101701184421
41117969,37.34135892,-121.9760309,3585.6990369388973,6.25,Y,0,gray,0,0.289573013765056,1.1383197525309066,-0.7838879526530346,-0.1677101701184421
41125473,47.52660333,-122.3790283,2526.41552734375,3.25,Y,0.02743641040297227,gray,0,0.02750674296775102,0.676095336888795,-0.6541604939288082,-0.1677101701184421
41130127,49.15902658,-122.8411157,4060.5423859370985,1.5,Y,0.060571428571428575,melanic,1,0.407049047855705,0.40646442776423,-0.49748833315265806,-0.1677101701184421
41140240,49.15475,-122.8371889,4009.778391172923,1.5,Y,0.07753934191702433,melanic,1,0.3944900580497503,0.40646442776423,-0.41725902305535173,-0.1677101701184421
41141310,49.15864591,-122.8373592,3971.423740448092,1.5,Y,0.06687625035724493,melanic,1,0.3850011344592837,0.40646442776423,-0.46767727201273257,-0.1677101701184421
41145496,37.45073667,-122.143045,3112.059326171875,6,Y,0,melanic,1,0.17239475923934588,1.0998010512273972,-0.7838879526530346,-0.1677101701184421
41153257,37.32690833,-121.9555333,3724.807861328125,6,Y,0,gray,0,0.32398847526564645,1.0998010512273972,-0.7838879526530346,-0.1677101701184421
41186373,48.53515229,-123.3944893,513.41839599609375,2.75,Y,0.4568480300187617,gray,0,-0.4705078551633722,0.5990579342817764,1.3762245798188744,-0.1677101701184421
41242691,37.98692167,-122.4776167,774.462646484375,6.25,Y,0.10177261613691933,gray,0,-0.4059256232878965,1.1383197525309066,-0.30267693906765486,-0.1677101701184421
41256755,49.17200341,-123.967451,1421.4001252539354,1.5,Y,0.14514252472367656,gray,0,-0.24587357776427002,0.40646442776423,-0.09761119090941511,-0.1677101701184421
41262160,37.55867851,-122.2889553,3209.136523653959,6.75,Y,0,gray,0,0.1964116148716087,1.2153571551379252,-0.7838879526530346,-0.1677101701184421
41273587,37.33043588,-121.936963,3717.8110704213823,6,Y,0,gray,0,0.3222574722963098,1.0998010512273972,-0.7838879526530346,-0.1677101701184421
41341393,37.2462676,-121.9019461,2480.992666173955,5.5,Y,0,melanic,1,0.01626914724584514,1.0227636486203786,-0.7838879526530346,-0.1677101701184421
41385606,37.41083237,-122.1393281,670.24578857421875,6,Y,0,gray,0,-0.4317088277457528,1.0998010512273972,-0.7838879526530346,-0.1677101701184421
41386990,37.33065846,-121.9371745,3717.9809915729866,6,Y,0,gray,0,0.3222995107139073,1.0998010512273972,-0.7838879526530346,-0.1677101701184421
41390589,48.46053075,-123.3461926,4161.07080078125,3.5,Y,0.06491278238490135,gray,0,0.4319197331337569,0.7146140381923043,-0.47696112899684256,-0.1677101701184421
41393748,37.328965,-121.9523017,3724.8078613281255,6,Y,0,melanic,1,0.32398847526564656,1.0998010512273972,-0.7838879526530346,-0.1677101701184421
41393750,37.32909122,-121.9523411,3724.807861328125,6,Y,0,gray,0,0.32398847526564645,1.0998010512273972,-0.7838879526530346,-0.1677101701184421
41393751,37.33299,-121.9534533,3720.3241525647272,6,Y,0,gray,0,0.32287920770477035,1.0998010512273972,-0.7838879526530346,-0.1677101701184421
41413215,48.44142583,-123.2979598,2121.60400390625,3.75,Y,0.04936653560506772,gray,0,-0.07264344851742327,0.7531327394958136,-0.5504683793195386,-0.1677101701184421
41417959,48.46205333,-123.3108,2121.60400390625,3.5,Y,0.1459166190748144,gray,0,-0.07264344851742327,0.7146140381923043,-0.09395104399110643,-0.1677101701184421
41465621,37.26886333,-121.9666533,2482.0955683309994,6,Y,0,melanic,1,0.01654200475068951,1.0998010512273972,-0.7838879526530346,-0.1677101701184421
41467797,47.65453842,-122.65171,591.1632371909407,2.75,Y,0.22921412300683372,gray,0,-0.4512738159084335,0.5990579342817764,0.29990417775471934,-0.1677101701184421
41474285,37.33581071,-121.9201293,3701.1293945312505,6.25,Y,0,gray,0,0.3181304330744427,1.1383197525309066,-0.7838879526530346,-0.1677101701184421
41486743,49.22428342,-122.8935951,3487.2599067464107,2,Y,0.013145238858608523,gray,0,0.2652192165838509,0.48350183037124855,-0.721733377531739,-0.1677101701184421
41502016,37.33114303,-121.9371777,3717.799391892087,6,Y,0,gray,0,0.3222545830333381,1.0998010512273972,-0.7838879526530346,-0.1677101701184421
41510060,48.41682611,-123.3422145,4161.07080078125,3.5,Y,0.04012983180879314,gray,0,0.4319197331337569,0.7146140381923043,-0.5941422452837722,-0.1677101701184421
41512225,47.668195,-122.359854,3698.271444737709,3.25,Y,0.02312303739651727,gray,0,0.3174233775621695,0.676095336888795,-0.6745553965577783,-0.1677101701184421
41515583,47.43179968,-122.071313,304.52273062187743,1.75,Y,0.5618586088939567,gray,0,-0.5221885501939836,0.4449831290677393,1.8727456383886638,-0.1677101701184421
41564268,48.40944825,-123.3436558,4161.07080078125,3.5,Y,0.030817329164805708,gray,0,0.4319197331337569,0.7146140381923043,-0.6381745106065075,-0.1677101701184421
41581832,37.5816413,-122.385972,2043.0989990234375,6.5,Y,0.027722206344669903,melanic,1,-0.09206555193185854,1.1768384538344159,-0.6528091662337641,-0.1677101701184421
41629751,37.40783,-122.003677,1021.6152118002072,6.5,Y,0,gray,0,-0.3447801881672625,1.1768384538344159,-0.7838879526530346,-0.1677101701184421
41634834,47.67205174,-122.6697313,751.1268112625268,2.25,Y,0.20057061340941512,gray,0,-0.41169889857929376,0.5220205316747579,0.16446919721464273,-0.1677101701184421
41641411,37.5842804,-122.489997,138.73391723632812,6.75,Y,0.29854160709179295,gray,0,-0.5632046291476404,1.2153571551379252,0.6277050160565002,-0.1677101701184421
41666575,37.33058667,-121.9362467,3716.877079541579,6,Y,0,melanic,1,0.32202640336659305,1.0998010512273972,-0.7838879526530346,-0.1677101701184421
41666599,37.33064667,-121.9362217,3716.822675474349,6,Y,0,gray,0,0.3220129438244724,1.0998010512273972,-0.7838879526530346,-0.1677101701184421
41670879,49.31068653,-123.0747294,5352.399658677581,2,Y,0,melanic,1,0.7266539645780168,0.48350183037124855,-0.7838879526530346,-0.1677101701184421
41701483,37.30707289,-121.952345,3588.813296277774,6,Y,0,melanic,1,0.29034348014524824,1.0998010512273972,-0.7838879526530346,-0.1677101701184421
41701532,37.30709849,-121.9523343,3590.174944533698,6,Y,0,gray,0,0.2906803513202787,1.0998010512273972,-0.7838879526530346,-0.1677101701184421
41704875,37.30782512,-121.9537612,3646.22507388732,6,Y,0,gray,0,0.3045471284808372,1.0998010512273972,-0.7838879526530346,-0.1677101701184421
41705133,37.30781659,-121.9544371,3652.913008553507,6,Y,0,gray,0,0.3062017205531461,1.0998010512273972,-0.7838879526530346,-0.1677101701184421
41719249,37.76798891,-122.4758745,6888.4111328125,7.5,Y,0.14919708029197082,gray,0,1.1066625225156899,1.3309132590484531,-0.07844005363578714,-0.1677101701184421
41737834,38.12705575,-122.6009736,298.85571939121814,5.25,Y,0.0982626032469382,gray,0,-0.5235905662608182,0.9842449473168694,-0.31927331758870225,-0.1677101701184421
41744760,37.375662,-122.119321,996.9530029296876,6,Y,0.02002288329519451,gray,0,-0.3508816077114897,1.0998010512273972,-0.6892138415697585,-0.1677101701184421
41765645,37.30699609,-121.9546195,3612.051367519414,6,Y,0,gray,0,0.2960925686712711,1.0998010512273972,-0.7838879526530346,-0.1677101701184421
41768374,37.30542845,-121.953592,3502.4951900713863,6,Y,0,gray,0,0.26898841892614234,1.0998010512273972,-0.7838879526530346,-0.1677101701184421
41783729,48.41042441,-123.3411682,4161.07080078125,3.5,Y,0.04015215553677093,gray,0,0.4319197331337569,0.7146140381923043,-0.5940366920988885,-0.1677101701184421
41793365,47.67204474,-122.6697899,751.5115258727725,2.25,Y,0.20079863091842556,gray,0,-0.4116037203552252,0.5220205316747579,0.1655473314003505,-0.1677101701184421
41800254,49.86660286,-119.4313494,576.4316216750813,-4.75,Y,0.1046611381183872,melanic,1,-0.45491841105797615,-0.5565031048235025,-0.28901915327785277,-0.1677101701184421
41808930,37.3715406,-122.0147769,2688.4760845527835,6.25,Y,0,gray,0,0.06760045299570827,1.1383197525309066,-0.7838879526530346,-0.1677101701184421
41845150,49.3104428,-123.073793,5370.485028675186,2,Y,0,melanic,1,0.7311282770999528,0.48350183037124855,-0.7838879526530346,-0.1677101701184421
41849788,33.55382438,-101.8666272,1983.415958565158,-0.75,Y,0,gray,0,-0.106831109689596,0.05979611603264629,-0.7838879526530346,-0.1677101701184421
41861441,37.40604002,-121.9551811,1481.6434328765529,6.5,Y,0,gray,0,-0.23096941015838685,1.1768384538344159,-0.7838879526530346,-0.1677101701184421
41880814,45.589845,-122.75518,1724.749287152542,2.5,Y,0,gray,0,-0.1708251295554998,0.5605392329782671,-0.7838879526530346,-0.1677101701184421
41882835,49.24231208,-123.1117934,5371.2861328125,2.5,Y,0.02881597717546362,gray,0,0.7313264699084733,0.5605392329782671,-0.6476374944216898,-0.1677101701184421
41885360,37.34952988,-121.8894627,3895.6419016674768,6.25,Y,0,melanic,1,0.3662527411316195,1.1383197525309066,-0.7838879526530346,-0.1677101701184421
41915746,37.76696667,-122.4412467,7138.179522589095,7.25,Y,0.03427592116538133,gray,0,1.168455111448578,1.2923945577449438,-0.6218212652508393,-0.1677101701184421
41936609,37.72817,-122.4852917,5002.083984375,7.5,Y,0.03281677301731996,gray,0,0.639986022016154,1.3309132590484531,-0.6287205490263019,-0.1677101701184421
41962578,48.46822775,-123.4188609,1510.9699209349012,2.75,Y,0.09322580645161291,gray,0,-0.22371405001030864,0.5990579342817764,-0.3430887817391106,-0.1677101701184421
41964547,49.2832804,-123.0379173,5037.001595209247,2,Y,0.012543757292882138,gray,0,0.6486246234609929,0.48350183037124855,-0.7245773601754271,-0.1677101701184421
42005099,36.98842302,-121.9496308,1392.234375,5.25,Y,0.05154639175257732,melanic,1,-0.25308917145077575,0.9842449473168694,-0.540161375077826,-0.1677101701184421
42012196,49.1723155,-123.9696919,1427.9239281634534,1.5,Y,0.12845103167683816,gray,0,-0.24425959181581752,0.40646442776423,-0.17653350412298557,-0.1677101701184421
42022636,49.22602016,-123.0184701,6535.730570396602,2,Y,0.20246984491671455,melanic,1,1.0194095076827157,0.48350183037124855,0.17344932520340633,-0.1677101701184421
42036120,37.42388,-122.2098833,1581.19141847656,6,Y,0.00343445907269605,melanic,1,-0.206341282640808,1.0998010512273972,-0.7676488149141941,-0.1677101701184421
42039711,37.22466643,-121.8997281,1083.028717645339,5.5,Y,0.16153846153846155,gray,0,-0.3295865140397635,1.0227636486203786,-0.020086354928881042,-0.1677101701184421
42045281,37.99580333,-121.31968,2624.9686164417576,5,Y,0,melanic,1,0.05188873353167522,0.9457262460133601,-0.7838879526530346,-0.1677101701184421
42070064,48.43113201,-123.3383724,4161.07080078125,3.5,Y,0.00601030337721808,gray,0,0.4319197331337569,0.7146140381923043,-0.7554694616100638,-0.1677101701184421
42103505,37.76903929,-122.474812,6888.4111328125,7.5,Y,0.14436002337814144,gray,0,1.1066625225156899,1.3309132590484531,-0.10131108858238336,-0.1677101701184421
42122340,37.43210167,-122.0882033,2227.312769430583,6,Y,0,melanic,1,-0.04649114677703601,1.0998010512273972,-0.7838879526530346,-0.1677101701184421
42192453,37.32932833,-121.936375,3717.523957599588,6,Y,0,gray,0,0.3221864407114468,1.0998010512273972,-0.7838879526530346,-0.1677101701184421
42251691,38.53830751,-121.7472211,385.38098391797814,4.75,Y,0,gray,0,-0.5021842541650652,0.9072075447098508,-0.7838879526530346,-0.1677101701184421
42265388,49.1723155,-123.9696919,1427.9239281634534,1.5,Y,0.12878787878787878,gray,0,-0.24425959181581752,0.40646442776423,-0.17494079140830904,-0.1677101701184421
42267559,37.44110752,-122.1961035,1621.1752290741251,6,Y,0,gray,0,-0.19644930561987392,1.0998010512273972,-0.7838879526530346,-0.1677101701184421
42278391,37.26192609,-122.3263162,13.997707325435153,5.5,Y,0.7400742644958584,gray,0,-0.5940643121962619,1.0227636486203786,2.7154019395060307,-0.1677101701184421
42279459,49.1723155,-123.9696919,1427.9239281634534,1.5,Y,0.12874164487067713,gray,0,-0.24425959181581752,0.40646442776423,-0.17515939903581368,-0.1677101701184421
42287764,49.2112098,-124.0201695,1571.195228300283,1.5,Y,0.0896817743490839,melanic,1,-0.20881433566008786,0.40646442776423,-0.35984601315333226,-0.1677101701184421
42312943,37.35673,-122.0959028,1571.7723959884554,5.5,Y,0,melanic,1,-0.20867154462983584,1.0227636486203786,-0.7838879526530346,-0.1677101701184421
42353117,47.6782098,-117.364745,1113.423994699158,-2,Y,0.002929973630237327,gray,0,-0.32206673596789526,-0.13279739048490022,-0.7700341712145374,-0.1677101701184421
42357615,37.34125565,-121.9757615,3587.2423208852515,6.25,Y,0,melanic,1,0.28995482152939756,1.1383197525309066,-0.7838879526530346,-0.1677101701184421
42371284,37.36278675,-122.0062597,3964.9477230511375,6.25,Y,0,melanic,1,0.3833989706254608,1.1383197525309066,-0.7838879526530346,-0.1677101701184421
42394489,37.32930803,-121.9364518,3717.625205494825,6,Y,0,gray,0,0.3222114893958552,1.0998010512273972,-0.7838879526530346,-0.1677101701184421
42401577,37.31944444,-122.0744444,2007.17043868102,5.5,Y,0.1995432486440194,melanic,1,-0.10095426183696404,1.0227636486203786,0.15961151290973236,-0.1677101701184421
42426174,47.63170526,-122.3661587,4712.54150390625,3.25,Y,0,gray,0,0.5683533406739819,0.676095336888795,-0.7838879526530346,-0.1677101701184421
42426456,37.32934667,-121.9364133,3717.56349677601,6,Y,0,gray,0,0.3221962226861699,1.0998010512273972,-0.7838879526530346,-0.1677101701184421
42482251,37.32926333,-121.9365383,3717.747313528152,6,Y,0,gray,0,0.3222416988691818,1.0998010512273972,-0.7838879526530346,-0.1677101701184421
42487525,37.42545278,-122.1816667,1625.5228271484375,6,Y,0.00429307384087006,melanic,1,-0.19537371178315305,1.0998010512273972,-0.7635890304794841,-0.1677101701184421
42503196,37.32929167,-121.936445,3717.6232499309353,6,Y,0,melanic,1,0.32221100559021565,1.0998010512273972,-0.7838879526530346,-0.1677101701184421
42513769,37.406908,-121.97567,1206.305908203125,6.5,Y,0,gray,0,-0.29908779173246053,1.1768384538344159,-0.7838879526530346,-0.1677101701184421
42513778,37.404868,-121.973542,1206.305908203125,6.5,Y,0,gray,0,-0.29908779173246053,1.1768384538344159,-0.7838879526530346,-0.1677101701184421
42515282,37.43849722,-122.1538806,3112.0593261718745,6,Y,0,gray,0,0.17239475923934577,1.0998010512273972,-0.7838879526530346,-0.1677101701184421
42576622,48.67253654,-122.4899753,143.40899658203125,1.5,Y,0.664767331433998,gray,0,-0.5620480165895179,0.40646442776423,2.359328498886691,-0.1677101701184421
42591761,37.3356479,-121.9202662,3701.1293945312495,6.25,Y,0,gray,0,0.3181304330744425,1.1383197525309066,-0.7838879526530346,-0.1677101701184421
42629925,37.5629917,-122.3255254,1665.3716511625043,6.75,Y,0,gray,0,-0.18551513038315007,1.2153571551379252,-0.7838879526530346,-0.1677101701184421
42629926,37.5629917,-122.3255254,1665.3716511625043,6.75,Y,0,gray,0,-0.18551513038315007,1.2153571551379252,-0.7838879526530346,-0.1677101701184421
42629936,37.5629917,-122.3255254,1665.3716511625043,6.75,Y,0,gray,0,-0.18551513038315007,1.2153571551379252,-0.7838879526530346,-0.1677101701184421
42641241,48.51947138,-123.4301854,161.46861521889826,2.5,Y,0.683832709113608,gray,0,-0.5575800749428154,0.5605392329782671,2.4494752403760756,-0.1677101701184421
42643857,47.673434,-122.3439673,3696.7537583269905,3.25,Y,0.0591337099811676,gray,0,0.3170479026167994,0.676095336888795,-0.504286291644157,-0.1677101701184421
42644348,37.58656624,-122.3211405,2657.3764997458693,6.75,Y,0.019162210338680916,gray,0,0.05990642949787484,1.2153571551379252,-0.6932833577273488,-0.1677101701184421
42644357,37.53258402,-122.2432006,2352.2392578125,6.25,Y,0,gray,0,-0.015584388919015072,1.1383197525309066,-0.7838879526530346,-0.1677101701184421
42644475,47.40114223,-122.0029032,475.4093695525,1.75,Y,0.40411546156044587,gray,0,-0.47991127145984197,0.4449831290677393,1.1268894081392176,-0.1677101701184421
42644501,47.59613501,-122.153743,2108.137939453125,2.25,Y,0.12292738707833048,gray,0,-0.07597494689494015,0.5220205316747579,-0.20265092860146522,-0.1677101701184421
42645712,47.47127741,-122.1850201,1988.9200439453125,2.25,Y,0.2531356898517674,gray,0,-0.10546940140596724,0.5220205316747579,0.4130124171313531,-0.1677101701184421
42646541,45.48690646,-122.8040322,2799.825439453125,3.25,Y,0,gray,0,0.0951482340477997,0.676095336888795,-0.7838879526530346,-0.1677101701184421
42683181,49.27596333,-122.87583,2582.9033203125,2,Y,0.162,gray,0,0.041481797912718846,0.48350183037124855,-0.017904064649669194,-0.1677101701184421
42697957,47.45648668,-122.1839451,1724.898343144875,2.25,Y,0.004563605248146031,gray,0,-0.1707882531690585,0.5220205316747579,-0.7623098780154577,-0.1677101701184421
42697981,47.48090578,-122.0111112,112.34118723934311,2.25,Y,0.7540656205420829,gray,0,-0.5697341788515846,0.5220205316747579,2.781557206806811,-0.1677101701184421
42701170,47.55174111,-122.1238217,1377.806156836535,2.25,Y,0.09507445589919818,gray,0,-0.25665870622980236,0.5220205316747579,-0.33434782068098323,-0.1677101701184421
42709231,37.45000918,-122.141545,3112.059326171875,6,Y,0,gray,0,0.17239475923934588,1.0998010512273972,-0.7838879526530346,-0.1677101701184421
42712676,47.69918811,-122.3701273,3405.604405691895,3.25,Y,0.026533523537803142,gray,0,0.24501768181284236,0.676095336888795,-0.6584296099251626,-0.1677101701184421
42713862,51.02439892,-114.0654771,2873.74853515625,-11.25,Y,0.0046282904252241824,melanic,1,0.11343677516189146,-1.5579893387147443,-0.7620040273769729,-0.1677101701184421
42717655,37.0513374,-122.0732973,353.17767333984375,4.5,Y,0.3292509256622045,gray,0,-0.510151338929525,0.8686888434063414,0.7729077520842643,-0.1677101701184421
42725036,49.167695,-123.1659778,2539.5237059989845,2.5,Y,0.0018309429356118344,gray,0,0.03074970055748548,0.5605392329782671,-0.7752307132176502,-0.1677101701184421
42726200,37.32729167,-121.9413633,3723.440584755755,6,Y,0,gray,0,0.32365021164762175,1.0998010512273972,-0.7838879526530346,-0.1677101701184421
42730231,49.84286167,-119.4927767,1374.8309615047308,-3.75,Y,0.007651109410864553,gray,0,-0.25739476823627827,-0.4024282996094653,-0.747711245652583,-0.1677101701184421
42731924,37.43571167,-122.1702217,2505.195153775618,6,Y,0,melanic,1,0.022256831951906482,1.0998010512273972,-0.7838879526530346,-0.1677101701184421
42748416,51.17326994,-114.0581848,877.7731908141683,-12,Y,0,melanic,1,-0.38036664040814205,-1.6735454426252723,-0.7838879526530346,-0.1677101701184421
42782955,37.396614,-122.005565,1706.1165567345934,6.5,Y,0,gray,0,-0.17543485880283752,1.1768384538344159,-0.7838879526530346,-0.1677101701184421
42782957,37.396614,-122.005565,1706.1165567345934,6.5,Y,0,gray,0,-0.17543485880283752,1.1768384538344159,-0.7838879526530346,-0.1677101701184421
42782960,37.396636,-122.00698,1780.6670845158148,6.5,Y,0,gray,0,-0.15699109127070382,1.1768384538344159,-0.7838879526530346,-0.1677101701184421
42782975,37.397667,-122.00934,1885.8244422168032,6.5,Y,0,gray,0,-0.13097520758142703,1.1768384538344159,-0.7838879526530346,-0.1677101701184421
42796845,37.41897405,-122.1559534,2047.5763747474348,6,Y,0,gray,0,-0.09095785116212333,1.0998010512273972,-0.7838879526530346,-0.1677101701184421
42799939,37.30921397,-121.8970071,3701.12939453125,6.25,Y,0,gray,0,0.3181304330744426,1.1383197525309066,-0.7838879526530346,-0.1677101701184421
42814745,51.00058171,-114.0245302,1796.043636625369,-11.5,Y,0.006572769953051634,gray,0,-0.1531869390937183,-1.5965080400182536,-0.7528099533716136,-0.1677101701184421
42815171,37.40824048,-122.0636659,2256.356778765167,6.25,Y,0,gray,0,-0.03930567174002204,1.1383197525309066,-0.7838879526530346,-0.1677101701184421
42851030,37.77171325,-122.4654999,6888.4111328125,7.5,Y,0.121894858463316,gray,0,1.1066625225156899,1.3309132590484531,-0.20753302911383262,-0.1677101701184421
42872540,45.68793584,-122.6307555,1272.5470235552298,2.25,Y,0,gray,0,-0.2826997691525424,0.5220205316747579,-0.7838879526530346,-0.1677101701184421
42897578,37.23118649,-121.8395538,1787.7187020758154,5.5,Y,0.15265866209262435,gray,0,-0.15524652421165047,1.0227636486203786,-0.062072671621550814,-0.1677101701184421
42902220,37.25660639,-121.8814215,2973.885498046875,6,Y,0,gray,0,0.1382106154001332,1.0998010512273972,-0.7838879526530346,-0.1677101701184421
42902472,51.11880246,-114.1598947,2373.0177535891844,-11.5,Y,0.00143020594965675,gray,0,-0.010443798272933541,-1.5965080400182536,-0.7771255161470862,-0.1677101701184421
42908078,37.56969868,-122.3167796,2517.195442538957,6.75,Y,0,melanic,1,0.025225698073404995,1.2153571551379252,-0.7838879526530346,-0.1677101701184421
42929140,37.75365833,-122.443445,7490.723313235721,7.25,Y,0.01058049756934515,gray,0,1.255674289006452,1.2923945577449438,-0.73386023249762,-0.1677101701184421
42952340,51.15584034,-114.1930671,261.456535071397,-12,Y,0,gray,0,-0.53284310788615,-1.6735454426252723,-0.7838879526530346,-0.1677101701184421
42955330,47.048116,-122.844987,908.2147180878716,1.25,Y,0.08443804034582132,gray,0,-0.37283542005237263,0.36794572646072066,-0.3846399375945331,-0.1677101701184421
42969792,37.385145,-122.1291278,798.8483213209917,6,Y,0,gray,0,-0.3998926181410966,1.0998010512273972,-0.7838879526530346,-0.1677101701184421
42992601,37.73505738,-122.4233116,6363.263694829792,7.25,Y,0,gray,0,0.9767412791051453,1.2923945577449438,-0.7838879526530346,-0.1677101701184421
43023109,48.41355795,-123.3518078,4161.07080078125,3.5,Y,0.05765035836709254,gray,0,0.4319197331337569,0.7146140381923043,-0.511300016561597,-0.1677101701184421
43063634,51.03963469,-114.1779184,1530.1316895926552,-12,Y,8.56898029134533e-4,melanic,1,-0.21897343693691385,-1.6735454426252723,-0.7798362854679798,-0.1677101701184421
43066559,51.03952584,-114.1778622,1536.442857929109,-12,Y,5.720823798627001e-4,melanic,1,-0.21741205668759736,-1.6735454426252723,-0.7811829780506553,-0.1677101701184421
43073496,51.0398427,-114.077073,2937.1433716697497,-11.25,Y,0,melanic,1,0.1291206296186151,-1.5579893387147443,-0.7838879526530346,-0.1677101701184421
43090605,49.20397752,-122.8617872,4048.719896721209,1.5,Y,0.06185567010309278,melanic,1,0.40412416926344435,0.40646442776423,-0.49141605956278434,-0.1677101701184421
43102702,51.15853684,-114.0453982,3017.5198315508624,-11.5,Y,0.002004581901489117,melanic,1,0.14900573017019728,-1.5965080400182536,-0.7744096968584432,-0.1677101701184421
43185531,37.2899741,-121.9571041,2627.598876953125,6,Y,0,melanic,1,0.05253945881645088,1.0998010512273972,-0.7838879526530346,-0.1677101701184421
43185686,37.2899741,-121.9571041,2627.598876953125,6,Y,0,gray,0,0.05253945881645088,1.0998010512273972,-0.7838879526530346,-0.1677101701184421
43192846,48.48151333,-123.41382,532.4011575801685,2.75,Y,0.07208237986270023,gray,0,-0.4658115283606693,0.5990579342817764,-0.44306115275324065,-0.1677101701184421
43210294,51.05488611,-114.0757528,3138.058837890625,-11,Y,0.013842913030394212,melanic,1,0.17882702691552993,-1.519470637411235,-0.7184345678115914,-0.1677101701184421
43241963,38.01799717,-122.5891583,146.35426330566406,5.5,Y,0.3211428571428571,gray,0,-0.561319358907439,1.0227636486203786,0.7345704073395273,-0.1677101701184421
43245767,33.55560432,-101.8673013,1986.3079880871144,-0.75,Y,0,melanic,1,-0.10611562286761717,0.05979611603264629,-0.7838879526530346,-0.1677101701184421
43245782,37.42550556,-122.1800389,1631.3979861265,6,Y,0.00429553264604811,gray,0,-0.1939202000558624,1.0998010512273972,-0.7635774045217671,-0.1677101701184421
43245895,33.55484879,-101.8667798,1984.0869461045663,-0.75,Y,0,gray,0,-0.10666510766972938,0.05979611603264629,-0.7838879526530346,-0.1677101701184421
43246222,37.42548333,-122.1800333,1631.3651171112508,6,Y,0.00428326670474014,melanic,1,-0.19392833183566743,1.0998010512273972,-0.7636354015181444,-0.1677101701184421
43247233,51.05404197,-114.0716352,3138.0588378906245,-11,Y,0.013851249623607339,melanic,1,0.17882702691552982,-1.519470637411235,-0.7183951499345413,-0.1677101701184421
43253402,37.23113097,-121.8394894,1787.4425320663486,5.5,Y,0.15633038010860245,melanic,1,-0.15531484854959346,1.0227636486203786,-0.044711703463952625,-0.1677101701184421
43254466,37.24479964,-121.9659976,1096.52204287757,5.25,Y,0.004886988393402564,gray,0,-0.3262482713575779,0.9842449473168694,-0.7607808269110233,-0.1677101701184421
43256875,48.45650914,-123.4803855,677.4462162613752,2.5,Y,0.29135661133371493,gray,0,-0.429927445127194,0.5605392329782671,0.5937322321919305,-0.1677101701184421
43314392,51.03106783,-114.0211116,464.8547973632813,-11.5,Y,8.899436369029962e-4,melanic,1,-0.48252246794164755,-1.5965080400182536,-0.7796800360660048,-0.1677101701184421
43341562,49.158135,-122.8375917,3982.4370578083567,1.5,Y,0.06928999144568007,melanic,1,0.38772582429308927,0.40646442776423,-0.45626439063277563,-0.1677101701184421
43341579,49.155795,-122.8389583,4044.6864763361946,1.5,Y,0.07352522086064406,gray,0,0.4031263028478117,0.40646442776423,-0.43623897400400813,-0.1677101701184421
43361967,51.0447331,-114.0718831,3014.2855810133547,-11,Y,0.00143102461362335,gray,0,0.14820557802064407,-1.519470637411235,-0.7771216452618511,-0.1677101701184421
43369432,37.4557,-122.1545583,2789.914193075179,6,Y,0,melanic,1,0.09269619608657974,1.0998010512273972,-0.7838879526530346,-0.1677101701184421
43372845,51.05247041,-114.1079772,3029.138993572543,-11.5,Y,0,gray,0,0.15188030570472558,-1.5965080400182536,-0.7838879526530346,-0.1677101701184421
43435403,51.09111254,-114.0745745,1001.763872043288,-11.5,Y,0,melanic,1,-0.3496914008249716,-1.5965080400182536,-0.7838879526530346,-0.1677101701184421
43443029,51.09687783,-114.2229217,1891.277587890625,-12,Y,0.08523259444270995,melanic,1,-0.1296261017585684,-1.6735454426252723,-0.3808830509503124,-0.1677101701184421
43446973,50.97701809,-114.0301682,2096.6391883638385,-11.5,Y,0.02868852459016393,melanic,1,-0.07881973281816054,-1.5965080400182536,-0.6482401279206029,-0.1677101701184421
43478188,51.2679138,-114.0189988,1742.2593994140625,-12,Y,0,gray,0,-0.1664931355425158,-1.6735454426252723,-0.7838879526530346,-0.1677101701184421
43485164,50.97431864,-114.0326786,2172.37141754182,-11.5,Y,0.022719679251587025,melanic,1,-0.06008361288420082,-1.5965080400182536,-0.6764625931016764,-0.1677101701184421
43508963,49.13777217,-123.1631862,4537.485207629194,2,Y,8.556759840273817e-4,gray,0,0.5250444905603329,0.48350183037124855,-0.7798420636584888,-0.1677101701184421
43509330,51.09690833,-114.222825,1891.277587890625,-12,Y,0.08494088363410081,melanic,1,-0.1296261017585684,-1.6735454426252723,-0.382262345884578,-0.1677101701184421
43515378,33.5382186,-101.8827563,1906.639299811826,-1,Y,0,gray,0,-0.1258256210376042,0.02127741472913699,-0.7838879526530346,-0.1677101701184421
43521349,47.8968947,-122.0287049,92.01458803355472,2.25,Y,0.10082833476149672,gray,0,-0.574762970486308,0.5220205316747579,-0.3071417805449103,-0.1677101701184421
43524309,50.91029251,-114.1993809,65.97803949227875,-13,Y,0.02202517162471395,gray,0,-0.5812044010559702,-1.8276202478393093,-0.6797464304614309,-0.1677101701184421
43525869,51.09599167,-114.2222583,1891.2775878906248,-12,Y,0.08480894687791239,melanic,1,-0.12962610175856845,-1.6735454426252723,-0.38288618186899626,-0.1677101701184421
43526276,51.02950778,-114.0971384,2875.9282174133537,-11.5,Y,0,gray,0,0.11397602758625944,-1.5965080400182536,-0.7838879526530346,-0.1677101701184421
43527082,47.51624803,-122.0464557,321.1056247707763,2.25,Y,0.6282453637660486,gray,0,-0.5180859495311174,0.5220205316747579,2.1866418396778693,-0.1677101701184421
43528876,51.055637,-114.070249,3138.0588378906245,-11,Y,0.013566475731082299,melanic,1,0.17882702691552982,-1.519470637411235,-0.7197416450789745,-0.1677101701184421
43528895,51.055637,-114.070249,3138.0588378906245,-11,Y,0.013578756789378388,melanic,1,0.17882702691552982,-1.519470637411235,-0.7196835766050089,-0.1677101701184421
43528907,51.055637,-114.070249,3138.0588378906245,-11,Y,0.01356238698010849,melanic,1,0.17882702691552982,-1.519470637411235,-0.7197609779022337,-0.1677101701184421
43528947,51.055637,-114.070249,3138.0588378906245,-11,Y,0.013264998492613799,melanic,1,0.17882702691552982,-1.519470637411235,-0.7211671185806203,-0.1677101701184421
43529398,37.5053634,-122.276497,1603.2499105753031,6.25,Y,0.00828098229583095,gray,0,-0.20088402147194606,1.1383197525309066,-0.7447330204589135,-0.1677101701184421
43538999,37.29069109,-121.9580375,2627.598876953125,6,Y,0,gray,0,0.05253945881645088,1.0998010512273972,-0.7838879526530346,-0.1677101701184421
43539130,37.29069109,-121.9580375,2627.598876953125,6,Y,0,gray,0,0.05253945881645088,1.0998010512273972,-0.7838879526530346,-0.1677101701184421
43539148,37.29069109,-121.9580375,2627.598876953125,6,Y,0,gray,0,0.05253945881645088,1.0998010512273972,-0.7838879526530346,-0.1677101701184421
43546424,37.75643169,-122.471745,6995.291001777801,7.5,Y,0.017468499427262314,gray,0,1.1331045547283374,1.3309132590484531,-0.7012917235858807,-0.1677101701184421
43547660,51.03349128,-114.0650482,2873.74853515625,-11.25,Y,0.004563605248146027,melanic,1,0.11343677516189146,-1.5579893387147443,-0.7623098780154577,-0.1677101701184421
43549141,51.03539726,-114.0651602,2873.74853515625,-11.25,Y,0.00200057159188339,melanic,1,0.11343677516189146,-1.5579893387147443,-0.7744286587877265,-0.1677101701184421
43555262,37.33232167,-121.935425,3715.159602505299,6,Y,0,melanic,1,0.3216015003090066,1.0998010512273972,-0.7838879526530346,-0.1677101701184421
43646952,47.72941686,-122.6239268,571.9522915581048,2.75,Y,0.21841052029731275,gray,0,-0.4560265953436683,0.5990579342817764,0.2488215505455677,-0.1677101701184421
43649766,37.90056441,-122.5229989,1029.7695536335325,6.5,Y,0.007297139521307646,gray,0,-0.34276280761171823,1.1768384538344159,-0.7493849199256627,-0.1677101701184421
43725262,37.34845107,-122.07071,2364.34130859375,6,Y,0,gray,0,-0.012590346919386526,1.0998010512273972,-0.7838879526530346,-0.1677101701184421
43731434,38.00825,-122.5217883,1950.1148681640627,6,Y,0.1596176129779838,gray,0,-0.11506978469571823,1.0998010512273972,-0.029168694735179898,-0.1677101701184421
43733333,37.79159167,-122.4570483,6888.4111328125,7.25,Y,0.14289797084881395,gray,0,1.1066625225156899,1.2923945577449438,-0.10822410513102179,-0.1677101701184421
43765517,49.01916117,-123.0851222,1509.1932373046875,2.5,Y,0.03374413145539906,gray,0,-0.22415360075299381,0.5605392329782671,-0.6243357241993109,-0.1677101701184421
43782945,37.66484715,-122.4645683,3102.0249161008924,7.25,Y,0.004002287021154941,gray,0,0.16991225063505505,1.2923945577449438,-0.764963956521123,-0.1677101701184421
43788693,37.55126026,-122.3166517,2024.6063549119688,6.75,Y,0,gray,0,-0.09664062388905968,1.2153571551379252,-0.7838879526530346,-0.1677101701184421
43808293,51.3401672,-114.4793414,2.758171558380127,-14,Y,0.02172049156901971,melanic,1,-0.5968449683636469,-1.9816950530533466,-0.6811870478296888,-0.1677101701184421
43900535,51.14863035,-114.1510827,2415.350923563986,-12,Y,0.0037367059499856256,gray,0,2.9409216688154205e-5,-1.6735454426252723,-0.7662197023326932,-0.1677101701184421
43926543,47.69891218,-122.3705847,3423.4367506746207,3.25,Y,0.0220125786163522,gray,0,0.24942939605823836,0.676095336888795,-0.6798059739275211,-0.1677101701184421
43926658,47.93456302,-122.2073717,727.572998046875,2.25,Y,0.01400400114318376,gray,0,-0.4175261015297496,0.5220205316747579,-0.7176728955958773,-0.1677101701184421
43953337,47.67211322,-122.669823,751.525629531654,2.25,Y,0.2006841505131129,gray,0,-0.41160023111626864,0.5220205316747579,0.16500603420305668,-0.1677101701184421
43956493,37.34845396,-122.0706765,2364.34130859375,6,Y,0,melanic,1,-0.012590346919386526,1.0998010512273972,-0.7838879526530346,-0.1677101701184421
43976453,51.05384101,-114.0749646,3138.058837890625,-11,Y,0.013859596263934917,melanic,1,0.17882702691552993,-1.519470637411235,-0.7183556845517642,-0.1677101701184421
43993356,49.2648,-123.24,1884.2208251953127,2.5,Y,0.12567837760639816,melanic,1,-0.13137194172181754,0.5605392329782671,-0.18964343217831883,-0.1677101701184421
43995258,37.2900936,-121.9562672,2627.598876953125,6,Y,0,gray,0,0.05253945881645088,1.0998010512273972,-0.7838879526530346,-0.1677101701184421
43996036,51.05535502,-114.0727896,3138.0588378906255,-11,Y,0.013872135102533172,melanic,1,0.17882702691553004,-1.519470637411235,-0.7182963972163289,-0.1677101701184421
44019004,38.7907339,-121.2357828,1293.3311767578125,5,Y,0,gray,0,-0.277557778861801,0.9457262460133601,-0.7838879526530346,-0.1677101701184421
44045179,37.3566523,-121.8958293,2647.773951130688,6.25,Y,0,gray,0,0.05753076322634745,1.1383197525309066,-0.7838879526530346,-0.1677101701184421
44066301,37.7694208,-122.4862138,6888.4111328125,7.5,Y,0.17751824817518247,gray,0,1.1066625225156899,1.3309132590484531,0.055470799993709775,-0.1677101701184421
44072851,50.97035412,-114.1272612,778.2266235351564,-12,Y,0.002163164400494433,melanic,1,-0.40499441703373523,-1.6735454426252723,-0.7736598719253729,-0.1677101701184421
44080631,37.54278172,-122.021772,3151.052978515625,6.75,Y,0,gray,0,0.18204177154712625,1.2153571551379252,-0.7838879526530346,-0.1677101701184421
44110039,37.413591,-121.999585,533.7093467405807,6.5,Y,0,gray,0,-0.46548788294217536,1.1768384538344159,-0.7838879526530346,-0.1677101701184421
44118555,51.043275,-114.01682219999999,512.7481096138062,-11.5,Y,0.0060780550223928234,gray,0,-0.47067368371727786,-1.5965080400182536,-0.7551491118039553,-0.1677101701184421
44121771,50.9972,-114.0222167,1793.2838134765625,-11.5,Y,0.0066709021601016405,melanic,1,-0.15386971811757394,-1.5965080400182536,-0.7523459552883143,-0.1677101701184421
44133140,50.91084817,-113.9778185,2559.46728515625,-12.25,Y,0.003140165572366539,melanic,1,0.035683733201959465,-1.7120641439287816,-0.7690403215783701,-0.1677101701184421
44144435,49.170977,-123.093449,588.5651089328338,2.5,Y,0.45511720983419096,melanic,1,-0.4519165916879936,0.5605392329782671,1.3680407503471943,-0.1677101701184421
44154199,49.20653013,-123.9772516,1209.9300404784417,1.5,Y,0.0656956925937403,melanic,1,-0.29819118301376973,0.40646442776423,-0.47325929809731176,-0.1677101701184421
44175207,51.04675618,-114.039507,878.5580607306039,-11.5,Y,0.0055248618784530315,gray,0,-0.3801724639386718,-1.5965080400182536,-0.7577647725151394,-0.1677101701184421
44181378,47.47216333,-122.11885,438.6274359090956,2.25,Y,0.2132226674298798,gray,0,-0.48901110554139493,0.5220205316747579,0.2242918486333103,-0.1677101701184421
44195641,51.0971669,-114.222235,1891.277587890625,-12,Y,0.08408595453129866,melanic,1,-0.1296261017585684,-1.6735454426252723,-0.386304703403909,-0.1677101701184421
44204076,48.49639119,-123.3352714,1876.5025634765625,3.5,Y,0.5801952580195258,gray,0,-0.1332814362502876,0.7146140381923043,1.9594467358587684,-0.1677101701184421
44205193,49.23555556,-122.8885389,3160.017424392694,2,Y,0.060234085069940053,melanic,1,0.1842595714840531,0.48350183037124855,-0.4990833929481078,-0.1677101701184421
44206730,48.46141553,-123.3187278,2279.4800007751996,3.5,Y,0.10088344257623257,gray,0,-0.03358499686299739,0.7146140381923043,-0.3068812145066959,-0.1677101701184421
44219345,51.08708668,-114.0774827,1543.1496362640391,-11.5,Y,0,melanic,1,-0.21575280269999303,-1.5965080400182536,-0.7838879526530346,-0.1677101701184421
44222432,37.31386167,-122.0504528,1544.6036825280437,5.5,Y,0,melanic,1,-0.21539307229871446,1.0227636486203786,-0.7838879526530346,-0.1677101701184421
44226716,37.43216183,-122.0884758,2207.9154272171,6,Y,0,melanic,1,-0.05129004064371153,1.0998010512273972,-0.7838879526530346,-0.1677101701184421
44227900,45.86717524,-122.5282478,93.7143348311742,1.25,Y,0.44941578797378173,gray,0,-0.574342453881908,0.36794572646072066,1.341082742422604,-0.1677101701184421
44262526,37.00215133,-122.0552017,422.07498653999875,5.25,Y,0.6561964591661907,gray,0,-0.49310617417923136,0.9842449473168694,2.318802881212153,-0.1677101701184421
44275207,45.45119371,-122.7984469,2799.825439453125,2.5,Y,0,gray,0,0.0951482340477997,0.5605392329782671,-0.7838879526530346,-0.1677101701184421
44297953,47.16081512,-122.2828856,1187.3292995979275,1.25,Y,0.12449567723342939,gray,0,-0.30378259629091614,0.36794572646072066,-0.1952355891538105,-0.1677101701184421
44298109,47.16105838,-122.2830121,1183.389213136192,1.25,Y,0.12251369270683193,gray,0,-0.30475737193529545,0.36794572646072066,-0.2046069978800181,-0.1677101701184421
44313921,47.63630752,-122.2922731,4976.987375985912,3.25,Y,0.10993717875499714,gray,0,0.6337771322235598,0.676095336888795,-0.2640724735241846,-0.1677101701184421
44316191,51.08775828,-114.0787455,1458.2470714353617,-11.5,Y,0,melanic,1,-0.23675765960962414,-1.5965080400182536,-0.7838879526530346,-0.1677101701184421
44318284,37.432753,-122.104575,1564.9465609394051,6,Y,0.0021745883814849325,melanic,1,-0.21036025319574736,1.0998010512273972,-0.7736058559662644,-0.1677101701184421
44322106,51.1245558,-114.1883909,2349.153076171875,-11.5,Y,0.00142775556824671,melanic,1,-0.016347908889103927,-1.5965080400182536,-0.7771371022747379,-0.1677101701184421
44340463,47.63056667,-122.3156133,5128.403551773554,3.25,Y,0.0627147766323024,gray,0,0.6712374270054755,0.676095336888795,-0.48735394993653086,-0.1677101701184421
44366176,37.37693173,-122.0396606,2193.2722181425765,6.5,Y,0,gray,0,-0.05491276407884956,1.1768384538344159,-0.7838879526530346,-0.1677101701184421
44382283,37.38723891,-122.1216807,787.8582181654501,6,Y,0,melanic,1,-0.40261156479094223,1.0998010512273972,-0.7838879526530346,-0.1677101701184421
44384751,45.56132942,-122.835563,1613.0933837890625,2.25,Y,0.00629110666285387,gray,0,-0.19844875056150868,0.5220205316747579,-0.7541417406687341,-0.1677101701184421
44415088,49.17360574,-123.9698717,1437.9278093676016,1.5,Y,0.13089005235602097,gray,0,-0.24178463603965106,0.40646442776423,-0.16500109336520127,-0.1677101701184421
44432073,37.34377961,-122.0420519,3023.5795294259106,6,Y,0,melanic,1,0.1505048967388142,1.0998010512273972,-0.7838879526530346,-0.1677101701184421
44435145,51.0301928,-114.0098708,464.8547973632813,-11.5,Y,0.014253320375769348,gray,0,-0.48252246794164755,-1.5965080400182536,-0.7164940405642112,-0.1677101701184421
44436283,37.33302167,-121.9534067,3720.2011984646288,6,Y,0,gray,0,0.32284878891489954,1.0998010512273972,-0.7838879526530346,-0.1677101701184421
44436297,37.35585,-121.9651,3558.432861328125,6.25,Y,0,gray,0,0.2828273740033736,1.1383197525309066,-0.7838879526530346,-0.1677101701184421
44437046,49.35964167,-123.283195,886.4124755859375,2.5,Y,0.23172323759791122,gray,0,-0.37822928518455434,0.5605392329782671,0.31176801324804965,-0.1677101701184421
44438673,37.28995703,-121.9561385,2627.598876953125,6,Y,0,gray,0,0.05253945881645088,1.0998010512273972,-0.7838879526530346,-0.1677101701184421
44438692,37.28995703,-121.9561385,2627.598876953125,6,Y,0,gray,0,0.05253945881645088,1.0998010512273972,-0.7838879526530346,-0.1677101701184421
44440837,37.089909,-122.0633281,171.10293469957938,4.5,Y,0.7512125534950073,gray,0,-0.5551965485732443,0.8686888434063414,2.7680670624274697,-0.1677101701184421
44440987,49.16923175,-123.143428,3859.986346738325,2.5,Y,0.01749354746200172,melanic,1,0.35743157264475944,0.5605392329782671,-0.7011732890733094,-0.1677101701184421
44441957,51.0411632,-114.0150403,464.8547973632813,-11.5,Y,0.003567953292247808,melanic,1,-0.48252246794164755,-1.5965080400182536,-0.7670176147826,-0.1677101701184421
44503403,37.55788395,-122.2884571,3191.2785724720356,6.75,Y,0,gray,0,0.1919935656638799,1.2153571551379252,-0.7838879526530346,-0.1677101701184421
44541819,47.71104419,-122.3794755,2018.967041015625,3.25,Y,0.37312661498708005,gray,0,-0.09803578764766012,0.676095336888795,0.9803649810836219,-0.1677101701184421
44542282,47.66184802,-122.3173231,4166.9521484375,3.25,Y,0,gray,0,0.43337477593728835,0.676095336888795,-0.7838879526530346,-0.1677101701184421
44542720,37.35254662,-122.0449802,3011.605830177979,6,Y,0,gray,0,0.14754260885164297,1.0998010512273972,-0.7838879526530346,-0.1677101701184421
45168177,47.69363778,-122.2799742,2416.93408203125,3.25,Y,0.02853559109438695,gray,0,4.210819198303675e-4,0.676095336888795,-0.6489632426965363,-0.1677101701184421
45175260,51.04512158,-113.9432451,377.970947265625,-11.5,Y,0,melanic,1,-0.5040174939487145,-1.5965080400182536,-0.7838879526530346,-0.1677101701184421
45191826,37.29029846,-121.9561385,2627.598876953125,6,Y,0,gray,0,0.05253945881645088,1.0998010512273972,-0.7838879526530346,-0.1677101701184421
45191843,37.29029846,-121.9561385,2627.598876953125,6,Y,0,gray,0,0.05253945881645088,1.0998010512273972,-0.7838879526530346,-0.1677101701184421
45225751,37.24388787,-121.9015362,2448.6397914868035,5.5,Y,0,gray,0,0.008265060387101517,1.0227636486203786,-0.7838879526530346,-0.1677101701184421
45239369,37.7696435,-122.4706695,6888.4111328125,7.5,Y,0.13085199185809826,gray,0,1.1066625225156899,1.3309132590484531,-0.1651810546502518,-0.1677101701184421
45239683,51.04211,-114.019515,484.31230255376903,-11.5,Y,0.006146878032999019,gray,0,-0.4777086897811254,-1.5965080400182536,-0.754823696265386,-0.1677101701184421
45242886,37.24520779,-121.9658375,1096.4721903554682,5.25,Y,0.004882514494964901,gray,0,-0.3262606048494511,0.9842449473168694,-0.7608019808253431,-0.1677101701184421
45243727,37.24365739,-121.971094,1096.8614501953125,5.25,Y,0.008246792913866825,gray,0,-0.32616430213759434,0.9842449473168694,-0.7448946779633907,-0.1677101701184421
45307713,49.05245542,-122.4639611,252.8777731918292,1,Y,0.014318442153493698,gray,0,-0.5349654897730308,0.3294270251572114,-0.71618612554881,-0.1677101701184421
45336274,37.77148791,-122.4632097,6888.4111328125,7.5,Y,0.10938399539435811,gray,0,1.1066625225156899,1.3309132590484531,-0.26668808797703064,-0.1677101701184421
45430694,49.00937881,-122.4614037,50.18767041187493,1,Y,0.1974285714285714,melanic,1,-0.5851109313681394,0.3294270251572114,0.14961269392602253,-0.1677101701184421
45448735,49.05493213,-122.3513526,1751.335885571528,1,Y,0.06735454284895386,gray,0,-0.16424761688987535,0.3294270251572114,-0.46541576372630034,-0.1677101701184421
45511390,37.75371667,-122.4434367,7487.570018419627,7.25,Y,0.01116518751789292,gray,0,1.2548941652664967,1.2923945577449438,-0.7310956455836379,-0.1677101701184421
45558191,48.8318203,-124.0419671,13.92598057053957,0.5,Y,0.20298062593144564,gray,0,-0.5940820573636335,0.25238962255019276,0.17586444883045588,-0.1677101701184421
45566555,49.1723155,-123.9696919,1427.9239281634534,1.5,Y,0.1312190864125691,gray,0,-0.24425959181581752,0.40646442776423,-0.1634453230817429,-0.1677101701184421
45613663,51.19066071,-114.493884,260.50255579042533,-13,Y,0.008469449485783423,gray,0,-0.5330791219374568,-1.8276202478393093,-0.7438418918729821,-0.1677101701184421
45639816,51.06181194,-114.0327875,1343.6046142578125,-11.5,Y,0,gray,0,-0.26512015270558736,-1.5965080400182536,-0.7838879526530346,-0.1677101701184421
45639818,51.06040806,-114.0407117,1343.6046142578125,-11.5,Y,0,melanic,1,-0.26512015270558736,-1.5965080400182536,-0.7838879526530346,-0.1677101701184421
45645436,51.05417813,-114.0724863,3138.058837890625,-11,Y,0.013880506940253464,melanic,1,0.17882702691552993,-1.519470637411235,-0.7182568126928306,-0.1677101701184421
45708913,47.83313367,-122.2740845,1594.6410293025265,2.75,Y,5.702879954376961e-4,gray,0,-0.2030138548833579,0.5990579342817764,-0.7811914624306455,-0.1677101701184421
45713994,51.10449905,-114.1952775,2222.8652180406293,-11.5,Y,0.011936735302894656,gray,0,-0.04759146901974705,-1.5965080400182536,-0.7274475395827983,-0.1677101701184421
45738136,47.66254667,-122.1382362,1420.315245609709,2.25,Y,0.018576736210345814,gray,0,-0.24614197650743078,0.5220205316747579,-0.696051652475173,-0.1677101701184421
45751141,47.8972172,-122.044737,46.458404541015625,2.25,Y,0.02661705781339439,gray,0,-0.586033550091772,0.5220205316747579,-0.6580346351770211,-0.1677101701184421
45751794,48.46410751,-123.3737209,4161.07080078125,3.5,Y,0.024709735040190525,gray,0,0.4319197331337569,0.7146140381923043,-0.6670530210627992,-0.1677101701184421
45751843,47.96399058,-122.3721228,92.57683563232422,3.75,Y,0.5271118721461188,gray,0,-0.5746238706795617,0.7531327394958136,1.7084527957371929,-0.1677101701184421
45752071,37.41161959,-122.2880727,70.74827575683594,5.5,Y,1,gray,0,-0.5800242467182968,1.0227636486203786,3.9444076523060105,-0.1677101701184421
45754109,47.72245376,-122.2265291,1706.6346435546875,3.25,Y,0.10351730054332284,gray,0,-0.17530668435316332,0.676095336888795,-0.2944275554568166,-0.1677101701184421
45756189,50.94571921,-114.0111343,2021.7374724157316,-11.5,Y,3.136762860727729e-4,melanic,1,-0.09735038414713437,-1.5965080400182536,-0.7824047984482169,-0.1677101701184421
45756197,50.94571921,-114.0111343,2021.7374724157316,-11.5,Y,3.134796238244514e-4,gray,0,-0.09735038414713437,-1.5965080400182536,-0.7824057283254613,-0.1677101701184421
45782273,50.9,-114.05,1592.1434326171875,-12.25,Y,0,melanic,1,-0.203631759196371,-1.7120641439287816,-0.7838879526530346,-0.1677101701184421
45830886,47.87191728,-122.2085268,1758.868552453621,2.25,Y,0.03226727584237578,gray,0,-0.1623840384417383,0.5220205316747579,-0.6313187341035279,-0.1677101701184421
45854035,47.41831524,-122.1593994,928.7195993127224,2.25,Y,0.10710194730813288,gray,0,-0.36776252152514816,0.5220205316747579,-0.2774782859134346,-0.1677101701184421
45877880,47.62701228,-122.1340847,1670.6375665984206,2.25,Y,0.02364672364672365,gray,0,-0.18421234523816848,0.5220205316747579,-0.67207925316255,-0.1677101701184421
45881982,49.1377,-123.1631917,4536.944984051954,2,Y,8.576329331046312e-4,gray,0,0.5249108394867519,0.48350183037124855,-0.7798328106247678,-0.1677101701184421
45929446,49.15003611,-123.9470889,1295.8905029296875,1.5,Y,0.05088622069754145,melanic,1,-0.2769246027011775,0.40646442776423,-0.5432828589758734,-0.1677101701184421
45931866,47.62700819,-122.1340643,1670.93489554038,2.25,Y,0.022889842632331903,gray,0,-0.18413878618970447,0.5220205316747579,-0.6756580103363754,-0.1677101701184421
45971255,33.55534667,-101.8654467,1975.546049471359,-0.75,Y,0,gray,0,-0.10877812171144266,0.05979611603264629,-0.7838879526530346,-0.1677101701184421
45984881,37.738055,-122.4530417,7742.72021484375,7.25,Y,0.0422495004282044,gray,0,1.3180182107787561,1.2923945577449438,-0.5841198254666404,-0.1677101701184421
45987346,37.49884653,-122.2660326,1541.2816162109375,6.25,Y,0,melanic,1,-0.2162149500332202,1.1383197525309066,-0.7838879526530346,-0.1677101701184421
46003649,49.15760665,-122.8366036,3965.4800127072663,1.5,Y,0.0718562874251497,gray,0,0.38353065885047527,0.40646442776423,-0.44413018463202536,-0.1677101701184421
46015358,47.84393783,-122.3046154,2179.1254930136297,2.75,Y,0.06476462196861626,gray,0,-0.05841265760589462,0.5990579342817764,-0.47766167524199227,-0.1677101701184421
46034286,50.5,-119.56,24.730947114273647,-8.25,Y,0.34022394487510765,melanic,1,-0.5914089134294962,-1.0957649230726327,0.8247914306017655,-0.1677101701184421
46108548,47.60343833,-122.3096467,5929.86572265625,3.25,Y,0,gray,0,0.8695188128722444,0.676095336888795,-0.7838879526530346,-0.1677101701184421
46124008,37.40423339,-122.1040086,2902.645728791518,6,Y,0,gray,0,0.12058592805996377,1.0998010512273972,-0.7838879526530346,-0.1677101701184421
46157070,36.99181841,-121.9878187,2240.1388919626893,5.25,Y,0.25449358059914406,gray,0,-0.04331796974715566,0.9842449473168694,0.4194329259841889,-0.1677101701184421
46169177,37.58173374,-122.3857347,2043.0989990234375,6.5,Y,0.027666856816885334,gray,0,-0.09206555193185854,1.1768384538344159,-0.6530708751627244,-0.1677101701184421
46267560,33.55593225,-101.8656923,1977.2321754400557,-0.75,Y,0,gray,0,-0.10836097489408147,0.05979611603264629,-0.7838879526530346,-0.1677101701184421
46308715,49.17828611,-122.8951083,3615.4641023484746,2,Y,0.056759840273816295,melanic,1,0.2969368777554499,0.48350183037124855,-0.5155106493481716,-0.1677101701184421
46393046,37.329495,-121.9362783,3717.3414434911087,6,Y,0,gray,0,0.3221412868018997,1.0998010512273972,-0.7838879526530346,-0.1677101701184421
46394906,49.26606022,-122.894314,2201.477604712366,2,Y,0.2419400855920114,gray,0,-0.05288275507812712,0.48350183037124855,0.36007629071508823,-0.1677101701184421
46409083,50.99211416,-114.1566815,1272.210248311009,-12,Y,0.17599032355609315,gray,0,-0.28278308719870315,-1.6735454426252723,0.048246320732561014,-0.1677101701184421
46417914,49.2832804,-123.0379173,5037.001595209247,2,Y,0.012794416981680715,melanic,1,0.6486246234609929,0.48350183037124855,-0.7233921670705403,-0.1677101701184421
46423284,49.229325,-123.0161833,6347.765685544558,2,Y,0.2020057306590258,melanic,1,0.9729070784767266,0.48350183037124855,0.1712548557985778,-0.1677101701184421
46432361,51.10453168,-114.195202,2224.8750075711764,-11.5,Y,0.011926058437686342,melanic,1,-0.04709424798063237,-1.5965080400182536,-0.7274980229576374,-0.1677101701184421
46437094,48.8318203,-124.0419671,13.92598057053957,0.5,Y,0.20089153046062405,melanic,1,-0.5940820573636335,0.25238962255019276,0.16598658789743032,-0.1677101701184421
46521864,37.45044094,-122.1420926,3112.059326171875,6,Y,0,gray,0,0.17239475923934588,1.0998010512273972,-0.7838879526530346,-0.1677101701184421
46545097,37.62121934,-121.7492363,3.908173485294288,4.25,Y,0.16124346310284715,melanic,1,-0.5965604583966114,0.8301701421028322,-0.021481194735466388,-0.1677101701184421
46606379,48.74948067,-122.4775819,2199.5614160114824,1.5,Y,0.002070393374741194,gray,0,-0.05335681931346712,0.40646442776423,-0.7740985207587094,-0.1677101701184421
46612576,47.08492761,-122.3130109,1579.7440185546875,1.25,Y,0.03766048502139801,gray,0,-0.20669936873998881,0.36794572646072066,-0.6058180468457324,-0.1677101701184421
46648202,37.57778151,-122.4758862,73.62611732751783,6.5,Y,0.6271428571428572,gray,0,-0.5793122699891751,1.1768384538344159,2.1814288624569955,-0.1677101701184421
46648996,37.31256167,-121.938995,3711.195476751947,6,Y,0,gray,0,0.3206207773545356,1.0998010512273972,-0.7838879526530346,-0.1677101701184421
46663845,37.29617709,-121.8964924,3701.12939453125,6.25,Y,0,gray,0,0.3181304330744426,1.1383197525309066,-0.7838879526530346,-0.1677101701184421
46674048,51.05810833,-114.0575638,2369.1317146528404,-11,Y,0.0032041945819982513,melanic,1,-0.011405202583484946,-1.519470637411235,-0.7687375734935387,-0.1677101701184421
46684356,48.47424737,-123.3712295,3217.033997561331,3.5,Y,0.05958178172443426,gray,0,0.19836544641611653,0.7146140381923043,-0.5021676759897629,-0.1677101701184421
46692716,37.2348826,-121.9725622,1096.8614501953125,5.25,Y,0.001745200698080275,gray,0,-0.32616430213759434,0.9842449473168694,-0.7756361278625302,-0.1677101701184421
46710797,49.15073333,-123.9525222,1295.8905029296875,1.5,Y,0.09709853490376327,melanic,1,-0.2769246027011775,0.40646442776423,-0.3247773768196082,-0.1677101701184421
46765750,47.67521337,-116.790614,761.7843671996498,-2,Y,0.026462395543175483,gray,0,-0.40906222396389924,-0.13279739048490022,-0.6587659241095501,-0.1677101701184421
46765795,47.67507472,-116.7905776,747.2975747188694,-2,Y,0.02731481481481482,gray,0,-0.41264625000306937,-0.13279739048490022,-0.6547354338138754,-0.1677101701184421
46792150,49.2441212,-122.9355635,3267.495305219117,2,Y,0.1701142327878975,gray,0,0.21084955156610205,0.48350183037124855,0.02046242657896112,-0.1677101701184421
46792166,49.2435989,-122.9352862,3325.73617287704,2,Y,0.19334975369458127,melanic,1,0.22525831641220512,0.48350183037124855,0.13032683796096797,-0.1677101701184421
46793378,49.2436842,-122.9352869,3317.213174113341,2,Y,0.1893728761198641,melanic,1,0.2231497302954758,0.48350183037124855,0.11152298520297255,-0.1677101701184421
46804457,49.25966476,-123.215372,2636.090001723127,2.5,Y,0.513203214695752,melanic,1,0.054640159321266174,0.5605392329782671,1.642688551843743,-0.1677101701184421
46835368,47.6780933,-122.1402333,1323.6763916015625,2.25,Y,0.05433228481555619,gray,0,-0.2700503861585161,0.5220205316747579,-0.5269888491522572,-0.1677101701184421
46930403,37.27396167,-121.8109583,1623.5299307601672,5.5,Y,0,melanic,1,-0.19586675346635551,1.0227636486203786,-0.7838879526530346,-0.1677101701184421
47001531,49.23891134,-123.1813088,3939.025477800916,2.5,Y,0.00741374394069004,melanic,1,0.3769858186393461,0.5605392329782671,-0.7488335797619782,-0.1677101701184421
47007312,37.4309563,-122.1295748,2941.57953739971,6,Y,0,gray,0,0.13021813505408983,1.0998010512273972,-0.7838879526530346,-0.1677101701184421
47015339,45.50826813,-122.6327042,2624.805822102419,3,Y,0,gray,0,0.0518484582842736,0.6375766355852857,-0.7838879526530346,-0.1677101701184421
47029773,47.71170287,-122.3745057,2018.967041015625,3.25,Y,0.32327919566898683,gray,0,-0.09803578764766012,0.676095336888795,0.7446716474033311,-0.1677101701184421
47075063,37.3452,-121.9916083,3898.4404993226567,6.25,Y,0,gray,0,0.366945112951167,1.1383197525309066,-0.7838879526530346,-0.1677101701184421
47217481,49.24179944,-122.9749475,3423.81869866591,2,Y,0.08152173913043478,melanic,1,0.24952388982200316,0.48350183037124855,-0.39842907181398196,-0.1677101701184421
47258308,51.04543322,-114.025785,663.2688929832757,-11.5,Y,0.007597340930674256,melanic,1,-0.4334349086227783,-1.5965080400182536,-0.747965478921152,-0.1677101701184421
47292227,46.8728015,-122.6044493,134.1613241534851,1.25,Y,0.2094420600858369,gray,0,-0.5643358866497535,0.36794572646072066,0.20641601954439637,-0.1677101701184421
47311371,47.554055,-122.1174145,1308.5581968780805,2.25,Y,0.15098655990849302,gray,0,-0.27379062083269196,0.5220205316747579,-0.0699788650298214,-0.1677101701184421
47320101,49.12057076,-122.900761,298.0099013581563,2,Y,0.26180257510729615,melanic,1,-0.5237998212673295,0.48350183037124855,0.4539920125937542,-0.1677101701184421
47356753,50.929122220000004,-114.1035778,2732.2257404795364,-12,Y,0.21145501880242984,melanic,1,0.07842409848205341,-1.6735454426252723,0.21593388339702674,-0.1677101701184421
47369274,49.21835833,-122.8995533,3347.6102054445983,2,Y,0.05236990387802453,melanic,1,0.23066994237480473,0.48350183037124855,-0.5362675663144435,-0.1677101701184421
47371223,49.23227461,-123.0739214,5882.704546422661,2,Y,0.00313568985176738,gray,0,0.8578511587739805,0.48350183037124855,-0.7690614841084082,-0.1677101701184421
47405847,49.207955,-123.1434945,3134.225166062478,2.5,Y,0.015301243226012106,gray,0,0.17787857820433722,0.5605392329782671,-0.7115391515570721,-0.1677101701184421
47415608,45.5675953,-122.6178836,1926.207763671875,3,Y,0,gray,0,-0.12098439175140974,0.6375766355852857,-0.7838879526530346,-0.1677101701184421
47423642,49.31668096,-123.074509,5281.47412109375,2,Y,0,melanic,1,0.7091070180141147,0.48350183037124855,-0.7838879526530346,-0.1677101701184421
47450989,49.20538654,-123.1425021,2965.828022978607,2.5,Y,0.011571841851494688,melanic,1,0.1362171996393325,0.5605392329782671,-0.7291728636853312,-0.1677101701184421
47455963,38.5459738,-121.5055858,1772.0800357236965,5.75,Y,0,gray,0,-0.159115523336077,1.061282349923888,-0.7838879526530346,-0.1677101701184421
47473168,50.92900833,-114.1036,2733.5548342502807,-12,Y,0.2158564814814815,melanic,1,0.07875291569187857,-1.6735454426252723,0.23674530003777802,-0.1677101701184421
47517987,37.2538084,-121.8492727,3253.8117819418844,6,Y,0,melanic,1,0.2074642539718791,1.0998010512273972,-0.7838879526530346,-0.1677101701184421
47518020,37.25380232,-121.8493569,3252.8060125463085,6,Y,0,melanic,1,0.20721542706917256,1.0998010512273972,-0.7838879526530346,-0.1677101701184421
47518093,37.25441967,-121.8488197,3260.993647729401,6,Y,0,gray,0,0.20924104438469363,1.0998010512273972,-0.7838879526530346,-0.1677101701184421
47552950,49.10708333,-122.6685583,2060.6409088172463,1,Y,0.004285714285714279,gray,0,-0.08772569122347916,0.3294270251572114,-0.7636238286317816,-0.1677101701184421
47573306,37.1151584,-122.1038046,113.61663870618108,4.75,Y,0.8237482117310444,gray,0,-0.5694186327239715,0.9072075447098508,3.1110370964677356,-0.1677101701184421
47577155,37.76817333,-122.4727983,6888.4111328125,7.5,Y,0.13160198424277794,gray,0,1.1066625225156899,1.3309132590484531,-0.16163486895401807,-0.1677101701184421
47577688,37.40421738,-122.1039451,2909.712300521496,6,Y,0,melanic,1,0.12233419477404185,1.0998010512273972,-0.7838879526530346,-0.1677101701184421
47583202,51.06110278,-114.0338139,1343.6046142578125,-11.5,Y,0,gray,0,-0.26512015270558736,-1.5965080400182536,-0.7838879526530346,-0.1677101701184421
47591399,47.67514771,-122.0332971,465.5796006676306,2.25,Y,0.37925121463275224,gray,0,-0.4823431519253858,0.5220205316747579,1.0093238986703874,-0.1677101701184421
47643408,47.28343012,-122.6063305,469.82448109619,3.25,Y,0.34899569583931134,gray,0,-0.4812929703886995,0.676095336888795,0.866266862133605,-0.1677101701184421
47648461,45.4052316,-122.9389542,55.56080390665921,2.25,Y,0.05279680365296804,gray,0,-0.5837816205229132,0.5220205316747579,-0.5342490579848201,-0.1677101701184421
47683589,49.2442692,-122.9354996,3252.7818453804302,2,Y,0.16918802099413396,gray,0,0.20720944812304523,0.48350183037124855,0.016083023425247752,-0.1677101701184421
47685386,47.6718697,-122.3118602,3953.0761581842858,3.25,Y,0.02540679417642021,gray,0,0.3804619507389026,0.676095336888795,-0.6637571194125678,-0.1677101701184421
47766488,49.22352685,-123.0172246,6522.01210617259,2,Y,0.20406410990269033,melanic,1,1.0160155657137455,0.48350183037124855,0.18098748132973574,-0.1677101701184421
47776668,48.78699649,-123.7637841,126.96208953857422,0.5,Y,0.33943903835145967,melanic,1,-0.5661169741027675,0.25238962255019276,0.821080160535697,-0.1677101701184421
47795617,47.83806864,-122.2609995,1665.1493332789637,2.25,Y,0.02745995423340961,gray,0,-0.1855701317290063,0.5220205316747579,-0.6540491717388274,-0.1677101701184421
47815384,49.21187487,-122.9272974,3319.8714354873227,2,Y,0.0034275921165381304,melanic,1,0.22380738298125216,0.48350183037124855,-0.7676812839128151,-0.1677101701184421
47815455,49.21178148,-122.9274361,3316.9594002241097,2,Y,0.00342465753424657,gray,0,0.223086946747753,0.48350183037124855,-0.7676951594853667,-0.1677101701184421
47843360,49.260928,-122.8550272,2132.566828090019,2,Y,0.03289473684210527,melanic,1,-0.06993125067310405,0.48350183037124855,-0.6283519130162237,-0.1677101701184421
47843455,49.2609323,-122.8550198,2132.664358204562,2,Y,0.03684661525278492,gray,0,-0.0699071217659916,0.48350183037124855,-0.6096662636956748,-0.1677101701184421
47890013,37.85091519,-122.4859696,931.8446655273436,6.5,Y,0.1028368794326241,gray,0,-0.3669893815286864,1.1768384538344159,-0.29764478760405483,-0.1677101701184421
47931504,49.095856,-123.828568,188.26926180311224,1.5,Y,0.7648530331457162,melanic,1,-0.55094960685598,0.40646442776423,2.83256328240945,-0.1677101701184421
47932570,36.97267475,-122.1461162,11.333924293518068,5.5,Y,0.009881422924901179,gray,0,-0.5947233309377642,1.0227636486203786,-0.7371656640664828,-0.1677101701184421
47985700,45.48333333,-122.7274028,1808.510092542852,2.5,Y,0.037407195888063974,gray,0,-0.15010274342489077,0.5605392329782671,-0.6070156727416596,-0.1677101701184421
48015334,37.7374,-122.4160467,5348.517420335569,7.25,Y,0,gray,0,0.7256935005328187,1.2923945577449438,-0.7838879526530346,-0.1677101701184421
48041095,49.02792887,-122.6566804,411.72885713358494,1,Y,0.2660919540229885,gray,0,-0.49566580200895327,0.3294270251572114,0.4742734640688264,-0.1677101701184421
48054812,45.4942838,-122.8670454,2831.58837890625,2.5,Y,0,gray,0,0.10300637119110562,0.5605392329782671,-0.7838879526530346,-0.1677101701184421
48119285,45.37258056,-122.7645861,1620.4287655139815,2.5,Y,0.00970596631458749,gray,0,-0.19663398037381932,0.5605392329782671,-0.7379952747858901,-0.1677101701184421
48172014,47.69972806,-122.3594663,3330.462008690026,3.25,Y,0.025193243630117382,gray,0,0.22642748609783805,0.676095336888795,-0.6647668495220881,-0.1677101701184421
48174249,48.61380555,-123.4741477,181.47931402666796,2.5,Y,0.8433249370277078,gray,0,-0.5526294369265542,0.5605392329782671,3.20360164064744,-0.1677101701184421
48180999,48.6138738,-123.4742211,181.1227743383479,2.5,Y,0.844611528822055,gray,0,-0.5527176446874256,0.5605392329782671,3.2096850269740282,-0.1677101701184421
48191339,47.62878562,-122.3173251,5301.811602700906,3.25,Y,0.0406643757159221,gray,0,0.7141385019501134,0.676095336888795,-0.5916147636770368,-0.1677101701184421
48197497,49.03740374,-122.5351095,91.01826936215627,1,Y,0.060944206008583676,melanic,1,-0.5750094592840416,0.3294270251572114,-0.49572573123492975,-0.1677101701184421
48253459,51.11897168,-114.1922536,2288.707766501301,-11.5,Y,0,gray,0,-0.03130205171212378,-1.5965080400182536,-0.7838879526530346,-0.1677101701184421
48287716,48.41305441,-123.351357,4161.07080078125,3.5,Y,0.054878048780487805,gray,0,0.4319197331337569,0.7146140381923043,-0.524408315795526,-0.1677101701184421
48292630,45.530332,-122.846912,1857.9227440225652,2.5,Y,0,gray,0,-0.137878075348594,0.5605392329782671,-0.7838879526530346,-0.1677101701184421
48386823,49.09318352,-122.6766134,951.020879799652,1,Y,0.10163652024117141,melanic,1,-0.36224519461665317,0.3294270251572114,-0.3033204406933727,-0.1677101701184421
48407355,47.83606962,-122.1863193,1272.3151662032542,2.25,Y,0.02397944618898087,gray,0,-0.28275713055866153,0.5220205316747579,-0.6705060426283244,-0.1677101701184421
48432933,47.26257358,-122.4977537,2646.134033203125,2.25,Y,0,gray,0,0.057125048257883185,0.5220205316747579,-0.7838879526530346,-0.1677101701184421
48461593,49.2115517,-122.9270754,3302.727477850554,2,Y,0.00342368045649072,gray,0,0.2195659754601513,0.48350183037124855,-0.7676997793978253,-0.1677101701184421
48467311,49.26449479,-123.2035193,4256.049685510956,2.5,Y,0.06328751431844216,gray,0,0.4554174671210577,0.5605392329782671,-0.4846458768523618,-0.1677101701184421
48470253,49.10422066,-122.6603519,1732.2481970350732,1,Y,0.004579278763594729,melanic,1,-0.16896990257409317,0.3294270251572114,-0.7622357690012473,-0.1677101701184421
48494373,47.6722,-122.304795,3984.9464588741744,3.25,Y,0.02544311034877071,gray,0,0.3883466490046011,0.676095336888795,-0.663585405814454,-0.1677101701184421
48495904,47.83614159,-122.1865633,1274.5973650690742,2.25,Y,0.02280501710376283,gray,0,-0.28219251557073266,0.5220205316747579,-0.6760590905102969,-0.1677101701184421
48496680,49.2716944,-123.196764,4630.29345703125,2.5,Y,0.016003282724661463,gray,0,0.548005210329603,0.5605392329782671,-0.7082197012811007,-0.1677101701184421
48509401,37.0898545,-122.0654415,193.26073744880512,4.5,Y,0.7491428571428572,gray,0,-0.5497147179934675,0.8686888434063414,2.758280926261999,-0.1677101701184421
48548774,45.60509692,-122.4009647,539.8842357230536,2.25,Y,0.31446153846153846,gray,0,-0.46396021814463445,0.5220205316747579,0.7029791575833175,-0.1677101701184421
48559036,48.42186111,-123.3599778,4161.07080078125,3.5,Y,0.023675643681562587,melanic,1,0.4319197331337569,0.7146140381923043,-0.6719425106889259,-0.1677101701184421
48584902,51.09218333,-114.1284862,1706.006184248831,-11.5,Y,0,melanic,1,-0.1754621649068978,-1.5965080400182536,-0.7838879526530346,-0.1677101701184421
48589099,51.09216383,-114.1285555,1710.7092979071476,-11.5,Y,0,melanic,1,-0.17429861667225952,-1.5965080400182536,-0.7838879526530346,-0.1677101701184421
48620042,37.45359344,-122.1778152,2046.5301557174344,6,Y,0,gray,0,-0.09121668528645911,1.0998010512273972,-0.7838879526530346,-0.1677101701184421
48652588,47.83605092,-122.1865115,1274.4710784833478,2.25,Y,0.02196235025670279,gray,0,-0.2822237588160709,0.5220205316747579,-0.6800434684596957,-0.1677101701184421
48665433,51.09525936,-114.0288732,124.23182155508522,-11.5,Y,0.0014306151645207402,gray,0,-0.5667924411918225,-1.5965080400182536,-0.7771235812582434,-0.1677101701184421
48676147,50.9700093,-114.086095,2084.5398782131765,-11.5,Y,0,melanic,1,-0.08181309678699626,-1.5965080400182536,-0.7838879526530346,-0.1677101701184421
48680606,47.69890621,-122.3707424,3425.2837938475664,3.25,Y,0.02113681805198514,gray,0,0.24988635372061194,0.676095336888795,-0.6839468287550142,-0.1677101701184421
48685225,49.02880473,-122.656856,427.72263846476056,1,Y,0.2768215720022949,melanic,1,-0.49170894759609574,0.3294270251572114,0.5250062696032703,-0.1677101701184421
48703055,37.45368051,-122.1780724,2027.333932013034,6,Y,0,melanic,1,-0.09596582252312368,1.0998010512273972,-0.7838879526530346,-0.1677101701184421
48728138,49.02114047,-122.659566,207.5713764743439,1,Y,0.23248498713182728,melanic,1,-0.5461742722410525,0.3294270251572114,0.31536979022134454,-0.1677101701184421
48728216,49.02592425,-122.6559134,372.3815759366943,1,Y,0.24364467295058553,melanic,1,-0.5054003019382716,0.3294270251572114,0.368136083630903,-0.1677101701184421
48819191,37.3850112,-122.093568,2448.228109264567,6,Y,0,melanic,1,0.00816321038777862,1.0998010512273972,-0.7838879526530346,-0.1677101701184421
48893898,47.41691517,-122.0256318,123.06890869140624,1.75,Y,0.41471093302804807,gray,0,-0.5670801453188915,0.4449831290677393,1.17698792931195,-0.1677101701184421
48953317,47.52173614,-122.6087798,968.155517578125,2.75,Y,0.2848986582928918,gray,0,-0.35800609282436413,0.5990579342817764,0.5631971212119746,-0.1677101701184421
48969517,38.55522078,-121.328045,949.2863439612662,5.75,Y,0,gray,0,-0.36267431801432015,1.061282349923888,-0.7838879526530346,-0.1677101701184421
48992557,49.13880322,-122.5988063,295.6930852163306,1,Y,0.1584215041464112,melanic,1,-0.5243730005539997,0.3294270251572114,-0.03482425086655727,-0.1677101701184421
49024070,47.56537167,-122.2090133,1428.2149652069022,3.25,Y,0.1253776435045317,gray,0,-0.24418758938025648,0.676095336888795,-0.1910653919104353,-0.1677101701184421
49061644,51.08933,-114.1407083,2432.668764953887,-11.5,Y,0.0017118402282453602,melanic,1,0.004313835501248386,-1.5965080400182536,-0.77579386602543,-0.1677101701184421
49067726,49.10719948,-122.6459021,1723.0103349744943,1,Y,0.01430615164520744,melanic,1,-0.17125534555364177,0.3294270251572114,-0.7162442387051227,-0.1677101701184421
49071770,47.56058911,-122.2966275,2373.4066269874907,3.25,Y,0.03428571428571428,gray,0,-0.010347591166542026,0.676095336888795,-0.6217749604830102,-0.1677101701184421
49077426,47.48082722,-122.0822297,310.18695088463994,2.25,Y,0.32943294329432943,gray,0,-0.5207872246113697,0.5220205316747579,0.7737683852542657,-0.1677101701184421
49080677,33.56874775,-101.8942552,1907.105734708905,-0.75,Y,0,gray,0,-0.12571022525079173,0.05979611603264629,-0.7838879526530346,-0.1677101701184421
49089990,49.2486139,-122.903061,3431.3295078148744,2,Y,0.1738013698630137,gray,0,0.25138206067665164,0.48350183037124855,0.03789630060611459,-0.1677101701184421
49091083,37.56221633,-122.3290501,1585.1062011718748,6.75,Y,2.8506271379703536e-4,gray,0,-0.20537276713702657,1.2153571551379252,-0.7825400918762504,-0.1677101701184421
49153245,45.53772362,-122.871567,2379.888619672519,2.5,Y,0.015388999715018522,gray,0,-0.00874394904909795,0.5605392329782671,-0.7111242129357964,-0.1677101701184421
49155626,50.21762536,-119.3827911,204.779270567106,-3.25,Y,0.5892210144927537,melanic,1,-0.5468650380050365,-0.3253908970024467,2.0021231805225623,-0.1677101701184421
49169022,51.04021463,-114.0189673,464.8547973632813,-11.5,Y,0.004576659038901599,melanic,1,-0.48252246794164755,-1.5965080400182536,-0.7622481558340001,-0.1677101701184421
49184061,49.22410594,-123.0130543,6243.43955312199,2,Y,0.20171919770773641,melanic,1,0.9470968395529301,0.48350183037124855,0.16990004330432026,-0.1677101701184421
49184532,49.10344121,-122.6664221,1766.8030526627408,1,Y,0.00431282346175963,gray,0,-0.16042104660658818,0.3294270251572114,-0.7634956484338323,-0.1677101701184421
49185597,37.37353518,-122.1186049,996.9530029296874,5.5,Y,0.01997146932952924,gray,0,-0.3508816077114897,1.0227636486203786,-0.6894569419976472,-0.1677101701184421
49194417,51.05529167,-114.0726889,3138.058837890625,-11,Y,0.013867952969550791,melanic,1,0.17882702691552993,-1.519470637411235,-0.7183161715773289,-0.1677101701184421
49196629,47.67514771,-122.0332971,465.5796006676306,2.25,Y,0.3743560389238695,gray,0,-0.4823431519253858,0.5220205316747579,0.9861780608805748,-0.1677101701184421
49240415,47.67211866,-122.6696971,750.7030138091662,2.25,Y,0.20359794403198173,gray,0,-0.4118037458814272,0.5220205316747579,0.17878331129208233,-0.1677101701184421
49253967,47.67218541,-122.6697665,750.9657878370427,2.25,Y,0.20279920022850617,gray,0,-0.4117387357033926,0.5220205316747579,0.17500661447662058,-0.1677101701184421
49259733,49.87454269,-119.392322,540.440669884048,-5,Y,0.03764974329720479,gray,0,-0.4638225565798172,-0.5950218061270118,-0.6058688368930248,-0.1677101701184421
49284402,49.2633028,-123.203691,4183.12230201542,2.5,Y,0.11503155479059093,melanic,1,0.43737526476582195,0.5605392329782671,-0.23998475770507782,-0.1677101701184421
49291194,45.54746667,-122.6443117,3016.8527306320852,3,Y,0,gray,0,0.14884068969855227,0.6375766355852857,-0.7838879526530346,-0.1677101701184421
49293672,45.51615833,-122.677025,3565.5622619262763,2.25,Y,0,gray,0,0.2845911845515919,0.5220205316747579,-0.7838879526530346,-0.1677101701184421
49332006,51.11785582,-114.1921963,2288.381093065934,-11.5,Y,0,melanic,1,-0.03138287057525137,-1.5965080400182536,-0.7838879526530346,-0.1677101701184421
49341277,37.9753211,-122.5796289,440.90842630323806,6.25,Y,0.3429633867276888,melanic,1,-0.48844678952882353,1.1383197525309066,0.8377443214733656,-0.1677101701184421
49362323,47.71142594,-117.3890965,1627.4863885424293,-2.25,Y,0,gray,0,-0.19488792756453374,-0.1713160917884095,-0.7838879526530346,-0.1677101701184421
49390333,37.26283667,-121.9549517,2076.167429118256,6,Y,0,gray,0,-0.08388443698239363,1.0998010512273972,-0.7838879526530346,-0.1677101701184421
49397234,47.6105426,-122.1424261,2048.1487778029277,2.25,Y,0.012420566146735985,gray,0,-0.09081623889988455,0.5220205316747579,-0.7251598443303198,-0.1677101701184421
49400515,37.4313889,-122.0870346,2384.3499985107337,6,Y,0,melanic,1,-0.007640205901815472,1.0998010512273972,-0.7838879526530346,-0.1677101701184421
49462375,45.52758296,-122.8528688,2024.980550479423,2.5,Y,0,gray,0,-0.0965480480715157,0.5605392329782671,-0.7838879526530346,-0.1677101701184421
49473473,49.0854945,-123.0469805,60.36248779296876,2,Y,0.006849315068493151,gray,0,-0.5825936860575559,0.48350183037124855,-0.7515023663176986,-0.1677101701184421
49494362,44.5906768,-123.26749,735.9972280869641,2.5,Y,0.04176201372997711,gray,0,-0.41544195075146684,0.5605392329782671,-0.5864248066793445,-0.1677101701184421
49499597,49.28272915,-123.1207373,9235.7529296875,3,Y,0.005963029218843167,melanic,1,1.6873938427160646,0.6375766355852857,-0.755692987805336,-0.1677101701184421
49499915,37.97546808,-122.5794367,441.26387331716694,6.25,Y,0.3378917378917379,gray,0,-0.48835885209511226,1.1383197525309066,0.8137640665724434,-0.1677101701184421
49583980,38.53666667,-121.5733333,887.4712012142872,5.25,Y,0,gray,0,-0.3779673569333299,0.9842449473168694,-0.7838879526530346,-0.1677101701184421
49654643,37.39908056,-122.0727472,3089.6868610487713,6.25,Y,0,melanic,1,0.1668598212834106,1.1383197525309066,-0.7838879526530346,-0.1677101701184421
49669165,45.72180435,-122.6679309,807.37469482421875,2.25,Y,0.01770922593544701,gray,0,-0.3977831971153037,0.5220205316747579,-0.7001534974952337,-0.1677101701184421
49734938,48.44663151,-123.4048139,3393.407958984375,3,Y,0.06454630495790459,gray,0,0.24200028630289108,0.6375766355852857,-0.47869394260422804,-0.1677101701184421
49748744,37.97532563,-122.5796374,440.9303102612199,6.25,Y,0.3393419170243205,gray,0,-0.4884413754473178,1.1383197525309066,0.820620942191437,-0.1677101701184421
49833215,51.27423833,-113.9955217,1404.1604358230222,-12,Y,0,melanic,1,-0.2501386692888137,-1.6735454426252723,-0.7838879526530346,-0.1677101701184421
49884782,47.6684143,-122.1052131,1165.5430046213746,2.25,Y,0.004570122822050841,gray,0,-0.30917251601238654,0.5220205316747579,-0.7622790609994085,-0.1677101701184421
49886517,37.28153731,-121.9444576,2627.598876953125,6,Y,0,gray,0,0.05253945881645088,1.0998010512273972,-0.7838879526530346,-0.1677101701184421
50157292,51.02652972,-114.0094492,464.8547973632812,-11.5,Y,0.011920103092783504,gray,0,-0.48252246794164755,-1.5965080400182536,-0.7275261815887677,-0.1677101701184421
50211434,45.4700695,-122.6605837,1814.4613721234543,3.25,Y,0.02817445001929756,gray,0,-0.14863039949426854,0.676095336888795,-0.6506708244546516,-0.1677101701184421
50316703,47.44059462,-122.4604086,124.11871337890626,3.25,Y,0.28347578347578345,gray,0,-0.5668204241044795,0.676095336888795,0.5564693484678342,-0.1677101701184421
50334412,37.421999,-121.974306,341.24610058756855,7,Y,0,melanic,1,-0.5131032047403414,1.2538758564414345,-0.7838879526530346,-0.1677101701184421
50365280,49.22450033,-122.8945117,3496.061042000425,2,Y,0.008565989847715729,melanic,1,0.2673966135450136,0.48350183037124855,-0.7433854205039565,-0.1677101701184421
50487954,37.74352256,-122.4166649,5225.877595338159,7.25,Y,0,gray,0,0.6953524621826711,1.2923945577449438,-0.7838879526530346,-0.1677101701184421
50500876,37.33248333,-121.93078,3709.2002470401976,6,Y,0,melanic,1,0.32012715840813855,1.0998010512273972,-0.7838879526530346,-0.1677101701184421
50502938,38.5339374,-121.7532537,239.50355546717097,4.25,Y,0,gray,0,-0.5382742653106317,0.8301701421028322,-0.7838879526530346,-0.1677101701184421
50562552,36.964695,-122.0165028,2042.174195137031,5.5,Y,0,melanic,1,-0.09229434800348064,1.0227636486203786,-0.7838879526530346,-0.1677101701184421
50580473,49.26677051,-123.2508107,1884.2208251953125,3,Y,0.12098468928249775,melanic,1,-0.1313719417218176,0.6375766355852857,-0.2118365780512647,-0.1677101701184421
50580613,49.26687535,-123.2509374,1884.2208251953125,3,Y,0.1229135053110774,melanic,1,-0.1313719417218176,0.6375766355852857,-0.202716565700557,-0.1677101701184421
50580844,49.26687722,-123.2508717,1884.2208251953125,3,Y,0.12050359712230214,melanic,1,-0.1313719417218176,0.6375766355852857,-0.21411132399789787,-0.1677101701184421
50592275,47.554055,-122.1174145,1308.5581968780805,2.25,Y,0.15309911453870323,gray,0,-0.27379062083269196,0.5220205316747579,-0.059990082256562605,-0.1677101701184421
50592377,47.554055,-122.1174145,1308.5581968780805,2.25,Y,0.15118605315804515,gray,0,-0.27379062083269196,0.5220205316747579,-0.06903560197474509,-0.1677101701184421
50610539,49.26419289,-123.203542,4239.900696513294,2.5,Y,0.08228211009174312,melanic,1,0.45142221440029984,0.5605392329782671,-0.3948338131394893,-0.1677101701184421
50627103,48.47449972,-123.3322203,2849.7340652469297,3.5,Y,0.028293798228065162,gray,0,0.10749560594958592,0.7146140381923043,-0.6501065108436761,-0.1677101701184421
50659896,51.13875283,-114.2193917,1932.8346366625133,-12.5,Y,0.01429388221841052,gray,0,-0.11934490631056897,-1.750582845232291,-0.7163022521819219,-0.1677101701184421
50674742,37.53637789,-122.3038636,2217.51005091497,6.25,Y,0,melanic,1,-0.04891633499321452,1.1383197525309066,-0.7838879526530346,-0.1677101701184421
50738544,51.05754944,-114.0538114,2089.0304379053086,-11,Y,0.0031986042454201706,gray,0,-0.08070213430938765,-1.519470637411235,-0.768764006257411,-0.1677101701184421
50783803,45.49849391,-122.8406511,2806.7355532800034,2.5,Y,0.18158494868871153,gray,0,0.0968577931459934,0.5605392329782671,0.07469936215851392,-0.1677101701184421
50796366,45.51911376,-122.8398951,1877.6108866245847,2.5,Y,0,gray,0,-0.1330072375946779,0.5605392329782671,-0.7838879526530346,-0.1677101701184421
50808687,49.29981874,-123.1305921,2660.795571790111,2.5,Y,0.40044543429844093,melanic,1,0.060752306406280765,0.5605392329782671,1.1095364343661998,-0.1677101701184421
50855641,37.03251684,-122.0440768,305.18513704623376,5.25,Y,0.6319404693760734,gray,0,-0.5220246711381777,0.9842449473168694,2.2041133912936095,-0.1677101701184421
50877893,47.65312729,-122.3627669,4712.54150390625,3.25,Y,0.002137404580152672,gray,0,0.5683533406739819,0.676095336888795,-0.7737816719706793,-0.1677101701184421
50890573,45.55908984,-122.8424064,1617.0788102589154,2.25,Y,0.0028530670470756003,gray,0,-0.19746275781921593,0.5220205316747579,-0.7703978082736935,-0.1677101701184421
50912182,49.19777833,-123.0070278,4324.994989187037,2,Y,0.03991130820399113,gray,0,0.47247450469382607,0.48350183037124855,-0.5951754894839374,-0.1677101701184421
50942863,47.69926055,-122.368633,3386.8094527556,3.25,Y,0.029765311963365765,gray,0,0.24036781878636307,0.676095336888795,-0.6431487589164173,-0.1677101701184421
51057751,37.36882996,-122.0363497,2471.9766808575732,6.25,Y,0,gray,0,0.014038596474474698,1.1383197525309066,-0.7838879526530346,-0.1677101701184421
51105754,45.51316038,-122.6843452,3755.2789732976858,2.25,Y,0.01274254271647842,gray,0,0.33152701486205904,0.5220205316747579,-0.7236374439307067,-0.1677101701184421
51186195,45.52696167,-122.908805,2557.210902972288,2.25,Y,0.00712453690510116,gray,0,0.03512550524968025,0.5220205316747579,-0.7502010361172763,-0.1677101701184421
51195625,37.42516667,-122.1810833,1625.5228271484373,6,Y,0.00427715996578272,gray,0,-0.1953737117831531,1.0998010512273972,-0.7636642759851173,-0.1677101701184421
51195775,37.42473889,-122.1801361,1625.9507080087092,6,Y,0.0042735042735042705,melanic,1,-0.19526785424795948,1.0998010512273972,-0.7636815611788507,-0.1677101701184421
51207776,37.42478333,-122.1809306,1625.5228271484375,6,Y,0.0042783799201369,melanic,1,-0.19537371178315305,1.0998010512273972,-0.7636585076803062,-0.1677101701184421
51247041,37.36883,-122.0363496,2471.974465631602,6.25,Y,0,gray,0,0.014038048428551213,1.1383197525309066,-0.7838879526530346,-0.1677101701184421
51280026,47.63126167,-122.31575,5041.234690961006,3.25,Y,0.06408045977011494,gray,0,0.6496718894738617,0.676095336888795,-0.4808965963582452,-0.1677101701184421
51288890,37.40150946,-121.9852056,1206.305908203125,6.5,Y,0,gray,0,-0.29908779173246053,1.1768384538344159,-0.7838879526530346,-0.1677101701184421
51290816,49.23100231,-123.0169538,6365.132087703642,2,Y,0.20154816513761467,gray,0,0.9772035186740604,0.48350183037124855,0.16909135075470877,-0.1677101701184421
51291496,49.2622935,-123.1799679,4630.29345703125,2.5,Y,8.556759840273818e-4,melanic,1,0.548005210329603,0.5605392329782671,-0.7798420636584888,-0.1677101701184421
51296587,49.26121276,-123.2347911,1884.2208251953127,2.5,Y,0.2553617386331141,gray,0,-0.13137194172181754,0.5605392329782671,0.4235378338006194,-0.1677101701184421
51299433,49.23085254,-123.0182609,6482.854356057294,2,Y,0.19994270982526496,melanic,1,1.006327955690013,0.48350183037124855,0.1615002834573675,-0.1677101701184421
51299813,49.2305053,-123.0156104,6252.4343551329275,2,Y,0.2018322359003722,gray,0,0.9493221495839222,0.48350183037124855,0.17043452129375253,-0.1677101701184421
51318149,48.41647833,-123.34903,4161.07080078125,3.5,Y,0.03494080277216286,gray,0,0.4319197331337569,0.7146140381923043,-0.6186775084716761,-0.1677101701184421
51318249,48.416455,-123.3490667,4161.07080078125,3.5,Y,0.03456221198156682,gray,0,0.4319197331337569,0.7146140381923043,-0.6204675976429294,-0.1677101701184421
51334999,37.42546667,-122.1798528,1635.4091025370456,6,Y,0.00400228702115494,melanic,1,-0.1929278516336281,1.0998010512273972,-0.764963956521123,-0.1677101701184421
51347507,37.42478889,-122.1809111,1625.5228271484375,6,Y,0.004289390906491271,melanic,1,-0.19537371178315305,1.0998010512273972,-0.7636064444819206,-0.1677101701184421
51347629,37.42481389,-122.1806389,1625.5228271484375,6,Y,0.0042796005706134,melanic,1,-0.19537371178315305,1.0998010512273972,-0.763652736084023,-0.1677101701184421
51347996,37.42496111,-122.1802167,1625.8721808816715,6,Y,0.00428571428571428,melanic,1,-0.1952872818243852,1.0998010512273972,-0.7636238286317816,-0.1677101701184421
51411784,37.42496389,-122.1790111,1656.4637805857224,6,Y,0.00428939090649127,gray,0,-0.18771893361586017,1.0998010512273972,-0.7636064444819206,-0.1677101701184421
51412996,37.42486667,-122.1791167,1651.6450251268736,6,Y,0.00429676310512747,gray,0,-0.18891109158069747,1.0998010512273972,-0.7635715865475101,-0.1677101701184421
51415392,47.63272158,-122.2937322,5371.992066963327,3.25,Y,0.1070406410990269,gray,0,0.7315011177045163,0.676095336888795,-0.2777681597925071,-0.1677101701184421
51498940,49.87095232,-119.4382776,1057.1257244038568,-4.75,Y,0.11942857142857144,melanic,1,-0.33599490308744867,-0.5565031048235025,-0.21919436326078282,-0.1677101701184421
51515527,45.510895,-123.0846055,1056.1716802231333,2.25,Y,0,gray,0,-0.3362309331949254,0.5220205316747579,-0.7838879526530346,-0.1677101701184421
51537904,45.55231632,-122.6355774,2692.5448177746784,3,Y,0.00657894736842105,gray,0,0.06860705579153452,0.6375766355852857,-0.7527807447256725,-0.1677101701184421
51541997,37.327115,-121.955545,3724.807861328125,6,Y,0,melanic,1,0.32398847526564645,1.0998010512273972,-0.7838879526530346,-0.1677101701184421
51590282,48.76017577,-122.4657127,1621.5263437777205,1.5,Y,0,melanic,1,-0.19636243999781913,0.40646442776423,-0.7838879526530346,-0.1677101701184421
51700222,38.07015779,-122.5522532,631.80609130859375,5.5,Y,0.16084716657126502,gray,0,-0.441218791812719,1.0227636486203786,-0.023355001884006684,-0.1677101701184421
51727692,49.2190184,-123.9834594,1021.743408203125,1.5,Y,0.6633806900550884,melanic,1,-0.3447484724339976,0.40646442776423,2.3527720485491384,-0.1677101701184421
51758385,36.54196436,-121.9290131,83.29657745361328,6.75,Y,0,gray,0,-0.576919802439946,1.2153571551379252,-0.7838879526530346,-0.1677101701184421
51915139,49.16896696,-123.1230358,4509.758547615692,2.5,Y,0.04090389016018306,gray,0,0.5181849271615028,0.5605392329782671,-0.5904822685829134,-0.1677101701184421
51926037,49.09487955,-122.6769249,1119.307474097165,1,Y,0.08623167576889912,gray,0,-0.320611165772398,0.3294270251572114,-0.3761590991066955,-0.1677101701184421
51942230,49.20678922,-123.1070377,2356.3953017398912,2.5,Y,0,gray,0,-0.01455618549334532,0.5605392329782671,-0.7838879526530346,-0.1677101701184421
51946018,49.0290822,-122.6569175,431.8572390174669,1,Y,0.28057553956834536,melanic,1,-0.4906860492518193,0.3294270251572114,0.5427561379469855,-0.1677101701184421
52039708,47.65630397,-122.313847,4166.9521484375,3.25,Y,0,gray,0,0.43337477593728835,0.676095336888795,-0.7838879526530346,-0.1677101701184421
52093964,49.02199876,-122.6560987,262.0091779051888,1,Y,0.2573634543894767,gray,0,-0.5327063842940023,0.3294270251572114,0.4330025376138059,-0.1677101701184421
52215378,44.92777778,-123.0352778,1317.072021484375,2.25,Y,0,gray,0,-0.2716843043984385,0.5220205316747579,-0.7838879526530346,-0.1677101701184421
52256924,45.52104411,-122.6941967,3838.39306640625,2.25,Y,0.0529479107040641,gray,0,0.3520894046607883,0.5220205316747579,-0.5335345791792443,-0.1677101701184421
52271578,47.80693833,-122.28917,1985.8966184794124,2.75,Y,0.01224373576309795,gray,0,-0.10621739552624282,0.5990579342817764,-0.7259959506560987,-0.1677101701184421
52317549,36.99755348,-121.9913073,2292.26184772812,5.25,Y,0.5745350500715307,gray,0,-0.030422773591784632,0.9842449473168694,1.932683599495109,-0.1677101701184421
52324065,49.0176601,-123.0730064,1509.1932373046873,2.5,Y,0.018290940268648182,gray,0,-0.22415360075299387,0.5605392329782671,-0.6974029801702168,-0.1677101701184421
52393441,49.22768752,-123.0180359,6509.971634658583,2,Y,0.20177447052089295,gray,0,1.0130367583975406,0.48350183037124855,0.17016138950384205,-0.1677101701184421
52419382,38.02646667,-122.5623083,843.9581931534711,6.25,Y,0.16044457110287833,gray,0,-0.388732455842525,1.1383197525309066,-0.02525859226775593,-0.1677101701184421
52425039,44.94051648,-123.0447802,1186.4362445424213,2.25,Y,0.01244677366524729,gray,0,-0.30400353771584465,0.5220205316747579,-0.7250359274357258,-0.1677101701184421
52427909,47.67226968,-122.3605179,3501.350856932074,3.25,Y,0.013172966781214202,gray,0,0.26870531141464715,0.676095336888795,-0.7216022717171479,-0.1677101701184421
52433170,44.94188243,-123.0437509,1143.4128671040569,2.25,Y,0.009198423127463858,gray,0,-0.3146475022260505,0.5220205316747579,-0.7403950890068935,-0.1677101701184421
52437674,49.3548,-123.1002667,1614.759521484375,2,Y,0.2421236872812135,gray,0,-0.19803654883412386,0.48350183037124855,0.36094441377520553,-0.1677101701184421
52438979,48.47295423,-123.3401069,3593.6302093425265,3.5,Y,0.0657706605661996,gray,0,0.2915351823026027,0.7146140381923043,-0.4729048273626198,-0.1677101701184421
52439503,49.228379,-123.017354,6459.783137878076,2,Y,0.202353616532721,gray,0,1.0006201465376836,0.48350183037124855,0.1728997630461981,-0.1677101701184421
52439505,49.227659,-123.017971,6506.645802033295,2,Y,0.2018322359003722,melanic,1,1.0122139488800599,0.48350183037124855,0.17043452129375253,-0.1677101701184421
52439510,49.227659,-123.017971,6506.645802033295,2,Y,0.2020057306590258,gray,0,1.0122139488800599,0.48350183037124855,0.1712548557985778,-0.1677101701184421
52439511,49.227659,-123.017971,6506.645802033295,2,Y,0.20229555236728838,melanic,1,1.0122139488800599,0.48350183037124855,0.1726252185079775,-0.1677101701184421
52439512,49.227659,-123.017971,6506.645802033295,2,Y,0.20246984491671455,melanic,1,1.0122139488800599,0.48350183037124855,0.17344932520340633,-0.1677101701184421
52439514,49.227289,-123.018512,6535.535415693348,2,Y,0.2021215596330275,gray,0,1.0193612264956233,0.48350183037124855,0.17180252942727695,-0.1677101701184421
52439515,49.227659,-123.017971,6506.645802033295,2,Y,0.20206362854686155,melanic,1,1.0122139488800599,0.48350183037124855,0.171528614127168,-0.1677101701184421
52439516,49.227019,-123.017937,6510.354323129873,2,Y,0.2017167381974249,gray,0,1.0131314353557295,0.48350183037124855,0.16988841401252391,-0.1677101701184421
52439519,49.227659,-123.017971,6506.645802033295,2,Y,0.20177447052089295,gray,0,1.0122139488800599,0.48350183037124855,0.17016138950384205,-0.1677101701184421
52439524,49.227299,-123.018023,6512.477792439122,2,Y,0.20189003436426117,melanic,1,1.0136567807217118,0.48350183037124855,0.17070780951653217,-0.1677101701184421
52439525,49.227659,-123.017971,6506.645802033295,2,Y,0.20235361653272102,melanic,1,1.0122139488800599,0.48350183037124855,0.17289976304619825,-0.1677101701184421
52439532,49.227659,-123.017971,6506.645802033295,2,Y,0.2017167381974249,gray,0,1.0122139488800599,0.48350183037124855,0.16988841401252391,-0.1677101701184421
52439536,49.227659,-123.017971,6506.645802033295,2,Y,0.2018322359003722,melanic,1,1.0122139488800599,0.48350183037124855,0.17043452129375253,-0.1677101701184421
52439569,49.227659,-123.017971,6506.645802033295,2,Y,0.2020057306590258,melanic,1,1.0122139488800599,0.48350183037124855,0.1712548557985778,-0.1677101701184421
52439571,49.227948,-123.01777,6492.102263249781,2,Y,0.2018322359003722,gray,0,1.0086158838307435,0.48350183037124855,0.17043452129375253,-0.1677101701184421
52439572,49.227659,-123.017971,6506.645802033295,2,Y,0.20183223590037222,gray,0,1.0122139488800599,0.48350183037124855,0.17043452129375267,-0.1677101701184421
52439580,49.22743528,-123.0178857,6503.97985135393,2,Y,0.202411714039621,melanic,1,1.0115543938635396,0.48350183037124855,0.17317446523273247,-0.1677101701184421
52439581,49.227659,-123.017971,6506.645802033295,2,Y,0.20177447052089295,melanic,1,1.0122139488800599,0.48350183037124855,0.17016138950384205,-0.1677101701184421
52502208,49.30305727,-123.1377942,2089.77685546875,2.5,Y,0.6860423394330821,melanic,1,-0.080517470935006,0.5605392329782671,2.4599230257042293,-0.1677101701184421
52533443,37.41102795,-122.2612373,556.6263226899873,5.5,Y,0.5588993981083404,melanic,1,-0.45981823324914095,1.0227636486203786,1.8587536150368873,-0.1677101701184421
52539508,47.52543763,-122.3403809,1385.543339591576,3.25,Y,0.16900200171575636,gray,0,-0.2547445306453398,0.676095336888795,0.015203469288857255,-0.1677101701184421
52540657,51.06404889,-114.1547489,2170.526123046875,-11.5,Y,0.048750385683431034,melanic,1,-0.06054013792441205,-1.5965080400182536,-0.5533817182860092,-0.1677101701184421
52602872,37.99388201,-122.2004795,153.62994301343264,5.25,Y,0.31072961373390556,gray,0,-0.5595193589723326,0.9842449473168694,0.685333514295613,-0.1677101701184421
52625328,37.16667321,-122.0454816,28.50713525328778,4.75,Y,0.8713550600343054,gray,0,-0.5904746861575181,0.9072075447098508,3.3361363480659967,-0.1677101701184421
52645637,45.44394594,-122.8698522,1165.1914113922774,2.25,Y,0.33085926348843847,gray,0,-0.3092595000214384,0.5220205316747579,0.7805124487593358,-0.1677101701184421
52648404,49.3040087,-123.1390617,2089.77685546875,2.5,Y,0.7213578500707213,melanic,1,-0.080517470935006,0.5605392329782671,2.626905199439063,-0.1677101701184421
52648531,49.3040087,-123.1390617,2089.77685546875,2.5,Y,0.7213876967095851,gray,0,-0.080517470935006,0.5605392329782671,2.6270463231704255,-0.1677101701184421
52649789,49.3040087,-123.1390617,2089.77685546875,2.5,Y,0.7228357677235482,gray,0,-0.080517470935006,0.5605392329782671,2.6338932309814154,-0.1677101701184421
52741655,49.23166038,-123.001003,4427.543690986638,2,Y,0.02459954233409611,gray,0,0.4978450080692609,0.48350183037124855,-0.6675740447507239,-0.1677101701184421
52745721,49.19201108,-123.0841807,2355.827392578125,2.5,Y,0.0033982082174853177,gray,0,-0.014696685968267831,0.5605392329782671,-0.7678202196735631,-0.1677101701184421
52756624,47.6460859,-117.4348426,1616.8089599609373,-2,Y,0.020227920227920224,gray,0,-0.19752951866333754,-0.13279739048490022,-0.6882443663418972,-0.1677101701184421
52757494,49.29581577,-123.1462887,2995.9366351481685,2.5,Y,0.5001883239171374,melanic,1,0.1436660569458859,0.5605392329782671,1.5811503009761976,-0.1677101701184421
52828502,47.68027833,-122.3271417,3712.344970703125,3.25,Y,0.0035473572188719294,gray,0,0.32090516164859906,0.676095336888795,-0.7671149991058227,-0.1677101701184421
52906735,49.30431719,-123.0023637,1431.4222412109375,2,Y,0.18779790276453767,gray,0,-0.24339411071832917,0.48350183037124855,0.10407604560905506,-0.1677101701184421
52965378,37.33021167,-121.93598,3716.6943535850846,6,Y,0,melanic,1,0.32198119704594086,1.0998010512273972,-0.7838879526530346,-0.1677101701184421
53043170,47.65229707,-122.3617624,4712.54150390625,3.25,Y,0.002128306476132557,gray,0,0.5683533406739819,0.676095336888795,-0.7738246904959312,-0.1677101701184421
53079537,49.01068251,-122.4616567,51.10387837531985,1,Y,0.2033171289676866,melanic,1,-0.5848842619240483,0.3294270251572114,0.17745553465776945,-0.1677101701184421
53203313,51.02892667,-114.129459,3054.864162772154,-11.5,Y,0,gray,0,0.1582447011632638,-1.5965080400182536,-0.7838879526530346,-0.1677101701184421
53215279,51.12782319,-114.2562411,1778.360557466732,-13,Y,0.0014289797084881303,melanic,1,-0.15756172504038962,-1.8276202478393093,-0.7771313141778146,-0.1677101701184421
53217345,49.19485505,-123.1433384,2757.761962890625,2.5,Y,0,melanic,1,0.08474174858885274,0.5605392329782671,-0.7838879526530346,-0.1677101701184421
53266580,47.7442656,-122.077346,530.8381333183288,2.25,Y,0.1971469329529244,gray,0,-0.466198219870313,0.5220205316747579,0.1482810239594335,-0.1677101701184421
53276874,45.29824777,-122.9707492,1204.402099609375,2.25,Y,0.0017162471395881,gray,0,-0.29955879313478256,0.5220205316747579,-0.7757730288458966,-0.1677101701184421
53285527,48.43137428,-123.342093,4161.07080078125,3.5,Y,0.00514579759862778,melanic,1,0.4319197331337569,0.7146140381923043,-0.759557100483434,-0.1677101701184421
53496363,33.51363611,-101.9020583,1616.3210051701749,-1,Y,0,gray,0,-0.1976502384623096,0.02127741472913699,-0.7838879526530346,-0.1677101701184421
53592430,49.1784625,-122.8950788,3598.386140464367,2,Y,0.05717552887364208,melanic,1,0.29271179755430804,0.48350183037124855,-0.5135451507685838,-0.1677101701184421
53664669,38.11268863,-122.5738245,1084.145263671875,5.25,Y,0.013424735789774352,gray,0,-0.3293102810476539,0.9842449473168694,-0.7204118334205081,-0.1677101701184421
53797125,47.66362,-122.3278417,4103.182999218822,3.25,Y,0,gray,0,0.4175983166831998,0.676095336888795,-0.7838879526530346,-0.1677101701184421
53804803,49.10079172,-122.4699682,271.04220064446116,1,Y,0.06720045753503003,melanic,1,-0.5304716184717597,0.3294270251572114,-0.46614432463891514,-0.1677101701184421
53832986,37.38734165,-122.069955,2367.491592182402,6.25,Y,0,melanic,1,-0.011810968155765853,1.1383197525309066,-0.7838879526530346,-0.1677101701184421
53849522,48.39516806,-123.9438572,13.360648777034902,1,Y,0.546371750097012,gray,0,-0.5942219201987905,0.3294270251572114,1.799519192004449,-0.1677101701184421
53878147,37.33371747,-122.1572946,21.880863090761174,5.25,Y,0.9811266800114384,gray,0,-0.5921140229537503,0.9842449473168694,3.855169016353109,-0.1677101701184421
53882137,37.276613330000004,-122.002075,2385.208984375,5.25,Y,0,gray,0,-0.0074276931797002165,0.9842449473168694,-0.7838879526530346,-0.1677101701184421
53903759,37.38630333,-122.0577778,2317.3417649439243,6.25,Y,0,gray,0,-0.024218013188063235,1.1383197525309066,-0.7838879526530346,-0.1677101701184421
54048366,47.65210035,-122.3610264,4712.54150390625,3.25,Y,0.0021205695243865464,gray,0,0.5683533406739819,0.676095336888795,-0.7738612730908675,-0.1677101701184421
54068300,37.3329813,-121.8974599,3701.12939453125,6.25,Y,0,gray,0,0.3181304330744426,1.1383197525309066,-0.7838879526530346,-0.1677101701184421
54161580,37.49209564,-122.2561153,1541.2816162109375,6.25,Y,0,gray,0,-0.2162149500332202,1.1383197525309066,-0.7838879526530346,-0.1677101701184421
54162019,37.49203424,-122.2560361,1541.2816162109375,6.25,Y,0,gray,0,-0.2162149500332202,1.1383197525309066,-0.7838879526530346,-0.1677101701184421
54179495,48.98913345,-123.8434298,184.25196758080065,0.5,Y,0.5841669048299515,melanic,1,-0.5519434836661073,0.25238962255019276,1.9782258560169539,-0.1677101701184421
54237947,45.53577152,-122.7321452,1579.1098091692,2.25,Y,0.9044767607641858,gray,0,-0.20685627186087557,0.5220205316747579,3.492745540055859,-0.1677101701184421
54239497,49.04972222,-122.8613889,1374.85302734375,1.5,Y,0.36626865671641795,melanic,1,-0.25738930915748454,0.40646442776423,0.9479385271334577,-0.1677101701184421
54365229,45.69122855,-121.8829282,222.47233387668268,1.75,Y,0.09501965923984274,gray,0,-0.5424877819838476,0.4449831290677393,-0.33460691548458,-0.1677101701184421
54445704,45.54330498,-122.5757989,2561.898539752106,3.25,Y,0.09774221206058874,gray,0,0.03628522451143742,0.676095336888795,-0.32173388094797783,-0.1677101701184421
54487398,49.25969422,-121.9534078,8.271623408745326,1,Y,0.5877675840978593,gray,0,-0.5954809428194392,0.3294270251572114,1.9952509319742697,-0.1677101701184421
54584664,47.839688,-122.300971,2074.4484807976196,2.75,Y,0.011704253497002562,gray,0,-0.08430970403507786,0.5990579342817764,-0.7285467822838307,-0.1677101701184421
54667150,45.55556436,-122.8737151,902.7737511353424,2.25,Y,0.00200343445907269,gray,0,-0.374181512864981,0.5220205316747579,-0.7744151223053777,-0.1677101701184421
54704464,50.9700093,-114.086095,2084.5398782131765,-11.5,Y,0,melanic,1,-0.08181309678699626,-1.5965080400182536,-0.7838879526530346,-0.1677101701184421
54774206,49.1890846,-123.9834386,1448.4805908203125,1.5,Y,0.05422374429223744,melanic,1,-0.2391738825852639,0.40646442776423,-0.5275020608316251,-0.1677101701184421
54794937,47.61462465,-122.2896734,5929.86572265625,3.25,Y,0.00937601034594245,gray,0,0.8695188128722444,0.676095336888795,-0.7395554041422643,-0.1677101701184421
54838547,37.34465855,-121.8060779,3776.163330078125,5.5,Y,0,gray,0,0.3366937954735517,1.0227636486203786,-0.7838879526530346,-0.1677101701184421
54851447,45.52159154,-123.0867825,1033.5909438596746,2.25,Y,0,gray,0,-0.3418173973634184,0.5220205316747579,-0.7838879526530346,-0.1677101701184421
54853243,48.97070398,-123.7958868,575.60003662109375,0.5,Y,0.21147227533460805,melanic,1,-0.45512414483177255,0.25238962255019276,0.21601547738228183,-0.1677101701184421
54891985,48.99059455,-123.8080778,498.8167858038967,0.5,Y,0.049361207897793254,gray,0,-0.4741202870534594,0.25238962255019276,-0.550493570294429,-0.1677101701184421
54977213,49.28272915,-123.1207373,9235.7529296875,3,Y,0.006011421701232333,melanic,1,1.6873938427160646,0.6375766355852857,-0.7554641738435423,-0.1677101701184421
54980176,37.43024754,-122.3868037,35.51492133745879,6.5,Y,0.3355244355530152,gray,0,-0.5887409629861587,1.1768384538344159,0.8025707613286517,-0.1677101701184421
55074852,47.6562751,-122.3065815,4166.9521484375,3.25,Y,0.0015037593984962368,gray,0,0.43337477593728835,0.676095336888795,-0.776777733698209,-0.1677101701184421
55080410,37.45247833,-122.2253417,1054.9186526047329,6,Y,0,gray,0,-0.33654093167237337,1.0998010512273972,-0.7838879526530346,-0.1677101701184421
55083817,38.11093152,-122.5686732,1084.145263671875,5.25,Y,0.0034324942791762,gray,0,-0.3293102810476539,0.9842449473168694,-0.7676581050387588,-0.1677101701184421
55123897,47.52596528,-122.0309294,1012.5970281047588,2.25,Y,0.2992305500142491,gray,0,-0.34701128281663973,0.5220205316747579,0.6309625418488172,-0.1677101701184421
55198962,49.21602714,-123.1548914,3692.639672030904,2.5,Y,0.0479344055502996,melanic,1,0.3160300794905187,0.5605392329782671,-0.5572399135632286,-0.1677101701184421
55202662,37.24099932,-122.1938028,1.4735001551519913,5,Y,1,gray,0,-0.5971627954994366,0.9457262460133601,3.9444076523060105,-0.1677101701184421
55205610,45.57488833,-122.6762783,2283.895751953125,2.25,Y,0.00228963938179736,gray,0,-0.03249254197864826,0.5220205316747579,-0.773061860827141,-0.1677101701184421
55217282,49.26591536,-123.1846955,4630.29345703125,2.5,Y,0.0074940047961630655,gray,0,0.548005210329603,0.5605392329782671,-0.7484540827117947,-0.1677101701184421
55229705,37.33236952,-122.0985307,37.08796710086299,5.25,Y,0.6507437070938215,melanic,1,-0.5883517921614695,0.9842449473168694,2.2930206575534378,-0.1677101701184421
55307017,45.44965618,-122.8726311,1157.8925835561738,2.25,Y,0.24792679439519588,gray,0,-0.31106522679323556,0.5220205316747579,0.388383219637355,-0.1677101701184421
55426341,51.025927,-114.006646,464.8547973632813,-11.5,Y,0.014075495841330766,melanic,1,-0.48252246794164755,-1.5965080400182536,-0.7173348475288509,-0.1677101701184421
55450716,49.30649978,-123.0061799,1431.4222412109375,2,Y,0.22329059829059827,melanic,1,-0.24339411071832917,0.48350183037124855,0.271896001873077,-0.1677101701184421
55563940,37.78236667,-122.38913,8545.7060546875,7.25,Y,0,gray,0,1.5166765516711966,1.2923945577449438,-0.7838879526530346,-0.1677101701184421
55614001,51.0172952,-114.0765342,2873.74853515625,-11.25,Y,0.009232544720138488,melanic,1,0.11343677516189146,-1.5579893387147443,-0.7402337520302159,-0.1677101701184421
55672412,47.83611933,-122.1863578,1272.4943252216872,2.25,Y,0.02344196683819325,gray,0,-0.28271280669690485,0.5220205316747579,-0.6730474038804097,-0.1677101701184421
55673231,48.41338,-123.3655783,4161.07080078125,3.5,Y,0.0424621461487821,melanic,1,0.4319197331337569,0.7146140381923043,-0.5831143736406195,-0.1677101701184421
55707142,51.12627675,-114.2355944,1891.277587890625,-12.5,Y,8.583690987124463e-4,gray,0,-0.1296261017585684,-1.750582845232291,-0.7798293298161598,-0.1677101701184421
55736563,33.56874775,-101.8942552,1907.105734708905,-0.75,Y,0,gray,0,-0.12571022525079173,0.05979611603264629,-0.7838879526530346,-0.1677101701184421
55832039,37.59123274,-122.3212074,3194.1475670282157,6.75,Y,0.032330827067669175,gray,0,0.19270335364553481,1.2153571551379252,-0.6310182451242834,-0.1677101701184421
55982520,48.44894834,-123.3412927,4161.07080078125,3.5,Y,0.00599144079885877,gray,0,0.4319197331337569,0.7146140381923043,-0.7555586494564184,-0.1677101701184421
56064638,49.2641238,-123.2460015,1884.2208251953125,2.5,Y,0.04266895761741123,melanic,1,-0.1313719417218176,0.5605392329782671,-0.5821365078824453,-0.1677101701184421
56077431,47.99291872,-122.1996785,1765.9631975975076,2.25,Y,0,gray,0,-0.16062882637750145,0.5220205316747579,-0.7838879526530346,-0.1677101701184421
56078103,50.95558451,-114.111642,2368.5348652943053,-12,Y,0,gray,0,-0.011552862850261723,-1.6735454426252723,-0.7838879526530346,-0.1677101701184421
56127198,49.13277203,-123.9147159,486.9545008903042,1.5,Y,0.27554882664647995,melanic,1,-0.47705501108369414,0.40646442776423,0.5189883533311385,-0.1677101701184421
56181298,37.39606209,-121.9401151,1661.5947265625,6.5,Y,0,melanic,1,-0.18644953985525073,1.1768384538344159,-0.7838879526530346,-0.1677101701184421
56251510,47.62935078,-122.3132374,5327.794131526848,3.25,Y,0.06403659233847912,gray,0,0.7205665680661435,0.676095336888795,-0.48110401454244967,-0.1677101701184421
56279038,48.407436,-123.3498597,4161.07080078125,3.5,Y,0.02108768035516093,gray,0,0.4319197331337569,0.7146140381923043,-0.684179166310946,-0.1677101701184421
56336343,37.58598594,-122.3259674,2127.8797296129983,6.75,Y,0.016471449487554895,gray,0,-0.07109083675898771,1.2153571551379252,-0.7060060704337239,-0.1677101701184421
56378372,49.026537,-123.089893,1509.1932373046875,2.5,Y,0.1019219569015725,gray,0,-0.22415360075299381,0.5605392329782671,-0.30197081178650403,-0.1677101701184421
56389867,37.33108589,-122.1008173,15.708592414855955,5.25,Y,0.7320000000000001,gray,0,-0.5936410399834068,0.9842449473168694,2.677224430176987,-0.1677101701184421
56396473,49.1641161,-122.6219117,1364.9862060546875,1,Y,0.11700913242009132,melanic,1,-0.259830356371404,0.3294270251572114,-0.2306341860910458,-0.1677101701184421
56445083,37.73529296,-122.4853993,5113.630970697552,7.5,Y,0.03449292452830189,gray,0,0.6675826969945096,1.3309132590484531,-0.6207952092036807,-0.1677101701184421
56558022,51.02828887,-114.0073085,464.8547973632813,-11.5,Y,0.014211886304909556,gray,0,-0.48252246794164755,-1.5965080400182536,-0.7166899530993531,-0.1677101701184421
56578379,45.52168667,-123.0860055,1026.2490721754014,2.25,Y,0,gray,0,-0.3436337731641756,0.5220205316747579,-0.7838879526530346,-0.1677101701184421
56649169,49.22378089,-123.0194216,6527.4794921875,2,Y,0.20698539937016894,gray,0,1.0173681945906776,0.48350183037124855,0.19480020147962798,-0.1677101701184421
56663545,37.76969219,-122.4977151,6888.4111328125,7.5,Y,0.1957213067360509,gray,0,1.1066625225156899,1.3309132590484531,0.1415402417838761,-0.1677101701184421
56706795,45.5431021,-122.5758525,2575.007539124139,3.25,Y,0.08862206975414523,gray,0,0.03952838514614407,0.676095336888795,-0.36485660973213574,-0.1677101701184421
56783803,37.53532396,-122.3034463,2219.144053603195,6.25,Y,2.862049227246709e-4,melanic,1,-0.04851208345234089,1.1383197525309066,-0.7825346911747979,-0.1677101701184421
56788081,47.5879235,-121.9917806,474.1507263183594,2.25,Y,0.24804504222708793,gray,0,-0.48022265923813523,0.5220205316747579,0.3889423303411861,-0.1677101701184421
56792782,51.09722222,-114.2219444,1891.277587890625,-12,Y,0.08302238805970148,melanic,1,-0.1296261017585684,-1.6735454426252723,-0.3913335600771437,-0.1677101701184421
56873982,45.50041991,-122.9900659,160.52157592773438,2.25,Y,5.719187875321705e-4,gray,0,-0.5578143720437196,0.5220205316747579,-0.7811837515635527,-0.1677101701184421
56969083,37.55513163,-122.3508512,1585.106201171875,6.5,Y,0.07452884066247858,gray,0,-0.2053727671370265,1.1768384538344159,-0.4314935629059441,-0.1677101701184421
56977930,37.52486138,-122.2515244,2193.4878815971315,6.25,Y,0,melanic,1,-0.05485940903577513,1.1383197525309066,-0.7838879526530346,-0.1677101701184421
56994185,37.3237035,-122.0437368,2077.555432504279,5.5,Y,0,gray,0,-0.08354104555985743,1.0227636486203786,-0.7838879526530346,-0.1677101701184421
56994267,37.3237035,-122.0437368,2077.555432504279,5.5,Y,0,gray,0,-0.08354104555985743,1.0227636486203786,-0.7838879526530346,-0.1677101701184421
57059218,37.43315286,-122.088639,2040.0400966334685,6,Y,0,melanic,1,-0.09282232302742532,1.0998010512273972,-0.7838879526530346,-0.1677101701184421
57097936,49.87992948,-119.4175705,999.3453458549404,-4.75,Y,0.07512279687951459,gray,0,-0.3502897431320732,-0.5565031048235025,-0.4286851623353946,-0.1677101701184421
57120599,37.77005111,-122.4707124,6888.4111328125,7.5,Y,0.13038416763678698,gray,0,1.1066625225156899,1.3309132590484531,-0.1673930658597713,-0.1677101701184421
57121200,45.51697528,-122.9165162,2165.052369234799,2.25,Y,0.03262736119061248,gray,0,-0.061894342191541246,0.5220205316747579,-0.6296161441340503,-0.1677101701184421
57121686,45.51795743,-122.9151137,2227.694632895745,2.25,Y,0.035152900828808224,gray,0,-0.04639667392499756,0.5220205316747579,-0.6176746461626195,-0.1677101701184421
57124156,45.51683852,-122.91613,2176.234269407208,2.25,Y,0.032515687393040504,gray,0,-0.05912794504472733,0.5220205316747579,-0.630144170860299,-0.1677101701184421
57150700,51.0432555,-114.0204305,527.8733959863605,-11.5,Y,0.005108556832694763,gray,0,-0.4669316945722646,-1.5965080400182536,-0.7597331858333204,-0.1677101701184421
57150982,48.98601667,-123.81955,555.0307836666674,0.5,Y,0.2631426920854997,melanic,1,-0.46021296889636426,0.25238962255019276,0.46032848181192493,-0.1677101701184421
57161046,47.303106,-122.517697,2109.779541015625,2.75,Y,0.20315865039483133,gray,0,-0.07556881539593868,0.5990579342817764,0.17670620111825763,-0.1677101701184421
57173321,49.225455,-123.0202638,6537.524439806204,2,Y,0.20361342127903642,gray,0,1.0198533101796046,0.48350183037124855,0.1788564922913079,-0.1677101701184421
57231886,49.20741809,-123.9761056,1191.0351286891469,1.5,Y,0.09753047827446076,melanic,1,-0.30286577581617924,0.40646442776423,-0.3227350208783481,-0.1677101701184421
57244005,49.24341699,-122.9352418,3344.2429204309196,2,Y,0.20012315270935963,melanic,1,0.229836877554808,0.48350183037124855,0.1623534707531784,-0.1677101701184421
57298348,48.42137125,-123.4077753,3393.407958984375,3,Y,0.027147087857847967,gray,0,0.24200028630289108,0.6375766355852857,-0.6555284964473349,-0.1677101701184421
57347324,38.7612923,-120.5865935,174.32215881347656,1,Y,0.5242494226327944,gray,0,-0.5544001139542325,0.3294270251572114,1.6949182882839242,-0.1677101701184421
57384640,37.97527238,-122.5794922,440.63603471871454,6.25,Y,0.3421803652968037,melanic,1,-0.4885141790861101,1.1383197525309066,0.834041964683123,-0.1677101701184421
57394610,51.04401383,-114.0369945,655.04619210947385,-11.5,Y,0.00683654443753884,melanic,1,-0.43546920117463966,-1.5965080400182536,-0.7515627496359125,-0.1677101701184421
57399456,51.04452783,-114.0388028,744.3178164653765,-11.5,Y,0.0055675842870398975,melanic,1,-0.4133834408743488,-1.5965080400182536,-0.7575627683383848,-0.1677101701184421
57410050,51.04070694,-114.0132297,464.8547973632813,-11.5,Y,0.003556417717426441,melanic,1,-0.48252246794164755,-1.5965080400182536,-0.7670721583903287,-0.1677101701184421
57489813,48.76337125,-122.2249898,18.595063959530908,0.5,Y,0.7206524905330615,gray,0,-0.592926928202544,0.25238962255019276,2.62357005103723,-0.1677101701184421
57496646,37.72295556,-122.4521222,7616.481670583634,7.25,Y,0,gray,0,1.2867868508779745,1.2923945577449438,-0.7838879526530346,-0.1677101701184421
57502289,49.31961845,-123.045547,2424.2495974209546,2,Y,0.1396551724137931,melanic,1,0.0022309371849924832,0.48350183037124855,-0.12355701471909891,-0.1677101701184421
57508940,49.26507549,-121.9467106,9.515945026445788,1,Y,0.622398414271556,gray,0,-0.5951730982027059,0.3294270251572114,2.1589957340806425,-0.1677101701184421
57590678,51.1199283,-114.1475829,2500.2802009247107,-11.5,Y,0.00142775556824671,gray,0,0.021040874794908758,-1.5965080400182536,-0.7771371022747379,-0.1677101701184421
57594827,49.04419099,-122.3064886,1438.1966044197566,1.25,Y,0.03600605143721634,gray,0,-0.24171813626287844,0.36794572646072066,-0.6136406978905152,-0.1677101701184421
57636157,45.48628405,-122.890452,2638.2752782674656,2.25,Y,8.56898029134533e-4,gray,0,0.055180795769816694,0.5220205316747579,-0.7798362854679798,-0.1677101701184421
57666455,49.15905556,-122.834075,3902.7285371803614,1.5,Y,0.06232132647226986,melanic,1,0.36800597161669635,0.40646442776423,-0.4892142985989832,-0.1677101701184421
57681826,49.2361273,-122.9713764,3807.2538454864734,2,Y,0.14705882352941177,gray,0,0.34438557520619956,0.48350183037124855,-0.08855036368846905,-0.1677101701184421
57685162,50.94172,-114.1208278,2719.1259765625,-12,Y,0,melanic,1,0.07518322269481972,-1.6735454426252723,-0.7838879526530346,-0.1677101701184421
57685269,50.94173833,-114.1208333,2719.1259765625,-12,Y,0,melanic,1,0.07518322269481972,-1.6735454426252723,-0.7838879526530346,-0.1677101701184421
57690074,49.29931857,-123.122042,3489.76604929586,2.5,Y,0.28225806451612906,melanic,1,0.2658392351398573,0.5605392329782671,0.5507116132628251,-0.1677101701184421
57707631,49.2117256,-122.9656233,3855.7104433753457,2,Y,0.13653241930876892,melanic,1,0.35637371604784707,0.48350183037124855,-0.138322314500957,-0.1677101701184421
57708748,51.03424722,-114.0672278,2873.74853515625,-11.25,Y,0.004576659038901598,melanic,1,0.11343677516189146,-1.5579893387147443,-0.7622481558340001,-0.1677101701184421
57708767,51.03693583,-114.06094,2734.78054437376,-11.25,Y,0.00171673819742489,melanic,1,0.07905615583319027,-1.5579893387147443,-0.7757707069792852,-0.1677101701184421
57734976,47.62639167,-122.3048467,5798.518487244058,3.25,Y,0.04940034266133638,gray,0,0.837023565044621,0.676095336888795,-0.5503085295639669,-0.1677101701184421
57755933,45.50167845,-122.8389019,2802.9611455894487,2.5,Y,0.18254649499284692,gray,0,0.09592400635617508,0.5605392329782671,0.0792458373223219,-0.1677101701184421
57756767,47.6405087,-117.3873092,1404.2962394560318,-2,Y,0.06881781838949172,gray,0,-0.2501050715301955,-0.13279739048490022,-0.4584969644191311,-0.1677101701184421
57786975,51.04598167,-114.05951,2600.7882350200457,-11,Y,0.0014564520827264745,melanic,1,0.045906517884736285,-1.519470637411235,-0.7770014166714456,-0.1677101701184421
57808978,49.04497863,-122.3060165,1496.801762695566,1.25,Y,0.039636913767019666,melanic,1,-0.22721924607936458,0.36794572646072066,-0.5964729074942948,-0.1677101701184421
57814608,37.450985,-122.1423333,3112.0593261718745,6,Y,0,gray,0,0.17239475923934577,1.0998010512273972,-0.7838879526530346,-0.1677101701184421
57825845,45.54325,-122.93573,60.82037731033611,2.25,Y,0.00143061516452074,gray,0,-0.5824804043938967,0.5220205316747579,-0.7771235812582434,-0.1677101701184421
57826555,45.5406089,-122.9341587,88.54727569868442,2.25,Y,0,gray,0,-0.5756207820212353,0.5220205316747579,-0.7838879526530346,-0.1677101701184421
57829398,47.53424617,-122.3956212,2858.53308524113,3.25,Y,0.1903002309468822,gray,0,0.10967247959640805,0.676095336888795,0.11590779295579984,-0.1677101701184421
57867206,51.06907714,-114.0507806,1617.5138743212342,-11,Y,0,melanic,1,-0.1973551231630195,-1.519470637411235,-0.7838879526530346,-0.1677101701184421
57893397,47.76430786,-122.2972713,2016.2933042877744,3.25,Y,0.11543970209109138,gray,0,-0.09869726892912498,0.676095336888795,-0.2380549166179457,-0.1677101701184421
57952664,51.11849685,-114.1395176,2557.926944769624,-11.5,Y,0.002576581734898367,melanic,1,0.03530265367299003,-1.5965080400182536,-0.7717051125600969,-0.1677101701184421
57977341,46.93783372,-122.6109812,606.476318359375,1.25,Y,0.06364155251141553,gray,0,-0.44748536641415054,0.36794572646072066,-0.4829718796205382,-0.1677101701184421
58013970,37.42512094,-122.1790454,1657.05391682052,6,Y,0.00428693912546441,gray,0,-0.18757293417292076,1.0998010512273972,-0.7636180372273742,-0.1677101701184421
58053690,37.24795176,-121.9364722,1092.140380859375,5.25,Y,0,gray,0,-0.32733229259891805,0.9842449473168694,-0.7838879526530346,-0.1677101701184421
58087119,49.02876985,-122.6569375,425.4317873940293,1,Y,0.2776978417266187,melanic,1,-0.49227570313568497,0.3294270251572114,0.5291495318895493,-0.1677101701184421
58098175,51.0974528,-114.2175174,1891.277587890625,-12,Y,0.07709045694746658,melanic,1,-0.1296261017585684,-1.6735454426252723,-0.41938148388404384,-0.1677101701184421
58101862,51.0638248,-114.1213147,2643.1246953715613,-11.5,Y,0,melanic,1,0.056380539412098765,-1.5965080400182536,-0.7838879526530346,-0.1677101701184421
58103968,44.96422436,-123.0701158,725.9737548828125,2.25,Y,0.03995433789954338,gray,0,-0.417921753579751,0.5220205316747579,-0.5949720323635751,-0.1677101701184421
58163269,37.27822365,-121.94646,2627.598876953125,6,Y,0,melanic,1,0.05253945881645088,1.0998010512273972,-0.7838879526530346,-0.1677101701184421
58166389,37.34821601,-122.0550493,2364.34130859375,6,Y,0,gray,0,-0.012590346919386526,1.0998010512273972,-0.7838879526530346,-0.1677101701184421
58168594,48.465817,-123.374084,4157.298434795342,3.5,Y,0.04154302670623145,gray,0,0.4309864514607632,0.7146140381923043,-0.5874602420612641,-0.1677101701184421
58214356,45.5517816,-122.6306757,2770.9341019116937,3,Y,0.0065808297567954204,gray,0,0.08800052994474722,0.6375766355852857,-0.7527718442369951,-0.1677101701184421
58214367,45.5517816,-122.6306757,2770.9341019116937,3,Y,0.00658837009452878,gray,0,0.08800052994474722,0.6375766355852857,-0.7527361912912305,-0.1677101701184421
58217484,49.1775384,-122.7482755,2295.796142578125,1,Y,0.11510996858040562,melanic,1,-0.029548390612299785,0.3294270251572114,-0.23961399412732887,-0.1677101701184421
58261159,51.07405292,-114.0900578,3073.658857038272,-11.5,Y,0.00228767515012868,melanic,1,0.1628945001948559,-1.5965080400182536,-0.7730711482951071,-0.1677101701184421
58338866,45.48620333,-122.8906333,2620.913891997097,2.25,Y,0.00114351057747284,gray,0,0.05088559650112801,0.5220205316747579,-0.7784810966153456,-0.1677101701184421
58339941,47.72480775,-122.2218976,1706.6346435546875,3.25,Y,0.09848267964500428,gray,0,-0.17530668435316332,0.676095336888795,-0.3182327313229712,-0.1677101701184421
58374842,51.05647889,-114.0543058,2152.7535569416295,-11,Y,0.0032060623724861474,gray,0,-0.06493706290201352,-1.519470637411235,-0.7687287420279838,-0.1677101701184421
58427489,47.44737881,-122.4900825,124.11871337890624,3.25,Y,0.731985189404728,gray,0,-0.5668204241044795,0.676095336888795,2.6771544013044553,-0.1677101701184421
58428218,45.65933492,-122.6011431,2263.867431640625,2.25,Y,0,gray,0,-0.03744753954736981,0.5220205316747579,-0.7838879526530346,-0.1677101701184421
58443493,49.24583167,-122.92633,3274.6025726777457,2,Y,0.19313812481514345,melanic,1,0.2126078863854118,0.48350183037124855,0.12932619406043974,-0.1677101701184421
58448777,37.28475133,-121.9393626,2627.598876953125,6,Y,0,gray,0,0.05253945881645088,1.0998010512273972,-0.7838879526530346,-0.1677101701184421
58461192,47.0483556,-122.9286539,1052.186598170576,2.25,Y,0.0048654836863194,gray,0,-0.3372168407285319,0.5220205316747579,-0.7608825075230107,-0.1677101701184421
58510107,49.252065,-124.354642,18.906517040089497,1.5,Y,0.6924194016845773,melanic,1,-0.5928498748484504,0.40646442776423,2.4900756611205237,-0.1677101701184421
58535386,47.46473889,-122.2511389,1233.078630097305,2.75,Y,0.03378573491192607,gray,0,-0.29246423220156337,0.5990579342817764,-0.6241390107586632,-0.1677101701184421
58543651,49.04576383,-122.31002,1627.8587972852192,1.25,Y,0.0390672319806178,gray,0,-0.1947957938066198,0.36794572646072066,-0.5991665313811639,-0.1677101701184421
58543864,49.04576117,-122.3098917,1625.5667315027547,1.25,Y,0.03831070889894419,melanic,1,-0.19536284986535346,0.36794572646072066,-0.6027435961432913,-0.1677101701184421
58558666,37.43286021,-122.0909168,2008.2672805959876,6,Y,0,melanic,1,-0.10068290363332355,1.0998010512273972,-0.7838879526530346,-0.1677101701184421
58563081,37.01346684,-121.6002155,598.6933285554594,5,Y,0.02111269614835948,gray,0,-0.44941087464220286,0.9457262460133601,-0.6840608842459107,-0.1677101701184421
58563923,37.33609772,-122.0912094,869.1676013482323,5.5,Y,0.25314285714285717,gray,0,-0.3824956594280004,1.0227636486203786,0.4130463062023125,-0.1677101701184421
58564316,37.34323401,-121.9807234,3625.003441661543,6.25,Y,0,gray,0,0.2992969060736491,1.1383197525309066,-0.7838879526530346,-0.1677101701184421
58622639,37.34821601,-122.0550493,2364.34130859375,6,Y,0,gray,0,-0.012590346919386526,1.0998010512273972,-0.7838879526530346,-0.1677101701184421
58633727,49.37628997,-121.436412,34.167556700240745,-0.5,Y,0.3435162094763092,melanic,1,-0.5890743004002518,0.09831481733615559,0.8403582308459889,-0.1677101701184421
58638421,47.41646849,-122.5006166,84.903228759765625,3.25,Y,0.85,gray,0,-0.576522317618875,0.676095336888795,3.235163311562154,-0.1677101701184421
58662822,48.4240259,-123.4173633,3393.407958984375,2.75,Y,0.027138914443422257,gray,0,0.24200028630289108,0.5990579342817764,-0.6555671427668416,-0.1677101701184421
58665726,45.4745601,-122.7562345,1852.988525390625,3.25,Y,0.021459227467811162,gray,0,-0.1390987988512806,0.676095336888795,-0.6824223817311665,-0.1677101701184421
58726562,45.52097833,-122.701645,3838.39306640625,2.25,Y,0.13645446759920069,gray,0,0.3520894046607883,0.5220205316747579,-0.13869089322670752,-0.1677101701184421
58792915,47.69174788,-122.5572054,272.8543701171875,3.25,Y,0.5543847722637661,gray,0,-0.5300232885473642,0.676095336888795,1.8374071294979522,-0.1677101701184421
58857336,51.052651,-114.0620061,2802.320216153977,-11,Y,0.007978723404255313,melanic,1,0.09576544069790058,-1.519470637411235,-0.7461621898475103,-0.1677101701184421
58857368,51.054737,-114.0661058,3022.287165403954,-11,Y,0.008695652173913037,melanic,1,0.15018516645256044,-1.519470637411235,-0.742772338696869,-0.1677101701184421
58857521,51.05449722,-114.0588422,2549.7121206382385,-11,Y,0.005275498241500578,gray,0,0.033270309823711514,-1.519470637411235,-0.7589438375037781,-0.1677101701184421
58875819,45.51662946,-122.9152025,2205.0613104540416,2.25,Y,0.03337136337706788,gray,0,-0.05199614786594199,0.5220205316747579,-0.6260982818657532,-0.1677101701184421
58884782,45.5384869,-122.5710677,2298.923051957339,3,Y,0.05657142857142857,gray,0,-0.028774794617734654,0.6375766355852857,-0.5164015155724943,-0.1677101701184421
58928696,37.93192448,-122.0628834,2843.45703125,5.75,Y,0,gray,0,0.1059426705207393,1.061282349923888,-0.7838879526530346,-0.1677101701184421
58962775,37.77204671,-122.4595706,6888.4111328125,7.5,Y,0.08030865961703344,gray,0,1.1066625225156899,1.3309132590484531,-0.4041648703456634,-0.1677101701184421
58967277,49.2620852,-123.0727657,6570.846259401986,2.5,Y,0,melanic,1,1.0280971135793049,0.5605392329782671,-0.7838879526530346,-0.1677101701184421
58987127,37.32643127,-122.0479431,2237.680517066587,5.5,Y,0,gray,0,-0.043926170606894764,1.0227636486203786,-0.7838879526530346,-0.1677101701184421
58988747,37.38007167,-122.0927722,2315.0110761320916,6,Y,0,gray,0,-0.024794624567144784,1.0998010512273972,-0.7838879526530346,-0.1677101701184421
58998164,49.24438833,-122.9354233,3241.345656844603,2,Y,0.162095531587057,gray,0,0.20438014014782285,0.48350183037124855,-0.017452363066452835,-0.1677101701184421
58999632,37.32640839,-122.0478439,2235.481351629321,5.5,Y,0,gray,0,-0.044470243161399914,1.0227636486203786,-0.7838879526530346,-0.1677101701184421
59002578,49.24836293,-122.9172249,3191.4399673132393,2,Y,0.19167142042213348,gray,0,0.19203349467606318,0.48350183037124855,0.12239118212519656,-0.1677101701184421
59022590,47.1725,-122.2755556,1167.0943603515625,1.25,Y,0.23255148741418763,gray,0,-0.30878871129230195,0.36794572646072066,0.31568422321415757,-0.1677101701184421
59100309,49.26666333,-122.7786417,2728.6527383430903,1.25,Y,0.06296508299942759,melanic,1,0.07754013933705821,0.36794572646072066,-0.4861704274409596,-0.1677101701184421
59137444,51.04837056,-114.0389081,933.6130376562744,-11.5,Y,0.00550627103089629,melanic,1,-0.3665518870477349,-1.5965080400182536,-0.7578526755379343,-0.1677101701184421
59138659,37.20988354,-121.999761,238.40500363358373,5.25,Y,0.8946169182569068,gray,0,-0.5385460465473808,0.9842449473168694,3.446125290063103,-0.1677101701184421
59163904,37.3026869,-121.8813235,3673.5404710294342,6.25,Y,0,melanic,1,0.31130494562755856,1.1383197525309066,-0.7838879526530346,-0.1677101701184421
59173454,48.42193113,-123.412703,3393.407958984375,3,Y,0.027417746759720828,gray,0,0.24200028630289108,0.6375766355852857,-0.6542487411511665,-0.1677101701184421
59178117,47.24075078,-122.439859,2276.05517578125,2.25,Y,0,gray,0,-0.03443229704861136,0.5220205316747579,-0.7838879526530346,-0.1677101701184421
59182344,51.05948056,-114.0477014,1606.0503088876897,-11,Y,0,gray,0,-0.20019120417060368,-1.519470637411235,-0.7838879526530346,-0.1677101701184421
59198563,37.09001013,-122.0634816,172.39152893662205,4.5,Y,0.7563553270494144,gray,0,-0.5548777509301074,0.8686888434063414,2.792383616022073,-0.1677101701184421
59209451,49.30425838,-123.1442523,2089.77685546875,2.5,Y,0.7761618716408473,melanic,1,-0.080517470935006,0.5605392329782671,2.88603481376317,-0.1677101701184421
59220925,45.48661333,-122.8905633,2640.5250531708007,2.25,Y,8.571428571428571e-4,gray,0,0.05573738908379713,0.5220205316747579,-0.779835127848784,-0.1677101701184421
59245269,37.30754805,-122.0171363,2972.9653975396523,6,Y,0,melanic,1,0.13798298294243666,1.0998010512273972,-0.7838879526530346,-0.1677101701184421
59369084,47.336063,-122.63488,337.3576298414619,2.25,Y,0.4146411209608235,gray,0,-0.5140652106795504,0.5220205316747579,1.1766578372213192,-0.1677101701184421
59373974,37.769569,-122.4708199,6888.4111328125,7.5,Y,0.13100436681222707,gray,0,1.1066625225156899,1.3309132590484531,-0.16446058082433868,-0.1677101701184421
59384589,37.5292758,-122.3433443,1923.2688367042977,6.25,Y,0.15437392795883362,gray,0,-0.12171148098065017,1.1383197525309066,-0.05396238756501728,-0.1677101701184421
59384591,37.5292758,-122.3433443,1923.2688367042977,6.25,Y,0.1462925851703407,gray,0,-0.12171148098065017,1.1383197525309066,-0.09217336515401588,-0.1677101701184421
59384592,37.5292758,-122.3433443,1923.2688367042977,6.25,Y,0.14563662374821174,gray,0,-0.12171148098065017,1.1383197525309066,-0.09527494466329088,-0.1677101701184421
59384595,37.5292758,-122.3433443,1923.2688367042977,6.25,Y,0.14563106796116504,gray,0,-0.12171148098065017,1.1383197525309066,-0.09530121406676587,-0.1677101701184421
59384597,37.5292758,-122.3433443,1923.2688367042977,6.25,Y,0.14653692043503147,melanic,1,-0.12171148098065017,1.1383197525309066,-0.09101807579584194,-0.1677101701184421
59384599,37.5292758,-122.3433443,1923.2688367042977,6.25,Y,0.14603536794067312,melanic,1,-0.12171148098065017,1.1383197525309066,-0.09338956425057277,-0.1677101701184421
59384603,37.5292758,-122.3433443,1923.2688367042977,6.25,Y,0.14694110920526016,gray,0,-0.12171148098065017,1.1383197525309066,-0.08910695180999585,-0.1677101701184421
59388709,51.04171057,-114.0595205,2589.088948263826,-11,Y,0,melanic,1,0.04301211952639439,-1.519470637411235,-0.7838879526530346,-0.1677101701184421
59402750,48.45676823,-123.3122363,2121.60400390625,3.75,Y,0.13821839080459772,gray,0,-0.07264344851742327,0.7531327394958136,-0.13035054288714346,-0.1677101701184421
59422171,37.41231167,-122.1040945,3175.712379265949,6,Y,0,melanic,1,0.1881424963636615,1.0998010512273972,-0.7838879526530346,-0.1677101701184421
59470464,48.4283031,-123.4010372,3393.407958984375,3,Y,0.024169184290030208,gray,0,0.24200028630289108,0.6375766355852857,-0.6696089047990396,-0.1677101701184421
59524236,51.06497075,-114.0576319,2212.2354560013064,-11,Y,0,melanic,1,-0.050221267437144106,-1.519470637411235,-0.7838879526530346,-0.1677101701184421
59537335,37.328975,-121.9521028,3724.8078613281255,6,Y,0,gray,0,0.32398847526564656,1.0998010512273972,-0.7838879526530346,-0.1677101701184421
59545073,48.41228213,-123.364073,4161.07080078125,3.5,Y,0.045470567500881215,gray,0,0.4319197331337569,0.7146140381923043,-0.5688896681836243,-0.1677101701184421
59545082,49.16860138,-122.6284562,1364.9862060546875,1,Y,0.08340474150242788,melanic,1,-0.259830356371404,0.3294270251572114,-0.38952567997435955,-0.1677101701184421
59547614,49.09783165,-122.6798518,1440.1805954544643,1,Y,0.05581127733026467,gray,0,-0.24122729776020047,0.3294270251572114,-0.5199957353451937,-0.1677101701184421
59551396,49.098081,-122.6753065,1416.0447796303104,1,Y,0.029580700746697296,gray,0,-0.24719848789805512,0.3294270251572114,-0.644021655320817,-0.1677101701184421
59604066,51.1158498,-114.0787627,940.8129562520004,-11.5,Y,0,melanic,1,-0.3647706303781704,-1.5965080400182536,-0.7838879526530346,-0.1677101701184421
59617897,47.6405223,-117.3866499,1391.5837512232374,-2,Y,0.07265446224256292,gray,0,-0.2532501354847891,-0.13279739048490022,-0.4403561781508614,-0.1677101701184421
59627557,37.31099474,-121.9081196,3701.1293945312505,6.25,Y,0,gray,0,0.3181304330744427,1.1383197525309066,-0.7838879526530346,-0.1677101701184421
59689733,37.46724828,-122.2083897,1411.1219482421875,6.25,Y,0,gray,0,-0.24841639420166817,1.1383197525309066,-0.7838879526530346,-0.1677101701184421
59699760,47.56261597,-122.395974,3277.7631835937505,3.25,Y,0.03932054105064486,gray,0,0.21338982012524244,0.676095336888795,-0.5979688112186587,-0.1677101701184421
59710037,45.55441333,-122.8546617,1639.2191767758316,2.25,Y,0,gray,0,-0.19198524095558483,0.5220205316747579,-0.7838879526530346,-0.1677101701184421
59711537,48.45594667,-123.321145,2651.0866972396657,3.75,Y,0.08604917095483133,gray,0,0.058350335145492906,0.7531327394958136,-0.37702203581693605,-0.1677101701184421
59803947,47.69165,-122.3069717,3534.479135525212,3.25,Y,0.00258027522935779,gray,0,0.27690123285607127,0.676095336888795,-0.7716876486264774,-0.1677101701184421
59809094,48.42356114,-123.3612377,4161.07080078125,3.5,Y,0.009393939393939392,gray,0,0.4319197331337569,0.7146140381923043,-0.7394706303034193,-0.1677101701184421
59847618,37.419845,-122.0715133,2920.0255881409994,6.25,Y,0,gray,0,0.12488569756023758,1.1383197525309066,-0.7838879526530346,-0.1677101701184421
59884921,47.69075833,-122.1065117,1412.2435149540504,2.25,Y,0.1435502283105023,gray,0,-0.24813891909423386,0.5220205316747579,-0.10514003904161905,-0.1677101701184421
59885568,49.18436915,-122.8454136,4076.440544690394,1.5,Y,0.0131316014844419,gray,0,0.410982245285175,0.40646442776423,-0.7217978590680743,-0.1677101701184421
59886393,49.19134669,-122.8490125,4288.1277218749365,1.5,Y,0.00313747860810039,melanic,1,0.46335355910045767,0.40646442776423,-0.7690530263397004,-0.1677101701184421
59891238,45.486295,-122.8904717,2637.0762755870037,2.25,Y,8.578781812982557e-4,gray,0,0.05488416303807076,0.5220205316747579,-0.7798316510188118,-0.1677101701184421
59903299,48.45734026,-123.3334565,3676.983752067309,3.5,Y,0.01741364544675992,gray,0,0.31215681183025984,0.7146140381923043,-0.7015510894208046,-0.1677101701184421
59915057,49.26020006,-123.2464066,1884.2208251953125,2.5,Y,0.1106508875739645,melanic,1,-0.1313719417218176,0.5605392329782671,-0.26069784725224077,-0.1677101701184421
59924835,48.41849227,-123.3046363,4161.07080078125,3.75,Y,0.01086082059533386,gray,0,0.4319197331337569,0.7531327394958136,-0.7325347823658688,-0.1677101701184421
59927409,37.58650823,-122.3178955,2935.143906196059,6.75,Y,0.021629778672032182,gray,0,0.12862596274659105,1.2153571551379252,-0.681615965221828,-0.1677101701184421
59932960,48.38713796,-122.4946189,197.62215907602803,2.75,Y,0.015309246785058166,gray,0,-0.5486357042158833,0.5990579342817764,-0.7115013083640107,-0.1677101701184421
59933157,37.4242386,-122.1633094,2676.3100805219483,6,Y,0,melanic,1,0.06459058899047655,1.0998010512273972,-0.7838879526530346,-0.1677101701184421
59934438,48.43691103,-123.3267818,4160.839044162864,3.75,Y,0,melanic,1,0.4318623966490833,0.7531327394958136,-0.7838879526530346,-0.1677101701184421
59942962,47.72201497,-122.209184,1706.6346435546875,3.25,Y,0.06489422527158376,gray,0,-0.17530668435316332,0.676095336888795,-0.4770488725141829,-0.1677101701184421
59947025,48.41219577,-123.3636515,4161.07080078125,3.5,Y,0.04499476805022671,gray,0,0.4319197331337569,0.7146140381923043,-0.571139388634996,-0.1677101701184421
59947026,48.41219827,-123.3636151,4161.07080078125,3.5,Y,0.0456798866855524,gray,0,0.4319197331337569,0.7146140381923043,-0.5678999452027099,-0.1677101701184421
59984773,47.554055,-122.1174145,1308.5581968780805,2.25,Y,0.14971428571428572,gray,0,-0.27379062083269196,0.5220205316747579,-0.07599455351059463,-0.1677101701184421
59984774,47.554055,-122.1174145,1308.5581968780805,2.25,Y,0.15155847869602515,gray,0,-0.27379062083269196,0.5220205316747579,-0.06727466394033974,-0.1677101701184421
60001291,37.397336,-122.00944,1896.1996325675475,6.5,Y,0,melanic,1,-0.12840839008695765,1.1768384538344159,-0.7838879526530346,-0.1677101701184421
60001293,37.397432,-122.00944,1894.6583001517065,6.5,Y,0,gray,0,-0.12878971504351516,1.1768384538344159,-0.7838879526530346,-0.1677101701184421
60011723,49.26427065,-123.2479972,1884.2208251953125,2.5,Y,0.07196100917431192,gray,0,-0.1313719417218176,0.5605392329782671,-0.44363502924571796,-0.1677101701184421
60013694,37.3909126,-122.0878277,2756.284757068991,6,Y,0,gray,0,0.08437628852328101,1.0998010512273972,-0.7838879526530346,-0.1677101701184421
60015516,37.3916077,-122.0246822,2190.633056640625,6.5,Y,0,gray,0,-0.05556569146475081,1.1768384538344159,-0.7838879526530346,-0.1677101701184421
60021555,48.41426743,-123.3634811,4161.07080078125,3.5,Y,0.039716748768472906,gray,0,0.4319197331337569,0.7146140381923043,-0.5960954240078016,-0.1677101701184421
60029848,37.406537,-122.00958,1213.9903408029704,6.5,Y,0,gray,0,-0.2971866665130144,1.1768384538344159,-0.7838879526530346,-0.1677101701184421
60035874,49.26599,-122.8975433,2066.885221474964,2,Y,0.303963501568292,gray,0,-0.08618085103945144,0.48350183037124855,0.6533413358802823,-0.1677101701184421
60037424,49.25118529,-122.908489,3059.406134086598,2,Y,0.1255720823798627,melanic,1,0.1593683828534466,0.48350183037124855,-0.19014602743077458,-0.1677101701184421
60041916,37.77061667,-122.4771,6888.4111328125,7.5,Y,0.16324736225087924,gray,0,1.1066625225156899,1.3309132590484531,-0.01200616720104508,-0.1677101701184421
60083991,51.0398067,-114.0155084,464.8547973632813,-11.5,Y,0.0035877364644487848,melanic,1,-0.48252246794164755,-1.5965080400182536,-0.76692407409643,-0.1677101701184421
60084083,49.88422698,-119.5019693,2034.3338769111797,-3.75,Y,0.0031075201988812833,gray,0,-0.09423403925771177,-0.4024282996094653,-0.7691946785543428,-0.1677101701184421
60113232,48.46933,-123.4022133,2169.66473622244,2.75,Y,0.02798400913763563,gray,0,-0.06075324464300897,0.5990579342817764,-0.6515712852384182,-0.1677101701184421
60129068,45.63798403,-122.5594455,1617.1042388354097,2.25,Y,0,gray,0,-0.19745646680066123,0.5220205316747579,-0.7838879526530346,-0.1677101701184421
60221511,37.4389982,-122.1532499,3112.059326171875,6,Y,0,gray,0,0.17239475923934588,1.0998010512273972,-0.7838879526530346,-0.1677101701184421
60261401,49.268495,-122.9007733,1970.8993999033648,2,Y,0.41006577066056626,melanic,1,-0.10992770075516022,0.48350183037124855,1.1550242285054648,-0.1677101701184421
60283042,37.76866524,-122.4753735,6888.4111328125,7.5,Y,0.145906432748538,gray,0,1.1066625225156899,1.3309132590484531,-0.09399920795286976,-0.1677101701184421
60333634,48.43059765,-123.4055571,3393.407958984375,3,Y,0.02131438721136767,gray,0,0.24200028630289108,0.6375766355852857,-0.6831072292791296,-0.1677101701184421
60364254,50.9700093,-114.086095,2084.5398782131765,-11.5,Y,0,gray,0,-0.08181309678699626,-1.5965080400182536,-0.7838879526530346,-0.1677101701184421
60378381,48.41383,-123.3655783,4161.07080078125,3.5,Y,0.04157267160812118,melanic,1,0.4319197331337569,0.7146140381923043,-0.5873200722019496,-0.1677101701184421
60383651,37.43807076,-122.2297559,799.4509509464162,6,Y,0.0570430733410943,gray,0,-0.3997435278388532,1.0998010512273972,-0.5141714396809819,-0.1677101701184421
60384059,49.16847214,-123.1447697,3938.187778454981,2.5,Y,0.01751363766867642,melanic,1,0.37677857219243177,0.5605392329782671,-0.7010782966373866,-0.1677101701184421
60392819,47.71149623,-122.3196728,2807.4333732278687,3.25,Y,0.00599486154724521,gray,0,0.09703043349182011,0.676095336888795,-0.755542475146857,-0.1677101701184421
60396488,48.48877594,-123.3697514,1876.5025634765627,3.5,Y,0.10363901018922851,gray,0,-0.13328143625028754,0.7146140381923043,-0.2938520762729997,-0.1677101701184421
60466872,49.2837626,-122.7932065,1698.861772966863,1.5,Y,0.04555873925501433,melanic,1,-0.17722968909163955,0.40646442776423,-0.5684727660660752,-0.1677101701184421
60469607,48.4182992,-123.339882,4161.07080078125,3.5,Y,0.04019523399368361,gray,0,0.4319197331337569,0.7146140381923043,-0.5938330044204,-0.1677101701184421
60483301,51.04610556,-114.036775,773.4508446461514,-11.5,Y,0.007145076110593347,gray,0,-0.40617594261424045,-1.5965080400182536,-0.7501039206822182,-0.1677101701184421
60483349,51.04364361,-114.0352919,625.0314887108491,-11.5,Y,0.00713620850139621,melanic,1,-0.44289482549288384,-1.5965080400182536,-0.7501458493598115,-0.1677101701184421
60487514,36.62271759,-121.9225868,1150.9945888723216,6.75,Y,0.025749674054758795,melanic,1,-0.3127717876208158,1.2153571551379252,-0.6621358819907907,-0.1677101701184421
60491626,37.76989942,-122.4708354,6888.4111328125,7.5,Y,0.1321084864391951,gray,0,1.1066625225156899,1.3309132590484531,-0.15923997684479677,-0.1677101701184421
60526426,47.554055,-122.1174145,1308.5581968780805,2.25,Y,0.153516295025729,gray,0,-0.27379062083269196,0.5220205316747579,-0.05801752959328398,-0.1677101701184421
60530132,37.75440117,-122.4431184,7452.82319053094,7.25,Y,0.011979463776383337,gray,0,1.2462978154466982,1.2923945577449438,-0.7272455067293951,-0.1677101701184421
60544469,45.537134,-122.869347,2407.2177805915094,2.5,Y,0.01396409233399829,gray,0,-0.001982726750077557,0.5605392329782671,-0.7178615962429482,-0.1677101701184421
60544780,37.25922477,-121.9514724,1636.1913770450428,6,Y,0,melanic,1,-0.19273431726705517,1.0998010512273972,-0.7838879526530346,-0.1677101701184421
60546081,49.15895437,-122.8403218,4040.576146861696,1.5,Y,0.06150341685649203,gray,0,0.40210940915752685,0.40646442776423,-0.4930816170405193,-0.1677101701184421
60562538,48.46557861,-123.3155925,2121.60400390625,3.5,Y,0.09594517418617932,gray,0,-0.07264344851742327,0.7146140381923043,-0.33023080723149284,-0.1677101701184421
60568472,49.3112793,-123.0401688,2447.8755950687732,2,Y,0.09061771561771563,melanic,1,0.008075998531974195,0.48350183037124855,-0.3554206061663611,-0.1677101701184421
60569825,51.04106389,-114.0280222,481.9988571549416,-11.5,Y,0.007514088916718846,gray,0,-0.47828103514747183,-1.5965080400182536,-0.7483591190528414,-0.1677101701184421
60569831,51.04280667,-114.0214094,514.6412340391497,-11.5,Y,0.006142903330100223,gray,0,-0.4702053255734843,-1.5965080400182536,-0.7548424898356334,-0.1677101701184421
60569836,51.04242778,-114.0223303,504.6095149109486,-11.5,Y,0.0061788617886178775,melanic,1,-0.47268716843972364,-1.5965080400182536,-0.7546724676142633,-0.1677101701184421
60582107,45.50741667,-122.90455,2436.3741134666056,2.25,Y,0,gray,0,0.005230537081077196,0.5220205316747579,-0.7838879526530346,-0.1677101701184421
60583181,49.17446484,-123.1445553,3063.8563086732374,2.5,Y,0.018490451652015762,melanic,1,0.1604693540738551,0.5605392329782671,-0.6964596313731007,-0.1677101701184421
60630625,49.16699649,-123.1431317,4218.354112936316,2.5,Y,0.01749354746200172,melanic,1,0.4460915991728436,0.5605392329782671,-0.7011732890733094,-0.1677101701184421
60632636,49.16821068,-123.1448015,3978.312710455728,2.5,Y,0.017498565691336777,melanic,1,0.3867054625859678,0.5605392329782671,-0.7011495614015997,-0.1677101701184421
60637124,49.163231,-123.1450486,4704.631887281646,2,Y,0.017488532110091735,melanic,1,0.5663965050266127,0.48350183037124855,-0.7011970031397027,-0.1677101701184421
60664284,49.20939138,-123.9709627,1164.6312746368396,1.5,Y,0.21591695501730104,gray,0,-0.30939807760647997,0.40646442776423,0.23703123679140986,-0.1677101701184421
60679345,45.53615208,-122.9942028,287.35577392578125,2.25,Y,0.03178694158075601,gray,0,-0.5264356476721689,0.5220205316747579,-0.633589896481656,-0.1677101701184421
60725487,47.83617946,-122.1864704,1273.4222154611273,2.25,Y,0.022031473533619447,gray,0,-0.2824832470629101,0.5220205316747579,-0.6797166331732502,-0.1677101701184421
60761843,49.26404864,-123.2522389,1884.2208251953127,3,Y,0.12535167239762426,gray,0,-0.13137194172181754,0.6375766355852857,-0.19118819098108167,-0.1677101701184421
60790183,49.30456927,-123.0034045,1431.4222412109375,2,Y,0.18536804308797125,gray,0,-0.24339411071832917,0.48350183037124855,0.09258695077967885,-0.1677101701184421
60830830,37.28624667,-121.939195,2627.598876953125,6,Y,0,melanic,1,0.05253945881645088,1.0998010512273972,-0.7838879526530346,-0.1677101701184421
60845735,37.76481935,-122.4497645,6888.4111328125,7.25,Y,0.09951386903059764,gray,0,1.1066625225156899,1.2923945577449438,-0.31335696308318967,-0.1677101701184421
60851054,48.41302113,-123.3656891,4161.07080078125,3.5,Y,0.04401228249744115,gray,0,0.4319197331337569,0.7146140381923043,-0.5757848707561676,-0.1677101701184421
60861914,37.36198889,-122.0057972,4032.0983001753784,6.25,Y,0,gray,0,0.40001199364473017,1.1383197525309066,-0.7838879526530346,-0.1677101701184421
60862125,37.36883,-122.0363496,2471.974465631602,6.25,Y,0,gray,0,0.014038048428551213,1.1383197525309066,-0.7838879526530346,-0.1677101701184421
60865399,36.96148924,-122.036991,885.46124267578125,5.5,Y,0,melanic,1,-0.3784646197849387,1.0227636486203786,-0.7838879526530346,-0.1677101701184421
60885043,48.46122811,-123.3454786,4161.07080078125,3.5,Y,0.06580829756795423,gray,0,0.4319197331337569,0.7146140381923043,-0.47272686849263956,-0.1677101701184421
60885097,48.46132904,-123.3445687,4161.07080078125,3.5,Y,0.06364155251141553,gray,0,0.4319197331337569,0.7146140381923043,-0.4829718796205382,-0.1677101701184421
60895509,37.35464785,-121.8798944,4258.878989142237,6.25,Y,0,gray,0,0.4561174355854836,1.1383197525309066,-0.7838879526530346,-0.1677101701184421
60896411,37.72850871,-122.4939635,5002.083984375,7.5,Y,0.033628318584070796,gray,0,0.639986022016154,1.3309132590484531,-0.62488332168981,-0.1677101701184421
60899993,48.42175866,-123.3594136,4161.07080078125,3.5,Y,0.02261380323054332,melanic,1,0.4319197331337569,0.7146140381923043,-0.676963206226648,-0.1677101701184421
60900242,48.42189818,-123.3594378,4161.07080078125,3.5,Y,0.02261380323054332,gray,0,0.4319197331337569,0.7146140381923043,-0.676963206226648,-0.1677101701184421
60900685,48.42194663,-123.3601537,4161.07080078125,3.5,Y,0.02288261515601783,melanic,1,0.4319197331337569,0.7146140381923043,-0.6756921839808662,-0.1677101701184421
60904424,37.28421667,-121.9407933,2627.598876953125,6,Y,0,gray,0,0.05253945881645088,1.0998010512273972,-0.7838879526530346,-0.1677101701184421
60945983,37.28417333,-121.9409267,2627.598876953125,6,Y,0,gray,0,0.05253945881645088,1.0998010512273972,-0.7838879526530346,-0.1677101701184421
61117958,48.44993883,-123.4220409,3393.407958984375,2.75,Y,0.07409879839786382,gray,0,0.24200028630289108,0.5990579342817764,-0.4335269298556687,-0.1677101701184421
61139302,47.80031972,-119.9839019,4.976287352246101,-3,Y,0,gray,0,-0.5962962074993178,-0.2868721956989374,-0.7838879526530346,-0.1677101701184421
61154137,49.1719601,-123.9671319,1420.4456295639966,1.5,Y,0.14543339150668996,melanic,1,-0.2461097195749265,0.40646442776423,-0.09623588677766426,-0.1677101701184421
61154141,49.16670243,-123.9730794,1380.036753053531,1.5,Y,0.16070909619296714,gray,0,-0.2561068577143222,0.40646442776423,-0.0240078394468876,-0.1677101701184421
61154142,49.1673775,-123.9698875,1381.0054390809944,1.5,Y,0.11751018033740547,melanic,1,-0.25586720522045125,0.40646442776423,-0.22826508342573545,-0.1677101701184421
61167046,51.04774167,-114.0421889,1081.4602529041294,-11,Y,0.005467800729040094,melanic,1,-0.3299745515215921,-1.519470637411235,-0.7580345744971224,-0.1677101701184421
61167053,51.05272972,-114.0350361,1156.3281042060075,-11.5,Y,0.004503152206544572,gray,0,-0.3114522782910864,-1.5965080400182536,-0.7625957178663683,-0.1677101701184421
61186623,37.3015531,-121.9447662,3080.4198322780608,6,Y,0,melanic,1,0.16456716247270217,1.0998010512273972,-0.7838879526530346,-0.1677101701184421
61252970,37.27896167,-121.9416117,2627.598876953125,6,Y,0,melanic,1,0.05253945881645088,1.0998010512273972,-0.7838879526530346,-0.1677101701184421
61258926,49.29569508,-123.1478684,2925.622295549372,2.5,Y,0.5006129955046996,gray,0,0.1262703204925973,0.5605392329782671,1.583158273777219,-0.1677101701184421
61270099,48.41395605,-123.349362,4161.07080078125,3.5,Y,0.040973505853357975,gray,0,0.4319197331337569,0.7146140381923043,-0.5901531050068384,-0.1677101701184421
61272841,49.13923264,-122.606041,296.053466796875,1,Y,0.12174907116318948,melanic,1,-0.5242838423106948,0.3294270251572114,-0.2082223545642797,-0.1677101701184421
61273179,49.23857833,-122.9555667,3779.653284704802,2,Y,0.06834975369458128,gray,0,0.33755720870143685,0.48350183037124855,-0.46071011265891265,-0.1677101701184421
61321642,49.25895029,-123.1057783,7733.293832189163,3,Y,0,gray,0,1.3156861278878027,0.6375766355852857,-0.7838879526530346,-0.1677101701184421
61345468,37.32421167,-121.8614367,4488.531526284088,6,Y,0,melanic,1,0.5129333714919215,1.0998010512273972,-0.7838879526530346,-0.1677101701184421
61346140,49.23137095,-123.0145103,6094.518845654372,2,Y,0.1946193474527762,melanic,1,0.9102539225273919,0.48350183037124855,0.13632985254792454,-0.1677101701184421
61346199,49.23059314,-123.0159103,6279.034722908528,2,Y,0.20229555236728838,gray,0,0.9559030687822705,0.48350183037124855,0.1726252185079775,-0.1677101701184421
61354475,49.29823,-122.77877,1220.158970135211,1,Y,0.1867435158501441,gray,0,-0.29566055035016675,0.3294270251572114,0.09909059259580158,-0.1677101701184421
61356447,47.554055,-122.1174145,1308.5581968780805,2.25,Y,0.1508841985168283,gray,0,-0.27379062083269196,0.5220205316747579,-0.0704628599481472,-0.1677101701184421
61357158,49.33610535,-123.0422592,948.61767578125,0.5,Y,0.13975421549014003,melanic,1,-0.3628397462257011,0.25238962255019276,-0.12308870977650614,-0.1677101701184421
61358908,47.162897,-122.283743,1167.0943603515625,1.25,Y,0.12856731046411068,gray,0,-0.30878871129230195,0.36794572646072066,-0.17598370364417493,-0.1677101701184421
61359016,49.224529,-122.8935328,3492.5553028442064,2,Y,0.011468620579802481,melanic,1,0.2665292952315156,0.48350183037124855,-0.7296609243706117,-0.1677101701184421
61411520,47.83613839,-122.1864239,1273.1166816902746,2.25,Y,0.022850614110254214,gray,0,-0.2825588359824059,0.5220205316747579,-0.6758434943849044,-0.1677101701184421
61414226,47.83601213,-122.1863935,1273.3888397587752,2.25,Y,0.024048096192384773,gray,0,-0.28249150419687985,0.5220205316747579,-0.6701814451189493,-0.1677101701184421
61418943,47.64565207,-122.3583179,4712.54150390625,3.25,Y,0.008933889219773675,gray,0,0.5683533406739819,0.676095336888795,-0.7416458835199877,-0.1677101701184421
61431226,49.11321407,-122.7306864,1350.948486328125,1,Y,0.0020028612303290396,melanic,1,-0.2633032820102106,0.3294270251572114,-0.7744178327003269,-0.1677101701184421
61433967,47.83606112,-122.1863461,1272.6452152150955,2.25,Y,0.023149471277507862,gray,0,-0.28267547657941033,0.5220205316747579,-0.6744304093544685,-0.1677101701184421
61435436,48.4921262,-123.3791476,1876.5025634765625,2.75,Y,0.05974842767295597,gray,0,-0.1332814362502876,0.5990579342817764,-0.5013797246837834,-0.1677101701184421
61438549,49.22462558,-122.8926654,3490.969217856415,2,Y,0.012857602057216328,melanic,1,0.26613689850849204,0.48350183037124855,-0.7230934093555862,-0.1677101701184421
61445341,47.83608584,-122.1863837,1272.933233118129,2.25,Y,0.023123037396517266,gray,0,-0.28260422107784994,0.5220205316747579,-0.6745553965577783,-0.1677101701184421
61445532,49.01084493,-122.4599602,50.451941629623576,1,Y,0.201545949040939,melanic,1,-0.585045550785994,0.3294270251572114,0.16908087239453706,-0.1677101701184421
61452125,47.83607848,-122.186341,1272.5074603497587,2.25,Y,0.02314947127750786,gray,0,-0.28270955707204143,0.5220205316747579,-0.6744304093544685,-0.1677101701184421
61453216,47.83609484,-122.1863381,1272.3981615413068,2.25,Y,0.02317596566523605,gray,0,-0.28273659754881103,0.5220205316747579,-0.6743051360574172,-0.1677101701184421
61454164,47.83607324,-122.1863656,1272.7979672594815,2.25,Y,0.023435267219205483,gray,0,-0.28263768579132925,0.5220205316747579,-0.6730790816594244,-0.1677101701184421
61486038,48.43444444,-123.3886111,3499.6658900318735,3,Y,0.010010725777618877,melanic,1,0.2682884513503182,0.6375766355852857,-0.7365542819562689,-0.1677101701184421
61516037,48.46378667,-123.2977,2121.60400390625,3.5,Y,0.21639950678175096,gray,0,-0.07264344851742327,0.7146140381923043,0.23931288417842364,-0.1677101701184421
61523439,49.18857351,-122.9947042,547.7473636429451,2,Y,0.0891089108910891,melanic,1,-0.4620148837822071,0.48350183037124855,-0.3625546809240107,-0.1677101701184421
61524920,48.41698833,-123.30748,4161.07080078125,3.75,Y,0.009886488465763456,gray,0,0.4319197331337569,0.7531327394958136,-0.7371417126918869,-0.1677101701184421
61529314,49.29577,-123.14615,3023.63829898841,2.5,Y,0.4960212201591511,melanic,1,0.15051943630252979,0.5605392329782671,1.561447002591903,-0.1677101701184421
61529451,47.83610384,-122.1863577,1272.567034774909,2.25,Y,0.023209169054441262,gray,0,-0.2826948183856628,0.5220205316747579,-0.6741481406181685,-0.1677101701184421
61535725,47.83612365,-122.1863765,1272.6756852076055,2.25,Y,0.022552098201541533,gray,0,-0.28266793831676773,0.5220205316747579,-0.677254965844081,-0.1677101701184421
61544264,48.46369167,-123.31195,2121.60400390625,3.5,Y,0.1426126640045636,gray,0,-0.07264344851742327,0.7146140381923043,-0.10957312022875546,-0.1677101701184421
61575073,45.69390827,-121.5388264,218.8894072193429,0.25,Y,0.01427347987439337,gray,0,-0.5433741964509133,0.2138709212466835,-0.716398720495469,-0.1677101701184421
61582554,51.04815833,-114.044475,1266.1668737894115,-11,Y,0.0030156815440289496,melanic,1,-0.2842782153769109,-1.519470637411235,-0.7696289188624463,-0.1677101701184421
61592562,37.76909789,-122.4748192,6888.4111328125,7.5,Y,0.14335766423357665,gray,0,1.1066625225156899,1.3309132590484531,-0.10605053892021954,-0.1677101701184421
61594380,47.16912703,-122.2848803,1167.0943603515625,1.25,Y,0.19224137931034482,gray,0,-0.30878871129230195,0.36794572646072066,0.12508611623133362,-0.1677101701184421
61604104,48.4457237,-123.310831,2411.9688356067268,3.75,Y,0.03609281008307075,gray,0,-8.073178449897005e-4,0.7531327394958136,-0.6132304773666296,-0.1677101701184421
61621571,49.22420166,-123.0162726,6470.067599041942,2,Y,0.20206067544361764,gray,0,1.0031645176715307,0.48350183037124855,0.17151465098207883,-0.1677101701184421
61621573,49.2242215,-123.0162588,6468.828375299678,2,Y,0.20246630341267566,melanic,1,1.0028579342669208,0.48350183037124855,0.17343257992542432,-0.1677101701184421
61621576,49.22430384,-123.0161612,6461.380944866602,2,Y,0.20246630341267566,gray,0,1.0010154432784937,0.48350183037124855,0.17343257992542432,-0.1677101701184421
61621617,49.227561969999996,-123.013653,6168.8371719916,2,Y,0.20206362854686155,melanic,1,0.9286402435251938,0.48350183037124855,0.171528614127168,-0.1677101701184421
61621642,49.22713697,-123.014296,6241.405391387885,2,Y,0.20223752151462993,gray,0,0.9465935888414572,0.48350183037124855,0.1723508314824005,-0.1677101701184421
61621714,49.22713697,-123.014296,6241.405391387885,2,Y,0.20246984491671455,melanic,1,0.9465935888414572,0.48350183037124855,0.17344932520340633,-0.1677101701184421
61621763,49.22946497,-123.023612,6615.673575183518,2,Y,0.1965566714490674,gray,0,1.0391873716361018,0.48350183037124855,0.14549009308496993,-0.1677101701184421
61623041,49.23076536,-123.0191336,6547.791329370439,2,Y,0.20108851331996563,melanic,1,1.0223933341074907,0.48350183037124855,0.1669179810855074,-0.1677101701184421
61623042,49.23056218,-123.0187313,6523.421830665317,2,Y,0.20189003436426117,melanic,1,1.0163643309284536,0.48350183037124855,0.17070780951653217,-0.1677101701184421
61623047,49.22619708,-123.0204558,6547.290838045004,2,Y,0.20269109647867162,melanic,1,1.022269512775397,0.48350183037124855,0.17449546799139828,-0.1677101701184421
61623049,49.22754277,-123.0201834,6567.151691570044,2,Y,0.2020057306590258,gray,0,1.0271830791351226,0.48350183037124855,0.1712548557985778,-0.1677101701184421
61623050,49.22423284,-123.0198552,6527.508813962884,2,Y,0.206025824964132,gray,0,1.0173754487849123,0.48350183037124855,0.1902630500329323,-0.1677101701184421
61623051,49.22507896,-123.0197195,6532.631088532146,2,Y,0.20360824742268038,gray,0,1.018642697243146,0.48350183037124855,0.17883202876903898,-0.1677101701184421
61623053,49.22368455,-123.0204345,6527.479492187499,2,Y,0.20757967269595176,gray,0,1.0173681945906776,0.48350183037124855,0.1976101014340713,-0.1677101701184421
61623054,49.22332719,-123.0202951,6527.479492187501,2,Y,0.2070547748781187,melanic,1,1.017368194590678,0.48350183037124855,0.1951282293889587,-0.1677101701184421
61623057,49.22335522,-123.018135,6527.4794921875,2,Y,0.2065997130559541,melanic,1,1.0173681945906776,0.48350183037124855,0.19297656257523307,-0.1677101701184421
61632042,37.521215,-122.5124333,338.7619934082031,7.25,Y,0.03675213675213676,gray,0,-0.5137177717555552,1.2923945577449438,-0.6101129859750525,-0.1677101701184421
61633100,51.05869,-114.1474753,2170.526123046875,-11.5,Y,0.09701037217815743,melanic,1,-0.06054013792441205,-1.5965080400182536,-0.3251942362476115,-0.1677101701184421
61633101,51.05825,-114.1464861,2170.526123046875,-11.5,Y,0.09862595419847328,gray,0,-0.06054013792441205,-1.5965080400182536,-0.31755528688150125,-0.1677101701184421
61645275,37.32882222,-121.9520806,3724.807861328125,6,Y,0,gray,0,0.32398847526564645,1.0998010512273972,-0.7838879526530346,-0.1677101701184421
61662043,47.83603089,-122.1864355,1273.751310551565,2.25,Y,0.02318259874069834,gray,0,-0.2824018290833914,0.5220205316747579,-0.6742737729158615,-0.1677101701184421
61665331,47.83602706,-122.1865769,1275.2812864657822,2.25,Y,0.022870211549456832,gray,0,-0.2820233137203024,0.5220205316747579,-0.6757508318992542,-0.1677101701184421
61666451,47.83608903,-122.1863658,1272.7249894164445,2.25,Y,0.02316933638443936,gray,0,-0.2826557404773527,0.5220205316747579,-0.6743364812566722,-0.1677101701184421
61684475,37.34277783,-121.9755349,3573.998428352296,6.25,Y,0,gray,0,0.28667828838646353,1.1383197525309066,-0.7838879526530346,-0.1677101701184421
61698255,37.40365451,-121.9554105,1457.545221343674,6.5,Y,0,gray,0,-0.23693129701124632,1.1768384538344159,-0.7838879526530346,-0.1677101701184421
61698257,37.40365451,-121.9554105,1457.545221343674,6.5,Y,0,melanic,1,-0.23693129701124632,1.1768384538344159,-0.7838879526530346,-0.1677101701184421
61723485,49.26412167,-123.1596833,4990.950349669134,2.5,Y,0,gray,0,0.6372315657243716,0.5605392329782671,-0.7838879526530346,-0.1677101701184421
61726926,49.13974415,-122.601982,296.053466796875,1,Y,0.15628571428571428,melanic,1,-0.5242838423106948,0.3294270251572114,-0.044922896678006655,-0.1677101701184421
61733261,37.27617071,-121.9428001,2627.598876953125,6,Y,0,melanic,1,0.05253945881645088,1.0998010512273972,-0.7838879526530346,-0.1677101701184421
61745532,45.48635,-122.8906033,2628.39251820105,2.25,Y,8.581235697940503e-4,gray,0,0.05273580530944412,0.5220205316747579,-0.7798304907494655,-0.1677101701184421
61747967,37.2483293,-121.8735696,2973.885498046875,5.5,Y,0,melanic,1,0.1382106154001332,1.0227636486203786,-0.7838879526530346,-0.1677101701184421
61760767,37.97474722,-122.0817491,1532.2279342642437,5.75,Y,0.00598973188819167,gray,0,-0.2184548269342226,1.061282349923888,-0.755566729691215,-0.1677101701184421
61798571,45.56598726,-122.8265924,1567.2983881320547,2.25,Y,0.0754932799542465,gray,0,-0.2097784121906203,0.5220205316747579,-0.42693340884142805,-0.1677101701184421
61815453,37.36235483,-121.9512556,3381.369431370452,6.25,Y,0,gray,0,0.2390219599067056,1.1383197525309066,-0.7838879526530346,-0.1677101701184421
61816776,48.41313035,-123.3513428,4161.07080078125,3.5,Y,0.05612244897959184,gray,0,0.4319197331337569,0.7146140381923043,-0.5185244238032922,-0.1677101701184421
61819592,47.82343,-122.210227,1322.0760498046875,2.25,Y,0.0805254140491148,gray,0,-0.27044631000978836,0.5220205316747579,-0.4031399913170977,-0.1677101701184421
61822693,47.44145278,-122.1151417,481.9237801720304,2.25,Y,0.32558139534883723,melanic,1,-0.47829960915976977,0.5220205316747579,0.7555571280313059,-0.1677101701184421
61830938,45.5140869,-122.6019239,2788.781494126421,2.25,Y,0.0905933429811867,gray,0,0.09241596686867141,0.5220205316747579,-0.35553584719654213,-0.1677101701184421
61830939,45.5140869,-122.6019239,2788.781494126421,2.25,Y,0.09109370467072817,gray,0,0.09241596686867141,0.5220205316747579,-0.35316998921899334,-0.1677101701184421
61834097,48.43691103,-123.3267818,4160.839044162864,3.75,Y,0,gray,0,0.4318623966490833,0.7531327394958136,-0.7838879526530346,-0.1677101701184421
61838396,49.10894167,-122.6698944,2095.425537109375,1,Y,0.004286939125464411,gray,0,-0.07911998960062218,0.3294270251572114,-0.7636180372273742,-0.1677101701184421
61842506,48.421875,-123.3593306,4161.07080078125,3.5,Y,0.022267799589803683,melanic,1,0.4319197331337569,0.7146140381923043,-0.678599213720457,-0.1677101701184421
61871059,47.42937355,-122.1630538,1409.2471923828125,2.25,Y,0.09587864911276474,gray,0,-0.24888020797038204,0.5220205316747579,-0.3305453574437386,-0.1677101701184421
61890944,44.93697885,-123.0293491,1393.4729598821264,2.25,Y,0,gray,0,-0.25278274609988094,0.5220205316747579,-0.7838879526530346,-0.1677101701184421
61903733,49.16323418,-123.1450489,4704.215512713829,2,Y,0.017498565691336777,melanic,1,0.5662934941430727,0.48350183037124855,-0.7011495614015997,-0.1677101701184421
61904079,37.35753411,-122.1778263,73.676300048828125,5.25,Y,0.729136586774473,gray,0,-0.5792998548061641,0.9842449473168694,2.6636853660075457,-0.1677101701184421
61907999,49.26638428,-123.2508249,1884.2208251953125,3,Y,0.12047832585949178,melanic,1,-0.1313719417218176,0.6375766355852857,-0.2142308139987759,-0.1677101701184421
61908329,49.26803698,-123.2562106,1884.2208251953125,3,Y,0.1566410981025434,gray,0,-0.1313719417218176,0.6375766355852857,-0.043242536938819964,-0.1677101701184421
61908658,49.26554495,-123.2519938,1884.2208251953125,3,Y,0.12591911764705885,melanic,1,-0.1313719417218176,0.6375766355852857,-0.18850514210212524,-0.1677101701184421
61908983,49.26670285,-123.2514365,1884.2208251953125,3,Y,0.12427303336394246,gray,0,-0.1313719417218176,0.6375766355852857,-0.1962883151833766,-0.1677101701184421
61909274,49.26650872,-123.2511787,1884.2208251953125,3,Y,0.12408759124087591,melanic,1,-0.1313719417218176,0.6375766355852857,-0.19716514035884644,-0.1677101701184421
61909620,49.26528738,-123.249844,1884.2208251953125,2.5,Y,0.1098299221677717,gray,0,-0.1313719417218176,0.5605392329782671,-0.2645796143741656,-0.1677101701184421
61912247,37.32911227,-121.8246148,3875.376727753616,6,Y,0,gray,0,0.36123914608689517,1.0998010512273972,-0.7838879526530346,-0.1677101701184421
61912598,49.26574346,-123.2426098,1884.2208251953127,2.5,Y,0.06155167477812768,gray,0,-0.13137194172181754,0.5605392329782671,-0.49285343932174497,-0.1677101701184421
61915819,37.43141298,-122.0874352,2366.526852557068,6,Y,0,melanic,1,-0.012049644311498986,1.0998010512273972,-0.7838879526530346,-0.1677101701184421
61919938,49.17981667,-122.8227083,3876.076904296875,1.5,Y,0.5124677558039553,melanic,1,0.3614123694533779,0.40646442776423,1.6392110847980326,-0.1677101701184421
61920026,49.2615,-123.23777,1884.2208251953127,2.5,Y,0.18646487721302113,gray,0,-0.13137194172181754,0.5605392329782671,0.0977731067525213,-0.1677101701184421
61920666,49.13733524,-122.5992454,296.053466796875,1,Y,0.13506567675613934,gray,0,-0.5242838423106948,0.3294270251572114,-0.14525750686616182,-0.1677101701184421
61929905,47.39918426,-122.2565034,1206.6993387843866,2.25,Y,0,gray,0,-0.2989904571810256,0.5220205316747579,-0.7838879526530346,-0.1677101701184421
61966337,49.20495626,-123.9819345,1228.0210506299345,1.5,Y,0.029454230436038117,gray,0,-0.2937154751202617,0.40646442776423,-0.6446196443348646,-0.1677101701184421
61967343,49.1041779,-122.6603519,1728.343745148892,1,Y,0.00570776255707762,gray,0,-0.16993586224027368,0.3294270251572114,-0.7568999640402547,-0.1677101701184421
61984061,36.58522,-121.9024117,403.594424534444,6.5,Y,0.2539908779931585,melanic,1,-0.4976782570287842,1.1768384538344159,0.4170559994617059,-0.1677101701184421
61990007,45.52494167,-122.924355,2019.473119860928,2.25,Y,0.01858736059479554,gray,0,-0.09791058396562731,0.5220205316747579,-0.6960014172448739,-0.1677101701184421
61997175,47.5706914,-122.0073183,1211.3201446579317,2.25,Y,0.15446454206144128,gray,0,-0.2978472718558608,0.5220205316747579,-0.05353393730191017,-0.1677101701184421
62009242,37.32933833,-121.9361717,3717.271828262653,6,Y,0,gray,0,0.3221240640252333,1.0998010512273972,-0.7838879526530346,-0.1677101701184421
62039093,49.24504167,-122.840995,2016.193603515625,1.5,Y,0.058604917095483135,melanic,1,-0.09872193485596716,0.40646442776423,-0.5067865807214724,-0.1677101701184421
62066766,44.85483794,-123.2401798,856.8913443337552,2.25,Y,0,gray,0,-0.3855327999725208,0.5220205316747579,-0.7838879526530346,-0.1677101701184421
62072173,48.46344906,-123.3762504,4161.07080078125,2.75,Y,0.017820017820017818,gray,0,0.4319197331337569,0.5990579342817764,-0.6996296407143524,-0.1677101701184421
62073079,48.41312111,-123.3513295,4161.07080078125,3.5,Y,0.054916985951468704,gray,0,0.4319197331337569,0.7146140381923043,-0.5242242093411075,-0.1677101701184421
62073104,48.41308764,-123.3513146,4161.07080078125,3.5,Y,0.05612572161642078,gray,0,0.4319197331337569,0.7146140381923043,-0.5185089498089573,-0.1677101701184421
62073524,48.4860411,-123.3155837,2121.60400390625,3.5,Y,0.0391417802261525,gray,0,-0.07264344851742327,0.7146140381923043,-0.5988140452394448,-0.1677101701184421
62073530,37.23875317,-122.0697599,16.9918733159631,4.5,Y,0.9296740994854202,gray,0,-0.5933235568572255,0.8686888434063414,3.611886005988136,-0.1677101701184421
62091443,37.76777,-122.4713883,6888.4111328125,7.5,Y,0.13105662580268534,gray,0,1.1066625225156899,1.3309132590484531,-0.16421348486943524,-0.1677101701184421
62147166,48.40948667,-123.372605,4161.07080078125,3.5,Y,0.07122008172796263,melanic,1,0.4319197331337569,0.7146140381923043,-0.4471383532338849,-0.1677101701184421
62153117,44.85399167,-123.24028,858.4923095703125,2.25,Y,0,gray,0,-0.3851367218825475,0.5220205316747579,-0.7838879526530346,-0.1677101701184421
62159293,47.12268067,-122.2663514,1457.0128813933618,1.25,Y,0.07271171941830624,gray,0,-0.23706299767901945,0.36794572646072066,-0.4400854492984419,-0.1677101701184421
62177749,49.03822329,-122.7148039,136.2083546140448,1,Y,0.11349957007738608,melanic,1,-0.563829452221059,0.3294270251572114,-0.2472284342913888,-0.1677101701184421
62234507,37.24795176,-121.9364722,1092.140380859375,5.25,Y,0,gray,0,-0.32733229259891805,0.9842449473168694,-0.7838879526530346,-0.1677101701184421
62238849,37.28974372,-121.8691698,3558.44404296935,6,Y,0.00571428571428571,gray,0,0.2828301403364569,1.0998010512273972,-0.7568691206246972,-0.1677101701184421
62250746,37.774055,-122.4590833,6888.4111328125,7.5,Y,0.06824671616219304,gray,0,1.1066625225156899,1.3309132590484531,-0.4611973045704498,-0.1677101701184421
62254466,45.53488667,-122.7110883,2682.719640388744,2.25,Y,0.1955403087478559,gray,0,0.06617631126079233,0.5220205316747579,0.1406844297917873,-0.1677101701184421
62263463,37.405377,-121.953985,1505.315574081295,6.5,Y,0,gray,0,-0.22511293291587317,1.1768384538344159,-0.7838879526530346,-0.1677101701184421
62305948,51.01506667,-114.1083056,2982.5078090981124,-11.5,Y,0,melanic,1,0.14034377133278414,-1.5965080400182536,-0.7838879526530346,-0.1677101701184421
62323011,37.03707913,-122.0613936,295.5553152857264,5.25,Y,0.7336769759450172,gray,0,-0.5244070847737713,0.9842449473168694,2.6851536681674335,-0.1677101701184421
62347189,37.77024167,-122.4706033,6888.4111328125,7.5,Y,0.12947337794588304,gray,0,1.1066625225156899,1.3309132590484531,-0.1716995487523144,-0.1677101701184421
62351783,49.13848611,-122.6060778,296.053466796875,1,Y,0.11650485436893204,melanic,1,-0.5242838423106948,0.3294270251572114,-0.23301856178401956,-0.1677101701184421
62353985,49.06309206,-122.6693135,507.13394324494607,1,Y,0.3283496262219667,gray,0,-0.4720626259887243,0.3294270251572114,0.7686461419022358,-0.1677101701184421
62355775,37.7674412,-122.4714298,6888.411132812499,7.5,Y,0.12893815635939324,gray,0,1.1066625225156899,1.3309132590484531,-0.17423023462739334,-0.1677101701184421
62370517,49.21298667,-123.0576862,5064.900118578711,2,Y,0.04478054567022539,gray,0,0.6555267057779178,0.48350183037124855,-0.5721522953728401,-0.1677101701184421
62374430,49.23579764,-123.1248335,5228.99454565684,2.5,Y,0.05257142857142857,gray,0,0.6961235943100743,0.5605392329782671,-0.5353146979923304,-0.1677101701184421
62400323,37.561875,-122.3211133,1934.4061105141705,6.75,Y,0,gray,0,-0.11895612437614929,1.2153571551379252,-0.7838879526530346,-0.1677101701184421
62416558,44.85490969,-123.2386253,858.4923095703126,2.25,Y,0,gray,0,-0.3851367218825475,0.5220205316747579,-0.7838879526530346,-0.1677101701184421
62418251,47.554055,-122.1174145,1308.5581968780805,2.25,Y,0.15278969957081545,gray,0,-0.27379062083269196,0.5220205316747579,-0.061453087689334926,-0.1677101701184421
62426736,47.66093901,-122.3943904,3732.155472344819,3.75,Y,0.04408883082952319,gray,0,0.3258062709747009,0.7531327394958136,-0.5754229276140171,-0.1677101701184421
62429827,33.5309252,-101.9009194,1674.6098011934262,-1,Y,0,gray,0,-0.18322961615986627,0.02127741472913699,-0.7838879526530346,-0.1677101701184421
62435676,47.66496584,-122.2131602,1972.0805575694371,3.25,Y,0,gray,0,-0.10963548287206533,0.676095336888795,-0.7838879526530346,-0.1677101701184421
62450523,47.554055,-122.1174145,1308.5581968780805,2.25,Y,0.1522422165095687,gray,0,-0.27379062083269196,0.5220205316747579,-0.06404174944161743,-0.1677101701184421
62465336,49.14045467,-122.601703,296.053466796875,1,Y,0.1604797258709309,melanic,1,-0.5242838423106948,0.3294270251572114,-0.025092370132479582,-0.1677101701184421
62495216,49.0209416,-122.657087,225.62308540553124,1,Y,0.254851598173516,gray,0,-0.5417082874520298,0.3294270251572114,0.42112573890758975,-0.1677101701184421
62496072,49.0209416,-122.657087,225.62308540553124,1,Y,0.2535734705546026,melanic,1,-0.5417082874520298,0.3294270251572114,0.41508237370450485,-0.1677101701184421
62502654,49.2391959,-122.9682658,3675.2379333430745,2,Y,0.1220447284345048,melanic,1,0.31172489705163453,0.48350183037124855,-0.2068243995877453,-0.1677101701184421
62524863,45.4560756,-122.7942341,2799.825439453125,2.5,Y,0,gray,0,0.0951482340477997,0.5605392329782671,-0.7838879526530346,-0.1677101701184421
62526801,44.85171277,-123.2371195,858.4923095703125,2.25,Y,0,gray,0,-0.3851367218825475,0.5220205316747579,-0.7838879526530346,-0.1677101701184421
62528591,51.04755833,-114.0467889,1445.7036494036167,-11,Y,0.003001200480192068,gray,0,-0.23986089666100852,-1.519470637411235,-0.7696973896129414,-0.1677101701184421
62536474,47.66476621,-122.6548296,535.5942143609568,2.75,Y,0.24251069900142652,gray,0,-0.46502156752827134,0.5990579342817764,0.3627743195909564,-0.1677101701184421
62541173,49.11143095,-122.7349126,1350.948486328125,1,Y,0.00142734798743933,melanic,1,-0.2633032820102106,0.3294270251572114,-0.7771390294372781,-0.1677101701184421
62541367,47.62926675,-122.3599009,4712.54150390625,3.25,Y,0,gray,0,0.5683533406739819,0.676095336888795,-0.7838879526530346,-0.1677101701184421
62566214,49.07177085,-122.6212765,605.2528723940909,1,Y,0.1685201026518392,melanic,1,-0.44778804640372816,0.3294270251572114,0.012924908062903882,-0.1677101701184421
62573855,37.432321,-121.927407,419.61709256710384,7,Y,0,melanic,1,-0.49371425605878216,1.2538758564414345,-0.7838879526530346,-0.1677101701184421
62574822,37.76874849,-122.4702973,6888.4111328125,7.5,Y,0.128554846198491,gray,0,1.1066625225156899,1.3309132590484531,-0.17604263837652354,-0.1677101701184421
62576523,47.56057122,-122.2854364,2864.545648434712,3.25,Y,0.00686302545038604,gray,0,0.11115998506572042,0.676095336888795,-0.7514375395792522,-0.1677101701184421
62585762,45.55919221,-122.8425697,1616.1670137207968,2.25,Y,0.00285795941697627,gray,0,-0.19768833587863643,0.5220205316747579,-0.7703746757025943,-0.1677101701184421
62589108,44.9339855,-123.0374558,1317.072021484375,2.25,Y,0,gray,0,-0.2716843043984385,0.5220205316747579,-0.7838879526530346,-0.1677101701184421
62597442,45.64180833,-122.506675,2095.287834043699,2.25,Y,0,gray,0,-0.07915405727804012,0.5220205316747579,-0.7838879526530346,-0.1677101701184421
62601419,37.47342168,-122.2448997,539.549217078564,6.25,Y,0,melanic,1,-0.4640431016088003,1.1383197525309066,-0.7838879526530346,-0.1677101701184421
62647484,37.24133333,-122.0876167,15.772958647065751,4.75,Y,0.9860279441117765,gray,0,-0.5936251158060852,0.9072075447098508,3.8783436418574815,-0.1677101701184421
62666227,47.63110854,-122.1036069,1729.5918136788243,2.25,Y,0.06598114824335904,gray,0,-0.16962709063911482,0.5220205316747579,-0.4719095794038088,-0.1677101701184421
62672862,48.46091333,-123.2958617,2121.60400390625,3.5,Y,0.20427881297446515,gray,0,-0.07264344851742327,0.7146140381923043,0.1820026609203798,-0.1677101701184421
62673239,45.51408828,-122.6526731,3223.5191967727865,3,Y,0,gray,0,0.19996988182677755,0.6375766355852857,-0.7838879526530346,-0.1677101701184421
62673249,45.51417193,-122.652633,3227.31796684739,3,Y,0,gray,0,0.2009096958596121,0.6375766355852857,-0.7838879526530346,-0.1677101701184421
62674051,37.37904547,-122.0926486,2306.699126379233,6,Y,0,gray,0,-0.02685099725212955,1.0998010512273972,-0.7838879526530346,-0.1677101701184421
62677734,47.60926163,-122.1803946,2062.1184968638463,2.25,Y,0.1142204454597373,gray,0,-0.08736013659562025,0.5220205316747579,-0.24381992238929437,-0.1677101701184421
62709888,37.433444,-121.926794,346.4128755034845,7,Y,0,gray,0,-0.5118249469160686,1.2538758564414345,-0.7838879526530346,-0.1677101701184421
62719187,48.41408436,-123.363751,4161.07080078125,3.5,Y,0.04037558685446009,gray,0,0.4319197331337569,0.7146140381923043,-0.5929802427814487,-0.1677101701184421
62719199,48.41350392,-123.3630722,4161.07080078125,3.5,Y,0.04114832535885167,melanic,1,0.4319197331337569,0.7146140381923043,-0.5893265067073514,-0.1677101701184421
62719209,48.41306644,-123.364627,4161.07080078125,3.5,Y,0.04305740987983978,melanic,1,0.4319197331337569,0.7146140381923043,-0.580299790757268,-0.1677101701184421
62721071,47.63436309,-121.9585685,95.69962646758596,2.25,Y,0.5452552458502976,gray,0,-0.573851293610945,0.5220205316747579,1.7942400298817913,-0.1677101701184421
62721193,47.6343011,-121.9585138,95.57927732820788,2.25,Y,0.5454261629722136,gray,0,-0.5738810679346881,0.5220205316747579,1.7950481765581587,-0.1677101701184421
62730501,44.85077167,-123.2387917,858.4923095703125,2.25,Y,0,gray,0,-0.3851367218825475,0.5220205316747579,-0.7838879526530346,-0.1677101701184421
62746744,47.54503667,-122.16752,1457.2408597582094,2.25,Y,0.17665525114155253,gray,0,-0.23700659593259663,0.5220205316747579,0.05139029491250466,-0.1677101701184421
62748903,49.247075,-122.9259267,3146.6322804067627,2,Y,0.16515903122264372,gray,0,0.1809480927942558,0.48350183037124855,-0.0029672312037145134,-0.1677101701184421
62750936,49.24328667,-122.933245,3390.55707428509,2,Y,0.22977941176470584,melanic,1,0.2412949786918057,0.48350183037124855,0.3025770301040988,-0.1677101701184421
62753931,49.26455,-122.734075,1065.9207763671875,1,Y,0.02983777520278099,melanic,1,-0.33381901112970497,0.3294270251572114,-0.6428061312999692,-0.1677101701184421
62762859,45.500709,-122.990295,160.52157592773438,2.25,Y,5.738880918220947e-4,gray,0,-0.5578143720437196,0.5220205316747579,-0.7811744401107338,-0.1677101701184421
62764111,49.8416574,-119.4862109,1562.5074627900117,-3.75,Y,0.006965607313887674,gray,0,-0.2109636849968942,-0.4024282996094653,-0.7509525022049088,-0.1677101701184421
62800869,45.48626726,-122.8904918,2634.532157557707,2.25,Y,8.564087924636027e-4,gray,0,0.05425474936518082,0.5220205316747579,-0.7798385987235806,-0.1677101701184421
62800909,45.48639167,-122.8908617,2608.700030476104,2.25,Y,0.00171722953634802,gray,0,0.047863892574041826,0.5220205316747579,-0.7757683837836145,-0.1677101701184421
62823375,37.413156,-121.925064,1661.5947265624998,6.5,Y,0,gray,0,-0.18644953985525078,1.1768384538344159,-0.7838879526530346,-0.1677101701184421
62829485,37.23837833,-121.9724417,1096.8614501953125,5.25,Y,0.004516711833784998,gray,0,-0.32616430213759434,0.9842449473168694,-0.7625316039404825,-0.1677101701184421
62829793,37.406137,-121.922016,1661.5947265625,6.5,Y,0,melanic,1,-0.18644953985525073,1.1768384538344159,-0.7838879526530346,-0.1677101701184421
62838651,47.78626427,-122.2858061,1900.33897366661,3.25,Y,0.08918296892980439,gray,0,-0.1273843189336137,0.676095336888795,-0.3622045126250414,-0.1677101701184421
62841372,48.42204652,-123.3058955,4161.07080078125,3.75,Y,0.015234374999999994,gray,0,0.4319197331337569,0.7531327394958136,-0.7118553242962367,-0.1677101701184421
62843111,48.46055525,-123.3185506,2293.823353278301,3.5,Y,0.10469107551487414,gray,0,-0.030036457810732133,0.7146140381923043,-0.2888776004176197,-0.1677101701184421
62846400,37.400452,-121.915572,1662.520180197209,6.25,Y,0,melanic,1,-0.18622058303618663,1.1383197525309066,-0.7838879526530346,-0.1677101701184421
62850319,49.22562712,-122.8930738,3512.5448945326048,2,Y,0.00663297536323436,melanic,1,0.27147471135579904,0.48350183037124855,-0.7525252843952519,-0.1677101701184421
62862161,37.4317953,-122.0873857,2305.9991082363517,6,Y,0,melanic,1,-0.027024181430428937,1.0998010512273972,-0.7838879526530346,-0.1677101701184421
62920339,51.070286780000004,-114.1648278,2265.286247543268,-11.5,Y,0.012772585669781929,gray,0,-0.03709652512187793,-1.5965080400182536,-0.7234953919666418,-0.1677101701184421
62965758,44.94021781,-123.0674528,991.7498433455658,2.25,Y,0.02367601246105919,gray,0,-0.3521688670865508,0.5220205316747579,-0.6719407669904528,-0.1677101701184421
62971834,49.2501243,-123.0824216,5889.296011351441,2.5,Y,0,melanic,1,0.8594818842760105,0.5605392329782671,-0.7838879526530346,-0.1677101701184421
62971897,49.2501243,-123.0824216,5889.296011351441,2.5,Y,0,melanic,1,0.8594818842760105,0.5605392329782671,-0.7838879526530346,-0.1677101701184421
62971947,49.2501243,-123.0824216,5889.296011351441,2.5,Y,0,melanic,1,0.8594818842760105,0.5605392329782671,-0.7838879526530346,-0.1677101701184421
62971999,49.2501243,-123.0824216,5889.296011351441,2.5,Y,0,melanic,1,0.8594818842760105,0.5605392329782671,-0.7838879526530346,-0.1677101701184421
62972073,49.2501243,-123.0824216,5889.296011351441,2.5,Y,0,gray,0,0.8594818842760105,0.5605392329782671,-0.7838879526530346,-0.1677101701184421
62978718,47.55257263,-122.2501816,2566.0372210296828,3.25,Y,0.5514950166112957,gray,0,0.037309132425238235,0.676095336888795,1.8237435105469706,-0.1677101701184421
63021527,49.25495833,-123.1721674,4630.29345703125,2.5,Y,0,melanic,1,0.548005210329603,0.5605392329782671,-0.7838879526530346,-0.1677101701184421
63028647,49.02411908,-123.0655059,1509.1932373046875,2.5,Y,0.020740740740740733,melanic,1,-0.22415360075299381,0.5605392329782671,-0.6858195993649951,-0.1677101701184421
63033443,47.67038,-122.31525,3979.089656459604,3.25,Y,0.02432741843159702,gray,0,0.38689767868298275,0.676095336888795,-0.6688607270029147,-0.1677101701184421
63040000,44.8508,-123.2348467,858.4923095703125,2.25,Y,0,gray,0,-0.3851367218825475,0.5220205316747579,-0.7838879526530346,-0.1677101701184421
63044573,37.21057656,-121.8135557,985.3335344922674,5.25,Y,0.07265446224256293,gray,0,-0.3537562590531361,0.9842449473168694,-0.44035617815086137,-0.1677101701184421
63044672,37.21057656,-121.8135557,985.3335344922674,5.25,Y,0.0676949443016281,melanic,1,-0.3537562590531361,0.9842449473168694,-0.46380624503369905,-0.1677101701184421
63045539,47.65689167,-122.3081667,4166.9521484375,3.25,Y,0.0014867677668748077,gray,0,0.43337477593728835,0.676095336888795,-0.7768580751553256,-0.1677101701184421
63057371,48.75657698,-122.6583914,81.47834777832031,1.5,Y,0.6715145436308928,gray,0,-0.5773696316557706,0.40646442776423,2.391231312662995,-0.1677101701184421
63069847,36.97535333,-121.9073417,856.4132690429686,5.25,Y,0.0623571661769507,melanic,1,-0.3856510755875775,0.9842449473168694,-0.48904483788085773,-0.1677101701184421
63071367,37.32888889,-121.9521639,3724.8078613281255,6,Y,0,gray,0,0.32398847526564656,1.0998010512273972,-0.7838879526530346,-0.1677101701184421
63095808,45.48314626,-122.6487356,2410.055908203125,3.25,Y,0.007044508485430673,gray,0,-0.0012805752368275916,0.676095336888795,-0.750579434142276,-0.1677101701184421
63111940,47.5003227,-122.1168479,454.0000679757404,2.25,Y,0.3710045662100457,gray,0,-0.48520792318128775,0.5220205316747579,0.9703313071776616,-0.1677101701184421
63124313,36.99321108,-121.9554246,1392.234375,5.25,Y,0.0711835334476844,gray,0,-0.25308917145077575,0.9842449473168694,-0.4473111643068932,-0.1677101701184421
63127811,48.44316585,-123.5420545,477.5611640399257,1.5,Y,0.5302984624660838,gray,0,-0.47937891845733244,0.40646442776423,1.7235199367418887,-0.1677101701184421
63132562,47.554055,-122.1174145,1308.5581968780805,2.25,Y,0.15274599542334097,gray,0,-0.27379062083269196,0.5220205316747579,-0.06165973381775701,-0.1677101701184421
63137229,31.7709368,-106.5046405,3764.98174700107,1,Y,0,gray,0,0.3339274767759879,0.3294270251572114,-0.7838879526530346,-0.1677101701184421
63138046,47.67219429,-122.6696431,750.0845180164307,2.25,Y,0.20279920022850617,gray,0,-0.41195676146643145,0.5220205316747579,0.17500661447662058,-0.1677101701184421
63146590,49.15706968,-122.7542112,713.7393361356739,1,Y,0.02079772079772079,melanic,1,-0.4209485433554746,0.3294270251572114,-0.685550180812006,-0.1677101701184421
63196002,37.78740016,-122.4678893,6888.4111328125,7.5,Y,0.10169491525423727,gray,0,1.1066625225156899,1.3309132590484531,-0.30304433180974194,-0.1677101701184421
63199631,51.0603175,-114.0534556,1997.0732591373776,-11,Y,0,melanic,1,-0.10345229958097134,-1.519470637411235,-0.7838879526530346,-0.1677101701184421
63203292,48.46282985,-123.3156333,2121.60400390625,3.5,Y,0.113909559244419,gray,0,-0.07264344851742327,0.7146140381923043,-0.24528988431482618,-0.1677101701184421
63207796,45.70572342,-121.457987,49.481619287783566,0,Y,0.002941176470588223,gray,0,-0.5852856081033164,0.17535221994317418,-0.7699812008737433,-0.1677101701184421
63208491,37.43103737,-122.1332266,3063.304635713197,6,Y,0,melanic,1,0.16033287042804364,1.0998010512273972,-0.7838879526530346,-0.1677101701184421
63214166,48.46407148,-123.3474844,4161.07080078125,3.5,Y,0.07002000571591883,gray,0,0.4319197331337569,0.7146140381923043,-0.4528126673672483,-0.1677101701184421
63219135,37.72307097,-122.418346,4017.48068478391,7.25,Y,0.05894134477825465,gray,0,0.3963956020754368,1.2923945577449438,-0.5051958511876373,-0.1677101701184421
63225731,37.77009075,-122.4839661,6888.4111328125,7.5,Y,0.17981165391406712,gray,0,1.1066625225156899,1.3309132590484531,0.0663147002692659,-0.1677101701184421
63261358,45.39001465,-122.7152863,1354.701904296875,3,Y,0.18292682926829265,gray,0,-0.2623746880682641,0.6375766355852857,0.08104417020532724,-0.1677101701184421
63283838,45.43008552,-122.7314639,1815.7471923828125,2.5,Y,0.0705512710654099,gray,0,-0.1483122881319814,0.5605392329782671,-0.45030068775018267,-0.1677101701184421
63286567,47.733275,-121.9836117,319.87272776351364,2.25,Y,0.047953216374269,gray,0,-0.5183909677042917,0.5220205316747579,-0.5571509704269283,-0.1677101701184421
63288358,51.04433111,-114.0415169,915.9297810248596,-11.5,Y,0.005502904310608368,gray,0,-0.37092671690109286,-1.5965080400182536,-0.7578685943866748,-0.1677101701184421
63288359,51.04433417,-114.0384061,715.9519556064646,-11.5,Y,0.0055624227441285505,melanic,1,-0.42040114227903824,-1.5965080400182536,-0.7575871736390474,-0.1677101701184421
63288382,51.04339583,-114.0172506,519.1855854656234,-11.5,Y,0.00607611128877518,gray,0,-0.46908105504464026,-1.5965080400182536,-0.7551583023510768,-0.1677101701184421
63288425,37.23238889,-121.9560694,1095.218296149624,5.25,Y,0.014874141876430201,melanic,1,-0.3265708177202486,0.9842449473168694,-0.7135586129911723,-0.1677101701184421
63290654,49.191155,-123.1493695,2757.761962890625,2.5,Y,0,gray,0,0.08474174858885274,0.5605392329782671,-0.7838879526530346,-0.1677101701184421
63293880,45.3821915,-122.8322359,343.1821625658369,2.5,Y,0.013575967648757941,gray,0,-0.5126242238649843,0.5605392329782671,-0.7196967644863462,-0.1677101701184421
63311205,45.480125,-122.6526717,2365.374977660812,3.25,Y,0.008303249097472914,gray,0,-0.01233461765031956,0.676095336888795,-0.7446277364385733,-0.1677101701184421
63331065,48.453995,-123.3398667,4158.675258815331,3.5,Y,0.01886253215204344,gray,0,0.43132707711309753,0.7146140381923043,-0.6947003247801289,-0.1677101701184421
63332125,47.554055,-122.1174145,1308.5581968780805,2.25,Y,0.15208690680388792,gray,0,-0.27379062083269196,0.5220205316747579,-0.06477609964039537,-0.1677101701184421
63358169,44.85344752,-123.2209249,791.573557685752,2.25,Y,0,gray,0,-0.40169239144026536,0.5220205316747579,-0.7838879526530346,-0.1677101701184421
63366498,37.02358797,-122.0398993,313.9111132702272,5,Y,0.6858369098712447,gray,0,-0.5198658684877315,0.9457262460133601,2.4589516940098646,-0.1677101701184421
63416072,38.01465595,-121.3186436,3197.383385250395,5,Y,0,gray,0,0.19350389363958095,0.9457262460133601,-0.7838879526530346,-0.1677101701184421
63434921,50.90999898,-114.0589248,1592.1434326171875,-12.25,Y,0,melanic,1,-0.203631759196371,-1.7120641439287816,-0.7838879526530346,-0.1677101701184421
63436473,45.58621667,-122.7547617,1709.6563139954385,2.5,Y,0,gray,0,-0.1745591244253318,0.5605392329782671,-0.7838879526530346,-0.1677101701184421
63438299,47.69112962,-121.9166584,123.68216705322266,2.25,Y,0.3925399644760213,gray,0,-0.5669284254719754,0.5220205316747579,1.0721570361497168,-0.1677101701184421
63447096,37.277112,-121.877384,3338.4204106222887,6,Y,0,gray,0,0.2283963912087005,1.0998010512273972,-0.7838879526530346,-0.1677101701184421
63460160,48.47447186,-123.3343532,3032.8850935589267,3.5,Y,0.04030874785591766,gray,0,0.15280708918107805,0.7146140381923043,-0.5932962773244966,-0.1677101701184421
63486625,45.48002,-122.635025,2399.428325603942,3.25,Y,0.010321100917431185,gray,0,-0.003909834461699939,0.676095336888795,-0.7350867365468059,-0.1677101701184421
63492424,37.72059667,-122.4147333,2656.118648075616,7.25,Y,0.06105563480741798,gray,0,0.059595237552136505,1.2923945577449438,-0.49519886293513565,-0.1677101701184421
63503223,48.5724366,-123.4517571,307.8199317698941,2.5,Y,0.12315698178664353,gray,0,-0.5213728240912903,0.5605392329782671,-0.20156533695122678,-0.1677101701184421
63506005,45.58604667,-122.75137170000001,1729.563720703125,2.5,Y,0.0032051282051281955,gray,0,-0.16963404082885197,0.5605392329782671,-0.7687331590473967,-0.1677101701184421
63515253,48.774075,-122.4827717,1112.618851730771,1.5,Y,0.07040641099026904,melanic,1,-0.3222659279814333,0.40646442776423,-0.4509856290068053,-0.1677101701184421
63545702,49.258369,-122.857364,2067.2772899478314,2,Y,0.02801600914808462,melanic,1,-0.08608385347302958,0.48350183037124855,-0.6514199797296537,-0.1677101701184421
63546083,50.97636849,-114.0296732,2087.7658010107934,-11.5,Y,0.028668941979522182,melanic,1,-0.08101500491660116,-1.5965080400182536,-0.6483327202924339,-0.1677101701184421
63546093,50.97714778,-114.0326097,2164.4821849224086,-11.5,Y,0.028050016897600533,melanic,1,-0.06203540553771978,-1.5965080400182536,-0.651259181037083,-0.1677101701184421
63571315,37.57283316,-122.2973726,3209.865478515625,6.75,Y,0,gray,0,0.1965919579813106,1.2153571551379252,-0.7838879526530346,-0.1677101701184421
63586477,49.15912617,-123.9319633,1295.8905029296875,1.5,Y,0.0033407572383073424,melanic,1,-0.2769246027011775,0.40646442776423,-0.7680918648859109,-0.1677101701184421
63587617,47.62164433,-122.3328291,5570.163654856303,3.25,Y,0,gray,0,0.7805286807192012,0.676095336888795,-0.7838879526530346,-0.1677101701184421
63589683,49.014872,-122.4602677,52.87783484835475,1,Y,0.19988495829738281,melanic,1,-0.5844453858788404,0.3294270251572114,0.16122721716190266,-0.1677101701184421
63599331,37.76835333,-122.4590833,6888.4111328125,7.5,Y,0.11174621320377252,gray,0,1.1066625225156899,1.3309132590484531,-0.2555188238908205,-0.1677101701184421
63603728,36.62155653,-121.9280057,1066.3115234375,6.75,Y,0.03934987168520102,melanic,1,-0.33372234047768956,1.2153571551379252,-0.5978301273081962,-0.1677101701184421
63606834,45.49260139,-122.6693231,2023.615119636655,2.5,Y,0.013578624616732368,gray,0,-0.09688585505685489,0.5605392329782671,-0.7196842015563502,-0.1677101701184421
63613186,49.23267,-123.0170445,6309.951407972596,2,Y,0.17100371747211895,melanic,1,0.9635518429647852,0.48350183037124855,0.024668173102043802,-0.1677101701184421
63613209,49.229575,-123.0196388,6581.349547265404,2,Y,0.2020057306590258,melanic,1,1.030695622341637,0.48350183037124855,0.1712548557985778,-0.1677101701184421
63613217,49.22956333,-123.0196222,6580.634697002102,2,Y,0.20223752151462995,melanic,1,1.030518768703319,0.48350183037124855,0.17235083148240063,-0.1677101701184421
63613232,49.22955833,-123.0196222,6580.629174584038,2,Y,0.20160137260509003,melanic,1,1.0305174024595378,0.48350183037124855,0.16934293138932355,-0.1677101701184421
63613250,49.22826333,-123.0196083,6574.716549798452,2,Y,0.20229555236728838,melanic,1,1.0290546217080707,0.48350183037124855,0.1726252185079775,-0.1677101701184421
63613279,49.22593667,-123.0196695,6541.862419738666,2,Y,0.20252076768834143,gray,0,1.0209265244922947,0.48350183037124855,0.17369010312068206,-0.1677101701184421
63613336,49.224675,-123.0196445,6529.343710265703,2,Y,0.20464982778415616,gray,0,1.017829401317,0.48350183037124855,0.18375692861441656,-0.1677101701184421
63613353,49.22464667,-123.0196305,6529.145473245097,2,Y,0.20418098510882016,gray,0,1.017780357565961,0.48350183037124855,0.18154010185320807,-0.1677101701184421
63613396,49.22418833,-123.0199972,6527.485802089628,2,Y,0.20722269991401546,melanic,1,1.0173697556576677,0.48350183037124855,0.19592222859815187,-0.1677101701184421
63613416,49.22445333,-123.0199583,6528.401875179596,2,Y,0.20549513451631368,melanic,1,1.0175963917341202,0.48350183037124855,0.18775378872091925,-0.1677101701184421
63613425,49.22359667,-123.0202167,6527.4794921875,2,Y,0.20739043254081926,gray,0,1.0173681945906776,0.48350183037124855,0.19671531804027653,-0.1677101701184421
63613438,49.22403333,-123.0211195,6527.611396318999,2,Y,0.20733104238258876,melanic,1,1.0174008276143507,0.48350183037124855,0.19643450381613742,-0.1677101701184421
63647617,51.04315389,-114.0155894,503.3380340465907,-11.5,Y,0.004156010230179027,melanic,1,-0.473001732242043,-1.5965080400182536,-0.7642371077475142,-0.1677101701184421
63647619,51.04303722,-114.0207122,520.4641282420445,-11.5,Y,0.0061448900388098296,melanic,1,-0.46876474412840635,-1.5965080400182536,-0.7548330960895734,-0.1677101701184421
63654297,49.5142739,-123.3054159,0.9137855768203734,2,Y,0.8471160528144546,gray,0,-0.5973012686380492,0.48350183037124855,3.2215271567598056,-0.1677101701184421
63662455,48.43069922,-123.3934741,3393.407958984375,3,Y,0.011887608069164257,gray,0,0.24200028630289108,0.6375766355852857,-0.7276798276661296,-0.1677101701184421
63666685,48.47387502,-123.3702997,3302.887896265948,3.5,Y,0.06024096385542169,gray,0,0.21960566290502198,0.7146140381923043,-0.4990508680169475,-0.1677101701184421
63668095,47.02075614,-122.894377,1146.7623291015625,1.25,Y,0.13349014995589534,gray,0,-0.3138188468123557,0.36794572646072066,-0.15270706331125075,-0.1677101701184421
63673057,48.457027,-123.405928,3393.407958984375,3,Y,0.09070796460176991,gray,0,0.24200028630289108,0.6375766355852857,-0.3549938822917052,-0.1677101701184421
63678645,48.46486333,-123.3096467,2121.60400390625,3.5,Y,0.15274599542334097,gray,0,-0.07264344851742327,0.7146140381923043,-0.06165973381775701,-0.1677101701184421
63680360,51.46217953,-112.7107576,129.97071211398315,-15,Y,0,melanic,1,-0.5653726422110388,-2.1357698582673836,-0.7838879526530346,-0.1677101701184421
63715053,47.78480018,-122.0535095,316.06060791015625,2.25,Y,0.5056934306569343,gray,0,-0.5193340844664733,0.5220205316747579,1.6071800729788095,-0.1677101701184421
63721719,48.47854337,-123.5512395,86.83695983886719,1.5,Y,0.9074837949322334,gray,0,-0.5760439134069387,0.40646442776423,3.5069636864966003,-0.1677101701184421
63726156,48.46504197,-123.314915,2121.60400390625,3.5,Y,0.1116504854368932,gray,0,-0.07264344851742327,0.7146140381923043,-0.25597145307022856,-0.1677101701184421
63732830,51.04346111,-114.0356222,617.5004876527663,-11.5,Y,0.007142857142857141,melanic,1,-0.444757991816899,-1.5965080400182536,-0.7501144126176128,-0.1677101701184421
63751613,37.42217204,-122.0865239,3358.425048828125,6,Y,0,gray,0,0.2333455298347294,1.0998010512273972,-0.7838879526530346,-0.1677101701184421
63751695,37.43205471,-122.087307,2266.383052266749,6,Y,0,gray,0,-0.03682517611939474,1.0998010512273972,-0.7838879526530346,-0.1677101701184421
63770356,45.58678306,-122.6814747,965.7068895958988,3,Y,0,gray,0,-0.35861188230193014,0.6375766355852857,-0.7838879526530346,-0.1677101701184421
63777061,45.61698833,-122.6875833,663.0713135692081,3,Y,0,gray,0,-0.433483789682251,0.6375766355852857,-0.7838879526530346,-0.1677101701184421
63798742,51.11783519,-114.1922415,2287.6383579260446,-11.5,Y,0,melanic,1,-0.03156662291967828,-1.5965080400182536,-0.7838879526530346,-0.1677101701184421
63801345,48.44129191,-123.2976508,2121.60400390625,3.75,Y,0.05084745762711864,gray,0,-0.07264344851742327,0.7531327394958136,-0.5434661422313882,-0.1677101701184421
63801767,33.539963,-101.89526,1903.8929097447544,-1,Y,0,gray,0,-0.12650507672299224,0.02127741472913699,-0.7838879526530346,-0.1677101701184421
63804875,48.46208,-123.3306417,3234.783332479543,3.5,Y,0.030883614526737203,gray,0,0.202756624008342,0.7146140381923043,-0.6378610938210136,-0.1677101701184421
63804886,48.46200333,-123.330605,3234.759734796636,3.5,Y,0.03082191780821917,gray,0,0.20275078595204943,0.7146140381923043,-0.6381528141440229,-0.1677101701184421
63806390,45.65205705,-122.5868115,2263.867431640625,2.25,Y,5.725737188663041e-4,gray,0,-0.03744753954736981,0.5220205316747579,-0.781180654854604,-0.1677101701184421
63842872,51.1259094,-114.0964992,3161.3281021314097,-11.5,Y,0,melanic,1,0.18458383257571637,-1.5965080400182536,-0.7838879526530346,-0.1677101701184421
63857534,49.29562667,-123.14608,3084.063854088934,2.5,Y,0.47881355932203384,melanic,1,0.16546869185367458,0.5605392329782671,1.480084095484135,-0.1677101701184421
63857535,49.29861333,-123.137285,2627.6554695269465,2.5,Y,0.4967083607636604,gray,0,0.052553459794132375,0.5605392329782671,1.5646960064921929,-0.1677101701184421
63857592,45.65177205,-122.5870797,2263.867431640625,2.25,Y,0,gray,0,-0.03744753954736981,0.5220205316747579,-0.7838879526530346,-0.1677101701184421
63903366,37.78701167,-122.4568167,6888.4111328125,7.25,Y,0.08976916500427472,gray,0,1.1066625225156899,1.2923945577449438,-0.3594328043024791,-0.1677101701184421
63907533,47.67213508,-122.6697914,751.2706666399927,2.25,Y,0.20148613889682768,gray,0,-0.4116633088226656,0.5220205316747579,0.1687980723530035,-0.1677101701184421
63919724,38.5392791,-121.5040041,1753.481934992011,5.25,Y,0,gray,0,-0.16371668521438118,0.9842449473168694,-0.7838879526530346,-0.1677101701184421
63920162,45.51348939,-122.9286116,1900.8605957031248,2.25,Y,0.0223175965665236,gray,0,-0.12725526987296387,0.5220205316747579,-0.6783637588942919,-0.1677101701184421
63929774,45.49239741,-122.6695749,2012.428316485932,2.5,Y,0.014090708938793476,gray,0,-0.09965346519833057,0.5605392329782671,-0.7172629155069803,-0.1677101701184421
63929827,45.4772384,-122.6707324,1785.0022519642791,2.5,Y,0.03559322033898305,gray,0,-0.15591857276530852,0.5605392329782671,-0.6155926853578821,-0.1677101701184421
63929828,45.4772384,-122.6707324,1785.0022519642791,2.5,Y,0.03750526759376315,gray,0,-0.15591857276530852,0.5605392329782671,-0.6065519607266313,-0.1677101701184421
63933618,47.72898244,-122.2007902,1525.4633712348514,2.75,Y,0.08880639634494575,gray,0,-0.22012837682962663,0.5990579342817764,-0.3639850591229766,-0.1677101701184421
63943955,37.77400877,-122.4553485,6888.4111328125,7.25,Y,0.06316090311517576,gray,0,1.1066625225156899,1.2923945577449438,-0.4852445320483049,-0.1677101701184421
63974545,49.25837561,-122.8570681,2065.90386849606,2,Y,0.027228432215534535,melanic,1,-0.0864236373314947,0.48350183037124855,-0.6551438762783973,-0.1677101701184421
63977364,37.78670833,-122.463395,6888.4111328125,7.5,Y,0.09942693409742119,gray,0,1.1066625225156899,1.3309132590484531,-0.3137680171456453,-0.1677101701184421
63986862,47.768463,-122.30384,2023.2685546875,3.25,Y,0.04957264957264957,gray,0,-0.09697159507167756,0.676095336888795,-0.5494938115525008,-0.1677101701184421
63990832,37.31417488,-122.0337478,1950.96985289211,6,Y,0,gray,0,-0.11485826185293022,1.0998010512273972,-0.7838879526530346,-0.1677101701184421
64062648,37.34667101,-121.8175876,3776.163330078125,5.5,Y,0,gray,0,0.3366937954735517,1.0227636486203786,-0.7838879526530346,-0.1677101701184421
64071104,49.26750946,-123.1326294,9235.7529296875,2.5,Y,0.0065638332786347175,gray,0,1.6873938427160646,0.5605392329782671,-0.7528522086099821,-0.1677101701184421
64085163,49.24275333,-122.9353317,3404.348351845679,2,Y,0.21068890948409022,gray,0,0.2447069346479741,0.48350183037124855,0.21231149207420336,-0.1677101701184421
64089265,48.45616667,-123.349145,4161.07080078125,3.5,Y,0.05422374429223744,gray,0,0.4319197331337569,0.7146140381923043,-0.5275020608316251,-0.1677101701184421
64089429,45.65154707,-122.5869295,2262.9121422207263,2.25,Y,2.862049227246709e-4,gray,0,-0.0376838777264666,0.5220205316747579,-0.7825346911747979,-0.1677101701184421
64090141,47.65685278,-122.3081278,4166.9521484375,3.25,Y,0.0014836795252225474,gray,0,0.43337477593728835,0.676095336888795,-0.7768726772747571,-0.1677101701184421
64091483,37.33115,-121.9342583,3714.149158775016,6,Y,0,gray,0,0.3213515169779652,1.0998010512273972,-0.7838879526530346,-0.1677101701184421
64191578,51.04769167,-114.0356889,861.9547034926733,-11.5,Y,0.007138423339540651,gray,0,-0.38428012716069526,-1.5965080400182536,-0.7501353769503475,-0.1677101701184421
64191610,51.04508667,-114.040375,860.272799270316,-11.5,Y,0.005521472392638028,melanic,1,-0.38469622951988314,-1.5965080400182536,-0.7577807990060215,-0.1677101701184421
64207085,37.73288667,-122.4484867,7742.720214843749,7.25,Y,0.0296718972895863,gray,0,1.3180182107787561,1.2923945577449438,-0.6435904511078875,-0.1677101701184421
64264180,51.03611892,-114.0723746,2879.5945001995533,-11.25,Y,0.003432494279176193,melanic,1,0.11488306432266149,-1.5579893387147443,-0.7676581050387588,-0.1677101701184421
64264840,49.19783795,-123.0979996,2355.827392578125,2.5,Y,0,gray,0,-0.014696685968267831,0.5605392329782671,-0.7838879526530346,-0.1677101701184421
64265251,51.03567374,-114.0655488,2873.74853515625,-11.25,Y,0.0022824536376604802,melanic,1,0.11343677516189146,-1.5579893387147443,-0.7730958371495618,-0.1677101701184421
64265270,51.03546167,-114.0650783,2873.74853515625,-11.25,Y,0.00171330668189605,melanic,1,0.11343677516189146,-1.5579893387147443,-0.7757869321990786,-0.1677101701184421
64270973,51.04079444,-114.0145778,464.8547973632813,-11.5,Y,0.0035691109669045997,melanic,1,-0.48252246794164755,-1.5965080400182536,-0.7670121409546085,-0.1677101701184421
64270975,51.04234722,-114.0152917,477.9262704848154,-11.5,Y,0.0035301668806161732,melanic,1,-0.4792885912846826,-1.5965080400182536,-0.7671962801066452,-0.1677101701184421
64270987,51.04196,-114.0234136,493.03993585279824,-11.5,Y,0.0064808813998703824,melanic,1,-0.4755494771710499,-1.5965080400182536,-0.7532444296137666,-0.1677101701184421
64312501,45.51918833,-122.773545,1234.257676047294,2.25,Y,0.1795603768198687,gray,0,-0.2921725367560916,0.5220205316747579,0.06512658788914062,-0.1677101701184421
64312554,48.46439519,-123.3147349,2121.60400390625,3.5,Y,0.1157473563875393,gray,0,-0.07264344851742327,0.7146140381923043,-0.2366002361602042,-0.1677101701184421
64313172,45.51901667,-122.773475,1246.8093431742614,2.25,Y,0.178,gray,0,-0.28906725987180343,0.5220205316747579,0.05774866502967547,-0.1677101701184421
64315289,51.04730167,-114.0432646,1144.8431425015972,-11,Y,0.0048543689320388345,gray,0,-0.31429365272659987,-1.519470637411235,-0.7609350613668256,-0.1677101701184421
64332571,51.03577778,-114.0453389,1269.7184098731282,-11.25,Y,0,gray,0,-0.28339956692384716,-1.5579893387147443,-0.7838879526530346,-0.1677101701184421
64334708,45.5517816,-122.6306757,2770.9341019116937,3,Y,0.00657706605661996,gray,0,0.08800052994474722,0.6375766355852857,-0.7527896401239932,-0.1677101701184421
64336722,37.73931333,-122.440955,7742.72021484375,7.25,Y,0.017113519680547633,gray,0,1.3180182107787561,1.2923945577449438,-0.702970172762121,-0.1677101701184421
64368255,48.73026667,-122.4861194,2256.623046875,1.5,Y,0.20063055316709658,melanic,1,-0.03923979712765986,0.40646442776423,0.16475261010745026,-0.1677101701184421
64371842,45.55923507,-122.8425659,1615.8998698709752,2.25,Y,0.00285959393766085,gray,0,-0.19775442714868363,0.5220205316747579,-0.7703669472056252,-0.1677101701184421
64379164,47.554055,-122.1174145,1308.5581968780805,2.25,Y,0.15164520743919885,gray,0,-0.27379062083269196,0.5220205316747579,-0.06686458480516792,-0.1677101701184421
64388453,47.554055,-122.1174145,1308.5581968780805,2.25,Y,0.15323041738136078,gray,0,-0.27379062083269196,0.5220205316747579,-0.05936924360270626,-0.1677101701184421
64395768,45.65112707,-122.586672,2255.67937482478,2.25,Y,8.573878250928837e-4,gray,0,-0.03947326117464696,0.5220205316747579,-0.7798339695679025,-0.1677101701184421
64396428,37.46712076,-122.1584697,2118.804931640625,6,Y,0,melanic,1,-0.07333593775538456,1.0998010512273972,-0.7838879526530346,-0.1677101701184421
64396850,37.32125324,-122.1886892,9.677902961143385,4.75,Y,0.6547072330654421,gray,0,-0.5951330298814418,0.9072075447098508,2.3117613799851924,-0.1677101701184421
64399126,47.67515589,-122.6699202,737.4146992513774,2.25,Y,0.23004969307220113,gray,0,-0.41509126901361704,0.5220205316747579,0.3038550000224314,-0.1677101701184421
64403329,48.41222231,-123.3627779,4161.07080078125,3.5,Y,0.04448275862068965,gray,0,0.4319197331337569,0.7146140381923043,-0.5735603205703736,-0.1677101701184421
64403650,37.76710833,-122.4415583,7119.269188329484,7.25,Y,0.03433476394849784,gray,0,1.1637767031338477,1.2923945577449438,-0.6215430391780459,-0.1677101701184421
64417758,49.30511063,-123.0014065,1431.4222412109375,2,Y,0.2113821138211382,melanic,1,-0.24339411071832917,0.48350183037124855,0.21558916709440584,-0.1677101701184421
64450729,49.22860263,-122.6178104,1256.342536019905,1,Y,0.01397205588822355,gray,0,-0.286708752186921,0.3294270251572114,-0.717823942204505,-0.1677101701184421
64453712,48.50315104,-123.3882004,1876.5025634765625,2.75,Y,0.30261226885823306,gray,0,-0.1332814362502876,0.5990579342817764,0.6469523081960338,-0.1677101701184421
64460747,51.08508283,-114.0762144,1816.0007729318493,-11.5,Y,0,melanic,1,-0.1482495524165371,-1.5965080400182536,-0.7838879526530346,-0.1677101701184421
64460755,51.08621279,-114.0754991,1637.2425889600008,-11.5,Y,0,melanic,1,-0.19247424790519377,-1.5965080400182536,-0.7838879526530346,-0.1677101701184421
64483656,45.5,-122.99,160.52157592773438,2.25,Y,8.598452278589855e-4,gray,0,-0.5578143720437196,0.5220205316747579,-0.7798223502412039,-0.1677101701184421
64532233,49.20324263,-123.9790713,1294.2517352264565,1.5,Y,0.029295086969789438,gray,0,-0.27733003310465176,0.40646442776423,-0.6453721216868862,-0.1677101701184421
64554732,48.46690672,-123.3707256,4138.739635709744,3.5,Y,0.04505038529934796,gray,0,0.42639501279228265,0.7146140381923043,-0.570876413840416,-0.1677101701184421
64555148,49.23147,-123.0184333,6482.206514867227,2,Y,0.19048983099398453,gray,0,1.006167680066715,0.48350183037124855,0.11680427802521384,-0.1677101701184421
64576591,48.90227707,-122.7633661,82.95216369628906,2,Y,0.3871566443949517,melanic,1,-0.5770050102508633,0.48350183037124855,1.0467031074703075,-0.1677101701184421
64594227,45.65112707,-122.586672,2255.67937482478,2.25,Y,8.573878250928837e-4,gray,0,-0.03947326117464696,0.5220205316747579,-0.7798339695679025,-0.1677101701184421
64609798,37.76719373,-122.4745337,6888.4111328125,7.5,Y,0.13631056625802682,gray,0,1.1066625225156899,1.3309132590484531,-0.1393713013057276,-0.1677101701184421
64630759,37.32953214,-121.9362646,3717.3102776121873,6,Y,0,gray,0,0.3221335763772673,1.0998010512273972,-0.7838879526530346,-0.1677101701184421
64636207,45.6511328,-122.586672,2255.792339821506,2.25,Y,0.00143020594965675,gray,0,-0.03944531368452324,0.5220205316747579,-0.7771255161470862,-0.1677101701184421
64655860,37.3031655,-121.9471667,3241.043288010026,6,Y,0,gray,0,0.20430533423215896,1.0998010512273972,-0.7838879526530346,-0.1677101701184421
64681558,48.48853667,-123.3373633,2056.820053917189,3.5,Y,0.3530600461893764,gray,0,-0.08867096903234295,0.7146140381923043,0.8854843120308316,-0.1677101701184421
64690667,37.285,-121.9633333,2587.8655042617625,6,Y,0,gray,0,0.0427094400225167,1.0998010512273972,-0.7838879526530346,-0.1677101701184421
64691585,49.20431876,-122.6897818,339.4539299841919,1,Y,0.02309562398703403,melanic,1,-0.5135465869533233,0.3294270251572114,-0.6746850152613549,-0.1677101701184421
64695072,48.4501494,-123.334137,3980.1748952917214,3.5,Y,0.01084474885844748,gray,0,0.3871661662890686,0.7146140381923043,-0.7326107742887528,-0.1677101701184421
64695182,49.23023139,-123.0144929,6148.098802815535,2,Y,0.20165903890160183,gray,0,0.9235095801823213,0.48350183037124855,0.16961559468567453,-0.1677101701184421
64695239,49.22999671,-123.0126228,5953.065934431447,2,Y,0.19891086271137862,gray,0,0.8752585349830487,0.48350183037124855,0.156621405283789,-0.1677101701184421
64695337,49.23028905,-123.012273,5896.383940447408,2,Y,0.19501718213058417,gray,0,0.8612354347929687,0.48350183037124855,0.13821093250650424,-0.1677101701184421
64695510,49.22985089,-123.0126628,5965.4360213363625,2,Y,0.20011451474377323,melanic,1,0.878318889000878,0.48350183037124855,0.1623126278984605,-0.1677101701184421
64695897,47.74816196,-122.3053729,1594.1877823486643,3.25,Y,0.1331809088310946,gray,0,-0.20312598797886347,0.676095336888795,-0.15416924676251867,-0.1677101701184421
64698825,37.78704479,-122.469229,6888.4111328125,7.5,Y,0.09187482055699109,gray,0,1.1066625225156899,1.3309132590484531,-0.34947664240701265,-0.1677101701184421
64703735,37.52987828,-122.2500363,2352.2392578125,6.25,Y,0,gray,0,-0.015584388919015072,1.1383197525309066,-0.7838879526530346,-0.1677101701184421
64705174,33.56874775,-101.8942552,1907.105734708905,-0.75,Y,0,gray,0,-0.12571022525079173,0.05979611603264629,-0.7838879526530346,-0.1677101701184421
64708773,45.47627465,-122.6549147,2260.2508136821048,3.25,Y,0.015722120658135285,gray,0,-0.038342289227415526,0.676095336888795,-0.7095491186445377,-0.1677101701184421
64710746,37.56004338,-122.2882879,3209.8654785156255,6.75,Y,0,gray,0,0.1965919579813107,1.2153571551379252,-0.7838879526530346,-0.1677101701184421
64740342,49.26040544,-123.1744013,4630.29345703125,2.5,Y,0,melanic,1,0.548005210329603,0.5605392329782671,-0.7838879526530346,-0.1677101701184421
64740353,49.25909169,-123.1761498,4630.29345703125,2.5,Y,0,melanic,1,0.548005210329603,0.5605392329782671,-0.7838879526530346,-0.1677101701184421
64740361,49.2593884,-123.1771972,4630.29345703125,2.5,Y,0,melanic,1,0.548005210329603,0.5605392329782671,-0.7838879526530346,-0.1677101701184421
64746062,49.29553333,-123.1470945,3043.6447022028974,2.5,Y,0.48220711715313874,melanic,1,0.1554690115909167,0.5605392329782671,1.496129840062123,-0.1677101701184421
64758184,37.52274607,-122.1143204,0,6.25,Y,0,gray,0,-0.597527338784763,1.1383197525309066,-0.7838879526530346,-0.1677101701184421
64773906,45.51987833,-122.7057633,3838.3930664062495,2.25,Y,0.2492877492877493,gray,0,0.3520894046607882,0.5220205316747579,0.39481821667436284,-0.1677101701184421
64800774,48.41877833,-123.37407,4161.07080078125,3.5,Y,0.030250945342041934,melanic,1,0.4319197331337569,0.7146140381923043,-0.6408525407464014,-0.1677101701184421
64807235,37.53780966,-122.2449753,2352.2392578125,6.25,Y,0,melanic,1,-0.015584388919015072,1.1383197525309066,-0.7838879526530346,-0.1677101701184421
64814582,37.5577971,-122.2759975,3082.710858196628,6.75,Y,0,gray,0,0.16513396126956853,1.2153571551379252,-0.7838879526530346,-0.1677101701184421
64814738,37.5577971,-122.2759975,3082.710858196628,6.75,Y,0,gray,0,0.16513396126956853,1.2153571551379252,-0.7838879526530346,-0.1677101701184421
64814967,49.09946784,-122.9569205,28.838891750863336,2,Y,0.07045065601825443,melanic,1,-0.590392609747053,0.48350183037124855,-0.45077642543544066,-0.1677101701184421
64816758,49.21353058,-122.9604428,3881.613514939254,2,Y,0.09745641611889112,gray,0,0.3627821244724657,0.48350183037124855,-0.3230852086430218,-0.1677101701184421
64817437,49.26696333,-123.1271362,9235.7529296875,2.5,Y,0.008311170212765957,melanic,1,1.6873938427160646,0.5605392329782671,-0.7445902830639468,-0.1677101701184421
64820254,49.2760904,-123.0577531,6161.1484375,2.5,Y,0,melanic,1,0.9267380540196342,0.5605392329782671,-0.7838879526530346,-0.1677101701184421
64828198,51.117584,-114.2214552,1891.2775878906248,-12,Y,0,gray,0,-0.12962610175856845,-1.6735454426252723,-0.7838879526530346,-0.1677101701184421
64828201,51.117584,-114.2214552,1891.2775878906248,-12,Y,0,gray,0,-0.12962610175856845,-1.6735454426252723,-0.7838879526530346,-0.1677101701184421
64828376,45.4772384,-122.6707324,1785.0022519642791,2.5,Y,0.039396479463537304,gray,0,-0.15591857276530852,0.5605392329782671,-0.5976097519547319,-0.1677101701184421
64828392,45.4772384,-122.6707324,1785.0022519642791,2.5,Y,0.03670886075949367,gray,0,-0.15591857276530852,0.5605392329782671,-0.6103176076608671,-0.1677101701184421
64828399,45.4772384,-122.6707324,1785.0022519642791,2.5,Y,0.0347457627118644,gray,0,-0.15591857276530852,0.5605392329782671,-0.6195997155315763,-0.1677101701184421
64829449,50.67528892,-114.2873013,150.88796997070312,-13,Y,2.8563267637817766e-4,gray,0,-0.5601977218878561,-1.8276202478393093,-0.7825373969246829,-0.1677101701184421
64863242,37.76765822,-122.4714279,6888.4111328125,7.5,Y,0.1310183834257368,gray,0,1.1066625225156899,1.3309132590484531,-0.16439430613228426,-0.1677101701184421
64867856,37.44679637,-121.8511294,166.48332713329356,5.25,Y,0.16003460207612455,gray,0,-0.5563394374377242,0.9842449473168694,-0.027197047015125146,-0.1677101701184421
64873346,51.06391936,-114.1561156,2170.526123046875,-11.5,Y,0.0452725592854943,melanic,1,-0.06054013792441205,-1.5965080400182536,-0.569825909558184,-0.1677101701184421
64873348,51.06387007,-114.1560646,2170.526123046875,-11.5,Y,0.045103490886623424,melanic,1,-0.06054013792441205,-1.5965080400182536,-0.5706253149255027,-0.1677101701184421
64874672,37.52763532,-122.2460303,2299.90929217843,6.25,Y,0,gray,0,-0.02853079922414033,1.1383197525309066,-0.7838879526530346,-0.1677101701184421
64878557,49.15891226,-122.8387322,4000.940243476401,1.5,Y,0.06267806267806268,gray,0,0.39230350422671517,0.40646442776423,-0.48752754436500323,-0.1677101701184421
64895499,51.04791667,-114.0409028,1005.588820923692,-11.5,Y,0.005472788081483725,melanic,1,-0.3487451101671845,-1.5965080400182536,-0.7580109928204829,-0.1677101701184421
64911520,50.93427753,-114.0985922,2719.1259765625,-12,Y,0.11988472622478387,melanic,1,0.07518322269481972,-1.6735454426252723,-0.21703752854267058,-0.1677101701184421
64911595,49.23420403,-122.9651836,3886.5751953125,2,Y,0.11458665815512288,gray,0,0.3640096419977803,0.48350183037124855,-0.2420883605112225,-0.1677101701184421
64943274,37.1086695,-121.644425,850.6928710937499,4.5,Y,0.00314915545376467,melanic,1,-0.3870662995049226,0.8686888434063414,-0.7689978147616662,-0.1677101701184421
64961712,47.69038304,-122.318853,3712.3449707031255,3.25,Y,0,gray,0,0.32090516164859917,0.676095336888795,-0.7838879526530346,-0.1677101701184421
64961935,49.30392,-123.154175,2089.77685546875,2.5,Y,0.8445012787723786,melanic,1,-0.080517470935006,0.5605392329782671,3.2091637321486965,-0.1677101701184421
64978732,45.500709,-122.990295,160.52157592773438,2.25,Y,2.8628685943315205e-4,gray,0,-0.5578143720437196,0.5220205316747579,-0.7825343037538193,-0.1677101701184421
65022233,37.33037167,-121.9337083,3713.762233360325,6,Y,0,gray,0,0.32125579180185676,1.0998010512273972,-0.7838879526530346,-0.1677101701184421
65038664,50.90901154,-114.0831926,2822.7792023849374,-12.25,Y,0,melanic,1,0.10082698482397724,-1.7120641439287816,-0.7838879526530346,-0.1677101701184421
65042993,51.08682231,-114.075219,1544.1118280791447,-11.5,Y,0,gray,0,-0.2155147568713812,-1.5965080400182536,-0.7838879526530346,-0.1677101701184421
65043615,51.128225,-114.252984,1891.277587890625,-13,Y,0.00143102461362335,gray,0,-0.1296261017585684,-1.8276202478393093,-0.7771216452618511,-0.1677101701184421
65049208,48.97259237,-123.9111744,0.08694775750781085,0,Y,0.6214979988564894,gray,0,-0.597505827948091,0.17535221994317418,2.1547383038309458,-0.1677101701184421
65052694,37.53186566,-122.2484545,2352.2392578125,6.25,Y,0,gray,0,-0.015584388919015072,1.1383197525309066,-0.7838879526530346,-0.1677101701184421
65082649,51.0616455,-114.0735715,3138.0588378906255,-11,Y,0.008028545941123994,melanic,1,0.17882702691553004,-1.519470637411235,-0.7459266141654063,-0.1677101701184421
65083193,51.04640556,-114.0391306,844.1162031381837,-11.5,Y,0.005526558182376414,melanic,1,-0.3886933642423375,-1.5965080400182536,-0.7577567518887538,-0.1677101701184421
65095610,37.54985833,-122.335005,1585.1062011718748,6.5,Y,0.09158557527189468,gray,0,-0.20537276713702657,1.1768384538344159,-0.35084427961728915,-0.1677101701184421
65111561,49.12166763,-123.16938210000001,4514.5361328125,2.5,Y,0.028658271819366043,melanic,1,0.519366899621758,0.5605392329782671,-0.6483831719638045,-0.1677101701184421
65137805,37.7698704,-122.4710776,6888.4111328125,7.5,Y,0.13333333333333336,gray,0,1.1066625225156899,1.3309132590484531,-0.15344853865849506,-0.1677101701184421
65161689,51.04722056,-114.0332475,816.452728624991,-11.5,Y,0.007185254607935016,gray,0,-0.3955372955763951,-1.5965080400182536,-0.7499139448698238,-0.1677101701184421
65161693,51.05614889,-114.0417542,1352.352606359742,-11,Y,0,melanic,1,-0.2629559033366973,-1.519470637411235,-0.7838879526530346,-0.1677101701184421
65165170,51.14861111,-114.1511111,2415.996361735095,-12,Y,0.0037313432835820825,melanic,1,1.8909033416109446e-4,-1.6735454426252723,-0.76624505860468,-0.1677101701184421
65178623,49.25970333,-122.9072767,2010.9155977492428,2,Y,0.14049114791547687,melanic,1,-0.10002771114334758,0.48350183037124855,-0.11960427542863412,-0.1677101701184421
65224735,49.37484541,-122.8225217,0.16203386170055228,-0.75,Y,0.945853519521231,melanic,1,-0.5974872516791921,0.05979611603264629,3.6883870866342465,-0.1677101701184421
65238172,49.1412131,-122.5990789,293.5006916159539,1,Y,0.17419908466819223,gray,0,-0.5249153977590597,0.3294270251572114,0.03977681377146737,-0.1677101701184421
65240626,46.72510937,-117.0099777,942.0464458373992,-2.25,Y,0.00684540787221905,gray,0,-0.36446546560142773,-0.1713160917884095,-0.7515208406966692,-0.1677101701184421
65241223,37.53163843,-122.2484508,2352.2392578125,6.25,Y,0,gray,0,-0.015584388919015072,1.1383197525309066,-0.7838879526530346,-0.1677101701184421
65245794,37.32642365,-122.0478516,2236.325767257332,5.5,Y,0,gray,0,-0.04426133510927674,1.0227636486203786,-0.7838879526530346,-0.1677101701184421
65262614,49.1041779,-122.6603519,1728.343745148892,1,Y,0.00571428571428571,melanic,1,-0.16993586224027368,0.3294270251572114,-0.7568691206246972,-0.1677101701184421
65291931,48.4293512,-123.3939456,3393.407958984375,3,Y,0.005311077389984824,gray,0,0.24200028630289108,0.6375766355852857,-0.758775608772372,-0.1677101701184421
65300468,47.61473323,-122.2893371,5929.86572265625,3.25,Y,0.009963467286615735,gray,0,0.8695188128722444,0.676095336888795,-0.7367777340715762,-0.1677101701184421
65300713,47.69874843,-122.3709067,3433.541220122057,3.25,Y,0.0194508009153318,gray,0,0.25192923732121336,0.676095336888795,-0.6919188161721378,-0.1677101701184421
65302738,37.45467291,-122.1822418,1749.4594840468665,6,Y,0,gray,0,-0.16471183779545176,1.0998010512273972,-0.7838879526530346,-0.1677101701184421
65307456,49.8422738,-119.4867363,1555.028197302447,-3.75,Y,0.007174887892376679,melanic,1,-0.2128140519636925,-0.4024282996094653,-0.749962961765436,-0.1677101701184421
65310404,37.36550289,-121.9920849,3607.150915953718,6.25,Y,0,gray,0,0.29488019912580776,1.1383197525309066,-0.7838879526530346,-0.1677101701184421
65319416,48.47236373,-123.3041699,2121.60400390625,3.5,Y,0.14154160982264666,gray,0,-0.07264344851742327,0.7146140381923043,-0.11463738100978633,-0.1677101701184421
65320126,37.43404446,-122.2318578,734.264351638367,6,Y,0.11804138735062664,gray,0,-0.4158706636168356,1.0998010512273972,-0.22575337963979838,-0.1677101701184421
65340392,45.55907368,-122.8425943,1616.926146226069,2.25,Y,0.00285959393766085,gray,0,-0.19750052683328112,0.5220205316747579,-0.7703669472056252,-0.1677101701184421
65346682,45.562395,-122.8315583,1613.0933837890625,2.25,Y,0.00943665999428081,gray,0,-0.19844875056150868,0.5220205316747579,-0.7392686346765838,-0.1677101701184421
65351757,47.30681322,-122.3097899,1151.8873636956548,1.75,Y,0.08843732112192329,gray,0,-0.3125509155252027,0.4449831290677393,-0.3657301558778929,-0.1677101701184421
65360290,38.57481221,-121.4694105,3115.225830078125,6,Y,0,gray,0,0.1731781509023514,1.0998010512273972,-0.7838879526530346,-0.1677101701184421
65367630,49.889696,-119.428078,1054.489990234375,-4.75,Y,0.00485575549842902,melanic,1,-0.3366469825528159,-0.5565031048235025,-0.7609285052710569,-0.1677101701184421
65369321,37.34785523,-121.9908391,3852.504431933252,6.25,Y,0,gray,0,0.35558055023798363,1.1383197525309066,-0.7838879526530346,-0.1677101701184421
65374003,50.93480278,-114.1022444,2719.1259765625,-12,Y,0.11824226655102633,melanic,1,0.07518322269481972,-1.6735454426252723,-0.2248035633994208,-0.1677101701184421
65374796,49.139673,-122.606098,296.053466796875,1,Y,0.1258221332570775,melanic,1,-0.5242838423106948,0.3294270251572114,-0.1889637129670237,-0.1677101701184421
65423368,51.117584,-114.2214552,1891.2775878906248,-12,Y,0,melanic,1,-0.12962610175856845,-1.6735454426252723,-0.7838879526530346,-0.1677101701184421
65423711,48.46763,-123.3726298,4056.6474869348567,3.5,Y,0.06055209260908282,melanic,1,0.4060854515687773,0.7146140381923043,-0.49757975929843523,-0.1677101701184421
65426982,51.117584,-114.2214552,1891.2775878906248,-12,Y,0,melanic,1,-0.12962610175856845,-1.6735454426252723,-0.7838879526530346,-0.1677101701184421
65433945,48.41459167,-123.3650583,4161.07080078125,3.5,Y,0.03979025293028994,gray,0,0.4319197331337569,0.7146140381923043,-0.5957478746025358,-0.1677101701184421
65460914,38.03117333,-121.2480267,2487.280029296875,4.75,Y,0,gray,0,0.017824638095883836,0.9072075447098508,-0.7838879526530346,-0.1677101701184421
65489350,49.2133017,-122.9576433,3856.8861086009424,2,Y,0.08359486447931527,melanic,1,0.35666457510360255,0.48350183037124855,-0.38862672233834117,-0.1677101701184421
65497638,37.21517697,-121.85139,2034.7412593425336,5.5,Y,0.0022883295194508,gray,0,-0.09413325302474751,1.0227636486203786,-0.7730680542435173,-0.1677101701184421
65498794,37.77145833,-122.4650717,6888.4111328125,7.5,Y,0.12117714945181765,gray,0,1.1066625225156899,1.3309132590484531,-0.21092656947853977,-0.1677101701184421
65503653,51.04629167,-114.0399639,882.7520172866099,-11.5,Y,0.005521472392638035,melanic,1,-0.3791348809454857,-1.5965080400182536,-0.7577807990060215,-0.1677101701184421
65508833,48.46702,-123.3842,3803.137317299733,2.75,Y,0.0375807398708162,gray,0,0.3433671479572533,0.5990579342817764,-0.6061951054907452,-0.1677101701184421
65537509,33.56874775,-101.8942552,1907.105734708905,-0.75,Y,0,gray,0,-0.12571022525079173,0.05979611603264629,-0.7838879526530346,-0.1677101701184421
65539840,49.14031667,-122.6030972,296.053466796875,1,Y,0.14922813036020582,melanic,1,-0.5242838423106948,0.3294270251572114,-0.07829323973461788,-0.1677101701184421
65540573,45.52010282,-122.7037931,3838.39306640625,2.25,Y,0.19879862700228831,gray,0,0.3520894046607883,0.5220205316747579,0.15609072167377785,-0.1677101701184421
65541326,48.45,-123.3091667,2121.60400390625,3.75,Y,0.06623681125439625,gray,0,-0.07264344851742327,0.7531327394958136,-0.470700729112371,-0.1677101701184421
65543170,48.41280615,-123.3637649,4161.07080078125,3.5,Y,0.04365482233502537,melanic,1,0.4319197331337569,0.7146140381923043,-0.5774750480710661,-0.1677101701184421
65554655,51.04273611,-114.03205,562.2966775073791,-11.5,Y,0.005616224648985951,melanic,1,-0.45841538998043063,-1.5965080400182536,-0.7573327823287717,-0.1677101701184421
65559974,37.32891993,-121.9523467,3724.807861328125,6,Y,0,gray,0,0.32398847526564645,1.0998010512273972,-0.7838879526530346,-0.1677101701184421
65578651,47.67015364,-122.3021865,4048.2476511106993,3.25,Y,0.025457665903890165,gray,0,0.40400733590870447,0.676095336888795,-0.6635165828471549,-0.1677101701184421
65587395,49.30399713,-123.1418867,2089.77685546875,2.5,Y,0.7571936631102489,gray,0,-0.080517470935006,0.5605392329782671,2.7963475167339955,-0.1677101701184421
65588040,47.71462395,-122.1803404,761.6048971327743,2.75,Y,0.022355975924333617,gray,0,-0.4091066247789027,0.5990579342817764,-0.6781822899454377,-0.1677101701184421
65593519,51.03993889,-114.0125861,464.8547973632813,-11.5,Y,0.0035783994795055276,melanic,1,-0.48252246794164755,-1.5965080400182536,-0.7669682221213009,-0.1677101701184421
65593529,51.03793611,-114.0145583,464.8547973632813,-11.5,Y,0.0029498525073746226,melanic,1,-0.48252246794164755,-1.5965080400182536,-0.7699401780071378,-0.1677101701184421
65593534,51.0435525,-114.0201833,539.0330237758673,-11.5,Y,0.00611916264090177,gray,0,-0.46417080760310964,-1.5965080400182536,-0.7549547428320292,-0.1677101701184421
65597247,49.23062579,-123.0158794,6274.679735392363,2,Y,0.20131541321132398,gray,0,0.9548256468009103,0.48350183037124855,0.16799083084458277,-0.1677101701184421
65597294,49.22608388,-123.0141906,6263.926172033666,2,Y,0.20183223590037216,melanic,1,0.9521652199919691,0.48350183037124855,0.1704345212937524,-0.1677101701184421
65598407,47.63158333,-122.3135617,5053.250936515305,3.25,Y,0.06432246998284735,gray,0,0.6526447032983715,0.676095336888795,-0.4797523005330273,-0.1677101701184421
65602236,48.46154263,-123.3236657,2639.616087093092,3.5,Y,0.06373249499857102,gray,0,0.05551251127902758,0.7146140381923043,-0.4825418766582169,-0.1677101701184421
65603424,47.1609063,-122.2830405,1185.5150728200224,1.25,Y,0.12204951065054692,gray,0,-0.304231435191701,0.36794572646072066,-0.20680178785665135,-0.1677101701184421
65605431,37.25116389,-121.8506917,3203.632929944272,6,Y,0,gray,0,0.1950500282270356,1.0998010512273972,-0.7838879526530346,-0.1677101701184421
65606423,47.67131025,-122.3019791,3995.827993068969,3.25,Y,0.02546494992846924,gray,0,0.39103873574167597,0.676095336888795,-0.6634821418257514,-0.1677101701184421
65614205,51.02108333,-113.9962083,502.72331155806927,-11.5,Y,0.008328375966686495,melanic,1,-0.4731538143132569,-1.5965080400182536,-0.7445089291733042,-0.1677101701184421
65655258,48.454855,-123.3431033,4161.07080078125,3.5,Y,0.02257142857142857,gray,0,0.4319197331337569,0.7146140381923043,-0.6771635661411018,-0.1677101701184421
65668094,38.03122667,-121.248115,2487.280029296875,4.75,Y,0,gray,0,0.017824638095883836,0.9072075447098508,-0.7838879526530346,-0.1677101701184421
65672476,48.43173667,-123.361725,4161.07080078125,3.5,Y,0,gray,0,0.4319197331337569,0.7146140381923043,-0.7838879526530346,-0.1677101701184421
65699487,49.20305604,-123.9786438,1301.976921480213,1.5,Y,0.02730899048787971,melanic,1,-0.2754188254492902,0.40646442776423,-0.6547629729533245,-0.1677101701184421
65702150,48.53487,-123.3800667,513.41839599609375,2.75,Y,0.26217457886676876,gray,0,-0.4705078551633722,0.5990579342817764,0.45575095633469676,-0.1677101701184421
65713460,37.43202667,-122.08728,2271.911296144579,6,Y,0,melanic,1,-0.03545749103414817,1.0998010512273972,-0.7838879526530346,-0.1677101701184421
65721923,45.52266843,-123.1015439,1164.671916119243,2.25,Y,0,gray,0,-0.3093880229217458,0.5220205316747579,-0.7838879526530346,-0.1677101701184421
65723950,45.51266252,-123.0388087,591.0129360176187,2.25,Y,0,gray,0,-0.4513110003520996,0.5220205316747579,-0.7838879526530346,-0.1677101701184421
65724438,45.45618096,-122.7921312,2799.825439453125,2.5,Y,0,gray,0,0.0951482340477997,0.5605392329782671,-0.7838879526530346,-0.1677101701184421
65729961,49.241984,-122.955236,3540.463782825014,2,Y,0.056111616621170764,gray,0,0.2783818319456348,0.48350183037124855,-0.518575642396006,-0.1677101701184421
65730232,49.24526506,-122.9587497,3276.2649741003756,2,Y,0.03549060542797495,melanic,1,0.21301916376059088,0.48350183037124855,-0.6160778789906051,-0.1677101701184421
65734092,44.59076911,-123.2676363,735.3558701748639,2.5,Y,0.04908675799086758,gray,0,-0.4156006224146694,0.5605392329782671,-0.5517912505831271,-0.1677101701184421
65755741,51.044195,-114.038895,735.6296497899282,-11.5,Y,0.005550416281221085,melanic,1,-0.41553288945924216,-1.5965080400182536,-0.7576439437448438,-0.1677101701184421
65763963,48.41385333,-123.3631217,4161.07080078125,3.5,Y,0.0403125,melanic,1,0.4319197331337569,0.7146140381923043,-0.5932785360781231,-0.1677101701184421
65775000,45.58211699,-122.7759331,1068.5566763602085,2.25,Y,0.7604586303067865,gray,0,-0.33316689063966765,0.5220205316747579,2.8117852467797193,-0.1677101701184421
65780364,49.20852365,-123.972157,1182.3286516182684,1.5,Y,0.1725327812284334,gray,0,-0.3050197543847868,0.40646442776423,0.0318980385407276,-0.1677101701184421
65781332,49.22503834,-123.0141435,6296.986125928263,2,Y,0.20194786594099112,melanic,1,0.9603442379332559,0.48350183037124855,0.17098125430661223,-0.1677101701184421
65781681,45.4987302,-122.487204,1902.985542646367,3.25,Y,0.00200228832951945,gray,0,-0.12672955894098636,0.676095336888795,-0.774420541544707,-0.1677101701184421
65782160,37.41933617,-122.1124225,2381.7822255655324,6,Y,0,gray,0,-0.008275471790416265,1.0998010512273972,-0.7838879526530346,-0.1677101701184421
65782163,37.41933969,-122.1124235,2381.6508733922788,6,Y,0,melanic,1,-0.00830796825986367,1.0998010512273972,-0.7838879526530346,-0.1677101701184421
65785509,49.224525,-123.0150833,6386.725601882594,2,Y,0.202411714039621,gray,0,0.982545744511645,0.48350183037124855,0.17317446523273247,-0.1677101701184421
65786405,49.2501243,-123.0824216,5889.296011351441,2.5,Y,0,melanic,1,0.8594818842760105,0.5605392329782671,-0.7838879526530346,-0.1677101701184421
65787284,50.97833056,-114.0307111,2101.620697992661,-11.5,Y,0.02835921674544227,melanic,1,-0.0775873095438047,-1.5965080400182536,-0.649797192755479,-0.1677101701184421
65787399,49.2501243,-123.0824216,5889.296011351441,2.5,Y,0,melanic,1,0.8594818842760105,0.5605392329782671,-0.7838879526530346,-0.1677101701184421
65787548,38.02837667,-121.242605,2487.280029296875,4.75,Y,0,melanic,1,0.017824638095883836,0.9072075447098508,-0.7838879526530346,-0.1677101701184421
65787560,38.028345,-121.242665,2487.280029296875,4.75,Y,0,melanic,1,0.017824638095883836,0.9072075447098508,-0.7838879526530346,-0.1677101701184421
65792329,49.26246111,-123.1693806,4630.29345703125,2.5,Y,0,gray,0,0.548005210329603,0.5605392329782671,-0.7838879526530346,-0.1677101701184421
65794516,49.30266644,-123.0056061,1431.4222412109375,2,Y,0.1251840942562592,melanic,1,-0.24339411071832917,0.48350183037124855,-0.1919805499703853,-0.1677101701184421
65794951,48.46370255,-123.3099583,2121.60400390625,3.5,Y,0.15628571428571428,gray,0,-0.07264344851742327,0.7146140381923043,-0.044922896678006655,-0.1677101701184421
65795212,37.3289,-121.9523611,3724.8078613281255,6,Y,0,gray,0,0.32398847526564656,1.0998010512273972,-0.7838879526530346,-0.1677101701184421
65800511,37.32929667,-121.93612,3717.224683236852,6,Y,0,melanic,1,0.32211240036674493,1.0998010512273972,-0.7838879526530346,-0.1677101701184421
65828288,49.12862783,-123.16075,4517.695700280458,2,Y,0.04658473849671334,melanic,1,0.5201485752130044,0.48350183037124855,-0.5636215383608585,-0.1677101701184421
65840576,49.24017715,-122.9238739,3527.224853515625,2,Y,0.4125626658802713,melanic,1,0.2751065267020115,0.48350183037124855,1.1668302871988394,-0.1677101701184421
65863046,51.07906258,-114.0588572,1830.7111916261167,-11,Y,0.0014334862385321063,melanic,1,-0.14461020135126182,-1.519470637411235,-0.777110005971614,-0.1677101701184421
65866028,48.367029960000004,-120.1431139,34.46475379996899,-8,Y,0.26333808844507844,gray,0,-0.5890007739694973,-1.0572462217691234,0.4612523735601462,-0.1677101701184421
65870583,37.42201944,-122.0841444,3358.425048828125,6,Y,0,melanic,1,0.2333455298347294,1.0998010512273972,-0.7838879526530346,-0.1677101701184421
65873485,38.0756041,-122.5489263,631.80609130859375,5.5,Y,0.07328943601488691,gray,0,-0.441218791812719,1.0227636486203786,-0.4373538344539176,-0.1677101701184421
65896286,45.48647167,-122.8914717,2559.538837872622,2.25,Y,0.00285714285714285,gray,0,0.035701435312277596,0.5220205316747579,-0.7703785366388658,-0.1677101701184421
65900694,45.31385,-122.7968217,746.8122186474266,2.25,Y,0.0680972818311874,gray,0,-0.41276632688003356,0.5220205316747579,-0.4619038742609737,-0.1677101701184421
65903744,49.2031506,-123.9794063,1294.933440482987,1.5,Y,0.028511404561824733,melanic,1,-0.27716137952631925,0.40646442776423,-0.6490776037721494,-0.1677101701184421
65912415,51.04475833,-114.0480389,1505.1556872196495,-11,Y,0.002995805871779502,melanic,1,-0.22515248885458208,-1.519470637411235,-0.7697228969161891,-0.1677101701184421
65947419,48.65862076,-123.6621771,182.32385319409448,0.75,Y,0.6548463356973996,gray,0,-0.5524204983108343,0.2909083238537021,2.3124190983485153,-0.1677101701184421
65953534,49.26465342,-122.9482666,1661.6040720092165,2,Y,0.03985091743119266,melanic,1,-0.186447227795875,0.48350183037124855,-0.5954610349095405,-0.1677101701184421
65954316,51.15567795,-114.0193207,1316.4740655997086,-11.5,Y,0.0019988577955454,gray,0,-0.2718322384192897,-1.5965080400182536,-0.7744367621234192,-0.1677101701184421
65956890,48.49308809,-123.3739668,1876.5025634765625,3.5,Y,0.1209954233409611,gray,0,-0.1332814362502876,0.7146140381923043,-0.21178582424980913,-0.1677101701184421
65973568,51.09171862,-114.1370581,2230.4875350893208,-11.5,Y,0.0017147756501857605,melanic,1,-0.045705711160126686,-1.5965080400182536,-0.7757799864827705,-0.1677101701184421
65974944,49.21734876,-122.9574535,3886.5751953125,2,Y,0.04166666666666666,gray,0,0.3640096419977803,0.48350183037124855,-0.5868756357797411,-0.1677101701184421
65978292,49.33511734,-123.0422745,950.7778843546432,0.5,Y,0.1352587932513583,melanic,1,-0.36230531158205226,0.25238962255019276,-0.1443443949905729,-0.1677101701184421
65978449,49.30443087,-123.0032499,1431.4222412109375,2,Y,0.18526989935956087,gray,0,-0.24339411071832917,0.48350183037124855,0.09212289821998175,-0.1677101701184421
65992242,48.43069176,-123.4056003,3393.4079589843755,3,Y,0.021308079313406333,gray,0,0.2420002863028912,0.6375766355852857,-0.6831370548853366,-0.1677101701184421
66002289,45.51993056,-122.7061222,3838.39306640625,2.25,Y,0.2551487414187643,gray,0,0.3520894046607883,0.5220205316747579,0.4225307200081407,-0.1677101701184421
66021363,45.48617167,-122.890245,2650.8328863403444,2.25,Y,8.564087924636027e-4,gray,0,0.05828754244149032,0.5220205316747579,-0.7798385987235806,-0.1677101701184421
66028388,51.04763306,-114.0407097,982.4100289316158,-11.5,Y,0.005491153142159849,melanic,1,-0.35447953303313795,-1.5965080400182536,-0.7579241573848031,-0.1677101701184421
66034827,49.26583167,-122.73402,1065.9207763671875,1,Y,0.027377521613832858,melanic,1,-0.33381901112970497,0.3294270251572114,-0.6544389375316774,-0.1677101701184421
66035612,45.48702,-122.89055,2655.0857715270904,2.25,Y,5.722460658082976e-4,gray,0,0.0593397043518042,0.5220205316747579,-0.7811822040951181,-0.1677101701184421
66047222,51.09125621,-114.1055655,1061.28955078125,-11.5,Y,0,gray,0,-0.33496477428709764,-1.5965080400182536,-0.7838879526530346,-0.1677101701184421
66065789,37.3896745,-122.0800161,2568.2125676799187,6.25,Y,0,gray,0,0.03784731222238869,1.1383197525309066,-0.7838879526530346,-0.1677101701184421
66065869,37.3901481,-122.0764652,2551.158737887834,6.25,Y,0,gray,0,0.033628202290117815,1.1383197525309066,-0.7838879526530346,-0.1677101701184421
66067962,33.56874775,-101.8942552,1907.105734708905,-0.75,Y,0,gray,0,-0.12571022525079173,0.05979611603264629,-0.7838879526530346,-0.1677101701184421
66070782,45.4772384,-122.6707324,1785.0022519642791,2.5,Y,0.03942953020134228,gray,0,-0.15591857276530852,0.5605392329782671,-0.5974534782964278,-0.1677101701184421
66077530,45.37407771,-122.7380025,1323.8156720054385,2.5,Y,0.1804919908466819,gray,0,-0.27001592824832654,0.5605392329782671,0.06953153439763976,-0.1677101701184421
66104856,37.77394556,-122.459171,6888.411132812501,7.5,Y,0.07093821510297482,gray,0,1.1066625225156903,1.3309132590484531,-0.44847110195799933,-0.1677101701184421
66111622,45.4931,-122.649545,2410.055908203125,3.25,Y,0,gray,0,-0.0012805752368275916,0.676095336888795,-0.7838879526530346,-0.1677101701184421
66119425,37.53151594,-122.2477996,2352.2392578125,6.25,Y,0,gray,0,-0.015584388919015072,1.1383197525309066,-0.7838879526530346,-0.1677101701184421
66119455,37.35318394,-121.9460574,3210.1756373825865,6.25,Y,0,gray,0,0.19666869114753385,1.1383197525309066,-0.7838879526530346,-0.1677101701184421
66157671,48.46329019,-123.3740668,4161.07080078125,3.5,Y,0.022835112692763938,gray,0,0.4319197331337569,0.7146140381923043,-0.6759167896690943,-0.1677101701184421
66164090,49.0949297,-123.0875456,97.98311614990234,2,Y,0.22739834188709043,melanic,1,-0.573286359275587,0.48350183037124855,0.2913186278666695,-0.1677101701184421
66166743,47.07874167,-122.71257,535.97637939453125,2.25,Y,0.016686531585220495,gray,0,-0.4649270200683413,0.5220205316747579,-0.7049890986966263,-0.1677101701184421
66168775,37.32939625,-121.9362002,3717.2842243010055,6,Y,0,gray,0,0.3221271307996278,1.0998010512273972,-0.7838879526530346,-0.1677101701184421
66170247,47.83939544,-122.1829335,1214.8004217967834,2.25,Y,0.06565800742220954,gray,0,-0.29698625283417457,0.5220205316747579,-0.4734374847282328,-0.1677101701184421
66171359,47.83624597,-122.1870176,1278.9086591278192,2.25,Y,0.019994287346472434,gray,0,-0.28112590333137316,0.5220205316747579,-0.6893490516684208,-0.1677101701184421
66176902,48.20289542,-122.1290577,98.6718292236328,1.75,Y,0.042040185471406484,gray,0,-0.5731159719663851,0.4449831290677393,-0.5851095284569202,-0.1677101701184421
66177775,47.96639708,-122.217404,829.8651346710326,2.25,Y,0.23890002864508736,melanic,1,-0.39221907226500913,0.5220205316747579,0.34570200281412206,-0.1677101701184421
66177782,47.96997629,-122.2152257,1023.8868356413911,2.25,Y,0.1305094447624499,gray,0,-0.34421818943574184,0.5220205316747579,-0.16680071857709736,-0.1677101701184421
66177811,47.96834085,-122.2183017,954.3926959765876,2.25,Y,0.22770289647261258,gray,0,-0.36141100878887483,0.5220205316747579,0.292758651974864,-0.1677101701184421
66193389,33.5399652,-101.8952096,1904.7979150650615,-1,Y,0,gray,0,-0.1262811788078484,0.02127741472913699,-0.7838879526530346,-0.1677101701184421
66193423,50.91288333,-114.1035917,3012.329173762412,-12.5,Y,0,melanic,1,0.14772156373384446,-1.750582845232291,-0.7838879526530346,-0.1677101701184421
66195927,49.20325118,-123.9792065,1293.2304994864232,1.5,Y,0.02851076736427054,melanic,1,-0.2775826863741223,0.40646442776423,-0.6490806166305444,-0.1677101701184421
66210170,49.25059167,-123.1000362,5514.175202734451,3,Y,0,melanic,1,0.7666771624784472,0.6375766355852857,-0.7838879526530346,-0.1677101701184421
66213607,47.83617905,-122.1864445,1273.1454148537275,2.25,Y,0.0228375677990294,gray,0,-0.2825517274105023,0.5220205316747579,-0.6759051812009297,-0.1677101701184421
66214621,49.28815025,-122.8125019,1549.1314697265625,1.5,Y,0.07859388396684767,gray,0,-0.2142728997525251,0.40646442776423,-0.41227283651592755,-0.1677101701184421
66215046,49.09329016,-123.0896789,97.98311614990234,2,Y,0.18189233278955955,melanic,1,-0.573286359275587,0.48350183037124855,0.0761527650515879,-0.1677101701184421
66215100,48.53492,-123.3801417,513.41839599609375,2.75,Y,0.2685784767190873,gray,0,-0.4705078551633722,0.5990579342817764,0.4860304784044212,-0.1677101701184421
66218845,48.40845705,-123.3577432,4161.07080078125,3.5,Y,0.057051574623459604,melanic,1,0.4319197331337569,0.7146140381923043,-0.5141312431049375,-0.1677101701184421
66223053,49.29561766,-123.1469736,3020.410705988657,2.5,Y,0.49057344854673995,melanic,1,0.1497209312248664,0.5605392329782671,1.5356883280201186,-0.1677101701184421
66223309,49.18327833,-122.9394917,2651.11279296875,2,Y,0.008896210873146619,melanic,1,0.05835679121730269,0.48350183037124855,-0.7418240378807465,-0.1677101701184421
66226811,47.83616285,-122.1865169,1274.00026650349,2.25,Y,0.02318259874069834,gray,0,-0.28234023749122295,0.5220205316747579,-0.6742737729158615,-0.1677101701184421
66228814,47.83619885,-122.1866,1274.7196622987883,2.25,Y,0.02196861626248216,gray,0,-0.28216225929030375,0.5220205316747579,-0.6800138409321083,-0.1677101701184421
66228853,49.09396035,-123.0889675,97.98311614990234,2,Y,0.20495129870129872,melanic,1,-0.573286359275587,0.48350183037124855,0.18518237222696465,-0.1677101701184421
66229973,45.5279361,-122.9363567,1423.2263084596457,2.25,Y,0.00257363454389476,gray,0,-0.24542178084854527,0.5220205316747579,-0.7717190477503663,-0.1677101701184421
66230554,47.63874448,-122.359555,4712.54150390625,3.25,Y,0.0068649885583524,gray,0,0.5683533406739819,0.676095336888795,-0.7514282574244827,-0.1677101701184421
66241025,47.6062095,-122.3320708,5929.86572265625,3.25,Y,0,gray,0,0.8695188128722444,0.676095336888795,-0.7838879526530346,-0.1677101701184421
66262900,49.09462303,-123.0898567,97.98311614990234,2,Y,0.22442813983599483,melanic,1,-0.573286359275587,0.48350183037124855,0.27727463456263385,-0.1677101701184421
66262996,49.09618046,-123.0897179,97.98311614990236,2,Y,0.2768287341217696,melanic,1,-0.573286359275587,0.48350183037124855,0.5250401342213048,-0.1677101701184421
66264158,48.46424167,-123.31122,2121.60400390625,3.5,Y,0.14652956298200517,gray,0,-0.07264344851742327,0.7146140381923043,-0.09105286400864987,-0.1677101701184421
66266228,47.66918833,-122.3021083,4082.279701589514,3.25,Y,0.02542857142857143,gray,0,0.4124268501140915,0.676095336888795,-0.6636541501269331,-0.1677101701184421
66267476,47.7755,-122.281525,1911.470984845316,3.25,Y,0.13344837503595053,gray,0,-0.12463026430173108,0.676095336888795,-0.1529045874816233,-0.1677101701184421
66278587,49.26545228,-121.9449835,9.759820445408458,1,Y,0.5541076487252125,gray,0,-0.5951127635321406,0.3294270251572114,1.836096807488578,-0.1677101701184421
66290248,37.482668,-122.4479965,26.276140787462943,6.75,Y,0.02741269245212167,gray,0,-0.591026633199582,1.2153571551379252,-0.6542726394115738,-0.1677101701184421
66301234,45.51655333,-122.593675,2818.2899597805185,2.25,Y,0.09122603137710635,gray,0,0.09971634819328515,0.5220205316747579,-0.3525443094348067,-0.1677101701184421
66303163,37.76879018,-122.4750587,6888.4111328125,7.5,Y,0.14448336252189142,gray,0,1.1066625225156899,1.3309132590484531,-0.1007279046510709,-0.1677101701184421
66308713,51.04773611,-114.0435472,1180.5238000134138,-11,Y,0.004531722054380655,melanic,1,-0.305466273871914,-1.519470637411235,-0.7624606311804105,-0.1677101701184421
66315236,45.486845,-122.890655,2641.0431316364884,2.25,Y,5.715918833952558e-4,gray,0,0.055865561466594875,0.5220205316747579,-0.7811852972629465,-0.1677101701184421
66315244,45.48769667,-122.8898167,2728.4507815873894,2.25,Y,0,gray,0,0.07749017532520545,0.5220205316747579,-0.7838879526530346,-0.1677101701184421
66323052,48.41303667,-123.3656,4161.07080078125,3.5,Y,0.04339051463168516,melanic,1,0.4319197331337569,0.7146140381923043,-0.5787247730231264,-0.1677101701184421
66324106,48.40836333,-123.3584583,4161.07080078125,3.5,Y,0.05831037649219468,gray,0,0.4319197331337569,0.7146140381923043,-0.5081792557614833,-0.1677101701184421
66337384,37.9746458,-122.5616448,659.6922672175377,6.25,Y,0.020034344590726963,melanic,1,-0.43431976425205426,1.1383197525309066,-0.6891596491764652,-0.1677101701184421
66338558,45.5631302,-122.6865258,2226.5510199971645,2.25,Y,0,gray,0,-0.046679603249254915,0.5220205316747579,-0.7838879526530346,-0.1677101701184421
66343245,47.55001303,-122.2567121,2580.28271484375,3.25,Y,0.24412206103051526,gray,0,0.04083346128120759,0.676095336888795,0.37039331559109456,-0.1677101701184421
66345676,48.46488889,-123.3100583,2121.60400390625,3.5,Y,0.15090025721634753,gray,0,-0.07264344851742327,0.7146140381923043,-0.07038692966978906,-0.1677101701184421
66355982,49.21701106,-122.9585177,3886.575195312501,2,Y,0.05519016299685445,gray,0,0.3640096419977805,0.48350183037124855,-0.5229325475180343,-0.1677101701184421
66356244,45.4124584,-122.7240587,1557.3545626580835,3,Y,0.09275694245634125,gray,0,-0.21223851020575776,0.6375766355852857,-0.34530570930727716,-0.1677101701184421
66356283,47.96085,-122.2422028,644.7596243641449,2.25,Y,0.2479446127217655,gray,0,-0.438014093475807,0.5220205316747579,0.3884674699525618,-0.1677101701184421
66361891,37.41252507,-122.3637122,11.987759429675984,6,Y,0.9305515861674765,gray,0,-0.5945615724148599,1.0998010512273972,3.616035022410313,-0.1677101701184421
66387888,47.65846389,-122.305375,4166.9521484375,3.25,Y,0.0014388489208633033,gray,0,0.43337477593728835,0.676095336888795,-0.7770846496243166,-0.1677101701184421
66389103,49.26852723,-122.7616836,1252.7960382875497,1.25,Y,0.00571265352756355,melanic,1,-0.28758615415409094,0.36794572646072066,-0.756876838086002,-0.1677101701184421
66389529,47.64215,-117.423645,1616.8089599609375,-2,Y,0.012282205084261637,gray,0,-0.19752951866333748,-0.13279739048490022,-0.7258140563339146,-0.1677101701184421
66389623,48.47463425,-123.3701186,3191.4714363624785,3.5,Y,0.05973135181480423,gray,0,0.1920412801048978,0.7146140381923043,-0.5014604643888332,-0.1677101701184421
66390011,49.26975278,-122.7619389,1232.477152565892,1.25,Y,0.017142857142857144,melanic,1,-0.29261303747625894,0.36794572646072066,-0.7028314565680223,-0.1677101701184421
66390625,49.26353411,-123.2486815,1884.2208251953125,2.5,Y,0.08096343586767268,melanic,1,-0.1313719417218176,0.5605392329782671,-0.40106889467753426,-0.1677101701184421
66396045,49.2361273,-122.9713764,3807.2538454864734,2,Y,0.14618576444302586,melanic,1,0.34438557520619956,0.48350183037124855,-0.09267844512949709,-0.1677101701184421
66396666,48.51039531,-123.3976386,1229.492474324156,2.75,Y,0.6770557029177718,gray,0,-0.2933514455504491,0.5990579342817764,2.417431551765523,-0.1677101701184421
66405048,48.45938,-123.36457,4161.07080078125,3.5,Y,0.042950236966824644,gray,0,0.4319197331337569,0.7146140381923043,-0.5808065359708481,-0.1677101701184421
66405054,48.45937167,-123.3645633,4161.07080078125,3.5,Y,0.0427426536064114,gray,0,0.4319197331337569,0.7146140381923043,-0.5817880514615527,-0.1677101701184421
66405187,48.45938,-123.36457,4161.07080078125,3.5,Y,0.04288671990535345,gray,0,0.4319197331337569,0.7146140381923043,-0.5811068634134422,-0.1677101701184421
66424241,49.20565071,-122.6945529,275.3773498535156,1,Y,0.02263540824575586,melanic,1,-0.5293991044787862,0.3294270251572114,-0.6768610513281734,-0.1677101701184421
66424253,49.20450087,-122.6917869,291.3742343085132,1,Y,0.022448979591836726,gray,0,-0.5254414823544705,0.3294270251572114,-0.6777425411131377,-0.1677101701184421
66427051,49.31626513,-123.1007894,4974.476245905099,2.5,Y,0.0011111111111111113,melanic,1,0.6331558797545044,0.5605392329782671,-0.7786342908697467,-0.1677101701184421
66428678,48.46153833,-123.3193367,2314.185010100775,3.5,Y,0.09467963386727687,gray,0,-0.02499899293717845,0.7146140381923043,-0.33621465595925776,-0.1677101701184421
66434400,48.47249,-123.373924,3403.3068012304366,3.5,Y,0.05565217391304348,gray,0,0.24444925548738036,0.7146140381923043,-0.5207480233335747,-0.1677101701184421
66434402,48.4489264,-123.4235329,3393.407958984375,2.75,Y,0.07995951417004048,gray,0,0.24200028630289108,0.5990579342817764,-0.40581573322817166,-0.1677101701184421
66439670,51.09980833,-114.222345,1891.2775878906252,-12,Y,0.07481296758104738,gray,0,-0.12962610175856834,-1.6735454426252723,-0.4301501268456247,-0.1677101701184421
66444880,49.21170022,-122.9644065,3844.6225729532666,2,Y,0.1359862582307472,melanic,1,0.3536305818195907,0.48350183037124855,-0.14090472552576677,-0.1677101701184421
66446264,49.31549072,-123.0209351,1152.0049715817358,2,Y,0.2527245949926362,melanic,1,-0.3125218193863103,0.48350183037124855,0.411068639115702,-0.1677101701184421
66455074,47.83617851,-122.1864221,1272.906603749227,2.25,Y,0.023182598740698345,gray,0,-0.2826108091719141,0.5220205316747579,-0.6742737729158615,-0.1677101701184421
66466508,49.2318394,-123.1567686,3699.466552734375,2.5,Y,0.01459645105895821,melanic,1,0.3177190467508705,0.5605392329782671,-0.7148716172629627,-0.1677101701184421
66470242,49.01904608,-123.0853498,1509.1932373046873,2.5,Y,0.0314540059347181,gray,0,-0.22415360075299387,0.5605392329782671,-0.6351641146335512,-0.1677101701184421
66473491,47.69369896,-122.2114532,1796.078442976651,3.25,Y,0.07076047173647824,gray,0,-0.15317832801783732,0.676095336888795,-0.4493115251366157,-0.1677101701184421
66479591,37.55893004,-122.2894304,3209.865478515625,6.75,Y,0,gray,0,0.1965919579813106,1.2153571551379252,-0.7838879526530346,-0.1677101701184421
66480398,37.3240823,-122.0451372,2076.297042837288,5.5,Y,0,gray,0,-0.08385237060575028,1.0227636486203786,-0.7838879526530346,-0.1677101701184421
66482973,47.4239,-122.1833194,773.4498558007051,2.25,Y,0.05314285714285714,gray,0,-0.4061761872541656,0.5220205316747579,-0.5326128147894967,-0.1677101701184421
66490384,47.67008833,-122.30237,4053.806614630361,3.25,Y,0.02544311034877071,gray,0,0.40538262101972516,0.676095336888795,-0.663585405814454,-0.1677101701184421
66490836,33.56874775,-101.8942552,1907.105734708905,-0.75,Y,0,gray,0,-0.12571022525079173,0.05979611603264629,-0.7838879526530346,-0.1677101701184421
66505838,45.65112707,-122.586672,2255.67937482478,2.25,Y,5.729017473503294e-4,gray,0,-0.03947326117464696,0.5220205316747579,-0.7811791038389646,-0.1677101701184421
66536201,45.49938889,-122.8473972,2815.9290286263163,2.5,Y,0.15167095115681234,gray,0,0.09913225487210485,0.5605392329782671,-0.06674286089832075,-0.1677101701184421
66542218,49.19348032,-123.0011992,2063.2143853186403,2,Y,0.0387696251201538,melanic,1,-0.08708901427760413,0.48350183037124855,-0.6005737045915015,-0.1677101701184421
66557752,45.65112707,-122.586672,2255.67937482478,2.25,Y,0.0011438375750643403,gray,0,-0.03947326117464696,0.5220205316747579,-0.7784795504740708,-0.1677101701184421
66560577,37.32525758,-122.0241142,3420.8478940487953,6,Y,0,gray,0,0.24878891407639547,1.0998010512273972,-0.7838879526530346,-0.1677101701184421
66561404,49.28612834,-123.0455407,6008.032693638889,2.5,Y,0.01187129022180568,gray,0,0.8888572868495941,0.5605392329782671,-0.7277569832720774,-0.1677101701184421
66576874,49.20854704,-123.9725175,1179.5793087768052,1.5,Y,0.17329255861365953,gray,0,-0.30569994058525063,0.40646442776423,0.03549049061203952,-0.1677101701184421
66580957,45.34393983,-122.6004777,405.9535050615362,3.25,Y,0.09791607193833857,gray,0,-0.49709462155193074,0.676095336888795,-0.3209118200521346,-0.1677101701184421
66583658,51.12716176,-114.1135463,3534.83834299188,-11.5,Y,0.00399315459212778,melanic,1,0.2769901006241235,-1.5965080400182536,-0.7650071373451547,-0.1677101701184421
66586199,47.63056722,-122.0900268,1356.4539128822137,2.25,Y,0.03215603584607273,gray,0,-0.2619412419207449,0.5220205316747579,-0.6318447096891433,-0.1677101701184421
66590981,37.52954899,-122.2483825,2352.2392578125,6.25,Y,0,gray,0,-0.015584388919015072,1.1383197525309066,-0.7838879526530346,-0.1677101701184421
66598910,49.21106811,-122.9660423,3829.9327699675378,2,Y,0.14535050071530758,melanic,1,0.34999633107147093,0.48350183037124855,-0.09662781894224913,-0.1677101701184421
66619622,37.977775,-122.580895,444.6478576660156,6.25,Y,0.2806166143305738,gray,0,-0.48752165586699564,1.1383197525309066,0.5429503515647048,-0.1677101701184421
66625492,37.35674054,-121.8958603,2636.829089293195,6.25,Y,0,melanic,1,0.05482300925853594,1.1383197525309066,-0.7838879526530346,-0.1677101701184421
66627174,48.47409035,-123.3692389,3302.336390659752,3.5,Y,0.05958178172443426,gray,0,0.2194692206624775,0.7146140381923043,-0.5021676759897629,-0.1677101701184421
66629029,37.34821601,-122.0550493,2364.34130859375,6,Y,0,gray,0,-0.012590346919386526,1.0998010512273972,-0.7838879526530346,-0.1677101701184421
66635771,48.46174609,-123.3184755,2255.025462891111,3.5,Y,0.10283586364938412,gray,0,-0.039635038697221604,0.7146140381923043,-0.297649590527484,-0.1677101701184421
66640657,48.46120187,-123.3019128,2121.60400390625,3.5,Y,0.16874799871918028,gray,0,-0.07264344851742327,0.7146140381923043,0.014002468036500173,-0.1677101701184421
66640659,48.46357135,-123.3152536,2121.60400390625,3.5,Y,0.11466971690020016,gray,0,-0.07264344851742327,0.7146140381923043,-0.2416956342119202,-0.1677101701184421
66643078,37.32957144,-121.9363081,3717.348227872314,6,Y,0,gray,0,0.322142965254803,1.0998010512273972,-0.7838879526530346,-0.1677101701184421
66665822,48.72127833,-122.498025,2256.623046875,1.5,Y,0.02540557086011631,gray,0,-0.03923979712765986,0.40646442776423,-0.6637629036136711,-0.1677101701184421
66681051,47.4379076,-122.8384852,49.83464813232422,2.25,Y,0.32057267351385,gray,0,-0.5851982689236401,0.5220205316747579,0.7318744105924734,-0.1677101701184421
66695587,37.0940615,-122.0505661,51.88328170776367,4.5,Y,0.6640022837567799,gray,0,-0.5846914378850347,0.8686888434063414,2.355711127316917,-0.1677101701184421
66701057,51.11176953,-114.0698191,423.14514930534193,-11.5,Y,0,melanic,1,-0.4928414163853837,-1.5965080400182536,-0.7838879526530346,-0.1677101701184421
66701058,51.01095944,-114.078758,2850.5257991103213,-11.25,Y,0.016142980686076672,melanic,1,0.10769148055649097,-1.5579893387147443,-0.7075591680241196,-0.1677101701184421
66703750,47.16381965,-122.4213134,866.2155800460283,2,Y,0.002,gray,0,-0.38322598818982406,0.48350183037124855,-0.7744313614431164,-0.1677101701184421
66710526,49.33551959,-123.0491761,1723.6045737347536,0.5,Y,0.16404687053443842,gray,0,-0.17110833114772142,0.25238962255019276,-0.008225855697763858,-0.1677101701184421
66713737,45.56437842,-122.8353901,1613.0933837890625,2.25,Y,0.00629650829994275,gray,0,-0.19844875056150868,0.5220205316747579,-0.7541162001318271,-0.1677101701184421
66713751,48.42706608,-123.3982587,3393.407958984375,3,Y,0.02004626060138781,gray,0,0.24200028630289108,0.6375766355852857,-0.6891033067556289,-0.1677101701184421
66715805,37.28345833,-121.8740783,3565.1889849598383,6,Y,0,melanic,1,0.2844988359955322,1.0998010512273972,-0.7838879526530346,-0.1677101701184421
66717288,51.08774239,-114.0785089,1460.0150225474888,-11.5,Y,0,gray,0,-0.2363202692880433,-1.5965080400182536,-0.7838879526530346,-0.1677101701184421
66717289,51.08754572,-114.0779599,1483.8598746506243,-11.5,Y,0,melanic,1,-0.23042106344581292,-1.5965080400182536,-0.7838879526530346,-0.1677101701184421
66748329,37.27756959,-121.952475,2627.598876953125,6,Y,0,gray,0,0.05253945881645088,1.0998010512273972,-0.7838879526530346,-0.1677101701184421
66753638,38.10976667,-122.5929717,1056.8180002947977,5.5,Y,5.724098454493417e-4,gray,0,-0.33607103389564597,1.0227636486203786,-0.7811814296965611,-0.1677101701184421
66779777,49.26519324,-123.1665495,4630.29345703125,2.5,Y,0,melanic,1,0.548005210329603,0.5605392329782671,-0.7838879526530346,-0.1677101701184421
66784229,51.16992731,-114.144016,467.4740464564239,-12,Y,0.013184293493837767,gray,0,-0.4818744668768604,-1.6735454426252723,-0.7215487156716314,-0.1677101701184421
66785249,45.55913229,-122.8425064,1616.6470176927178,2.25,Y,0.00257510729613733,gray,0,-0.19756958310872189,0.5220205316747579,-0.7717120841424104,-0.1677101701184421
66797292,49.20981401,-123.9709861,1152.72413501979,1.5,Y,0.2292798913043478,gray,0,-0.31234389867047035,0.40646442776423,0.30021514970680085,-0.1677101701184421
66797519,37.44946667,-122.1542195,3107.9954004991164,6,Y,0,gray,0,0.17138934582904525,1.0998010512273972,-0.7838879526530346,-0.1677101701184421
66801451,49.244355,-122.9358467,3237.486504163122,2,Y,0.15581610614008023,gray,0,0.20342538748480846,0.48350183037124855,-0.04714334280906107,-0.1677101701184421
66807220,37.69956682,-122.4353753,1472.17626953125,7.25,Y,0.49643163003140167,gray,0,-0.23331158217414935,1.2923945577449438,1.5633875417870966,-0.1677101701184421
66811404,45.51261614,-122.6844982,3762.5888382347616,2.25,Y,0.01621778163915436,gray,0,0.33333547220774506,0.5220205316747579,-0.7072054870064355,-0.1677101701184421
66835174,48.02831038,-122.7746915,147.8613278891142,2.75,Y,0.11667143265656275,gray,0,-0.5609465117974274,0.5990579342817764,-0.23223093039873366,-0.1677101701184421
66840315,49.30235777,-123.0058534,1431.4222412109375,2,Y,0.11977856064418722,melanic,1,-0.24339411071832917,0.48350183037124855,-0.21753951079080364,-0.1677101701184421
66841750,51.04674167,-114.0369694,812.973504604509,-11.5,Y,0.006821705426356583,gray,0,-0.3963980540570634,-1.5965080400182536,-0.7516329128672675,-0.1677101701184421
66846058,47.0129914,-122.8845084,1146.7623291015625,1.25,Y,0.007934086054317967,gray,0,-0.3138188468123557,0.36794572646072066,-0.7463732484330361,-0.1677101701184421
66851698,33.539963,-101.89526,1903.8929097447544,-1,Y,0,gray,0,-0.12650507672299224,0.02127741472913699,-0.7838879526530346,-0.1677101701184421
66853605,48.75894547,-122.4776001,2072.0989313007894,1.5,Y,0,melanic,1,-0.08489098153926869,0.40646442776423,-0.7838879526530346,-0.1677101701184421
66865025,37.22625141,-122.1436861,7.476623921893665,5,Y,0.968892694063927,gray,0,-0.5956776253401409,0.9457262460133601,3.7973231143663604,-0.1677101701184421
66882081,47.6685161,-122.3543444,3765.222743852847,3.25,Y,0.046216060080878106,gray,0,0.3339870992903073,0.676095336888795,-0.5653647588940954,-0.1677101701184421
66889739,37.23676406,-122.1033662,13.584836729580427,4.75,Y,0.9189034837235867,gray,0,-0.5941664561986912,0.9072075447098508,3.560959350818756,-0.1677101701184421
66924036,37.52953255,-122.2483625,2352.2392578125,6.25,Y,0,gray,0,-0.015584388919015072,1.1383197525309066,-0.7838879526530346,-0.1677101701184421
66927340,49.20304883,-123.9786419,1302.1907857101855,1.5,Y,0.028143163046803296,gray,0,-0.27536591553358003,0.40646442776423,-0.6508187585091888,-0.1677101701184421
66929228,37.32935394,-121.9361874,3717.2849865334088,6,Y,0,gray,0,0.32212731937558653,1.0998010512273972,-0.7838879526530346,-0.1677101701184421
66933702,47.66745561,-117.4031939,1837.9318152502929,-2,Y,0,gray,0,-0.14282382226683524,-0.13279739048490022,-0.7838879526530346,-0.1677101701184421
66940145,37.2658149,-122.0017625,2385.208984375,5.25,Y,0,gray,0,-0.0074276931797002165,0.9842449473168694,-0.7838879526530346,-0.1677101701184421
66949749,49.30518854,-123.0047695,1431.4222412109375,2,Y,0.19886593762656946,melanic,1,-0.24339411071832917,0.48350183037124855,0.15640898620273344,-0.1677101701184421
66949756,49.30518854,-123.0047695,1431.4222412109375,2,Y,0.2004,melanic,1,-0.24339411071832917,0.48350183037124855,0.1636624865807581,-0.1677101701184421
66950619,44.57070278,-123.2625806,307.70331694192527,2.5,Y,0,gray,0,-0.5214016745480459,0.5605392329782671,-0.7838879526530346,-0.1677101701184421
66951471,37.24409379,-121.9724657,1096.8614501953125,5.25,Y,0.010372178157413052,melanic,1,-0.32616430213759434,0.9842449473168694,-0.7348452282574862,-0.1677101701184421
66953104,37.329368530000004,-121.9364735,3717.628250010938,6,Y,0,gray,0,0.3222122426077922,1.0998010512273972,-0.7838879526530346,-0.1677101701184421
66953678,37.541275,-122.270355,2352.2392578125,6.25,Y,0,gray,0,-0.015584388919015072,1.1383197525309066,-0.7838879526530346,-0.1677101701184421
66971906,49.36438833,-123.2805417,886.4124755859374,2.5,Y,0.32997481108312343,gray,0,-0.37822928518455434,0.5605392329782671,0.7763304963384893,-0.1677101701184421
66982832,37.52953263,-122.2483589,2352.2392578125,6.25,Y,0,gray,0,-0.015584388919015072,1.1383197525309066,-0.7838879526530346,-0.1677101701184421
66985852,45.49021116,-122.6713833,1923.7118126651717,2.5,Y,0.04388581167447805,melanic,1,-0.12160188892425774,0.5605392329782671,-0.5763828621925396,-0.1677101701184421
66990201,37.7707356,-122.464674,6888.4111328125,7.5,Y,0.1199309749784297,gray,0,1.1066625225156899,1.3309132590484531,-0.2168188507640722,-0.1677101701184421
67010172,38.55358497,-121.782847,2115.422119140625,4.75,Y,0,gray,0,-0.0741728440686154,0.9072075447098508,-0.7838879526530346,-0.1677101701184421
67012680,49.16770384,-123.9729293,1390.714366428835,1.5,Y,0.14015151515151514,gray,0,-0.25346522089761114,0.40646442776423,-0.12121015953377448,-0.1677101701184421
67012681,49.16766095,-123.9729431,1390.305202786572,1.5,Y,0.14323144104803495,melanic,1,-0.25356644780136495,0.40646442776423,-0.1066473594536603,-0.1677101701184421
67017268,37.23360457,-122.1299994,6.441718578338623,5,Y,0.9917024320457797,gray,0,-0.5959336604634644,0.9457262460133601,3.9051742982162216,-0.1677101701184421
67022998,47.66746261,-117.403187,1837.8003039183372,-2,Y,0,gray,0,-0.14285635811207498,-0.13279739048490022,-0.7838879526530346,-0.1677101701184421
67060582,49.26893241,-122.8930634,2312.2938819544047,2,Y,0.27918926634313446,gray,0,-0.02546685720243872,0.48350183037124855,0.5362014283489485,-0.1677101701184421
67060839,37.388601800000004,-122.0377719,2190.633056640625,6.5,Y,0,melanic,1,-0.05556569146475081,1.1768384538344159,-0.7838879526530346,-0.1677101701184421
67064456,49.3059404,-123.0004992,1431.4222412109375,2,Y,0.22615923009623798,gray,0,-0.24339411071832917,0.48350183037124855,0.28545974103192895,-0.1677101701184421
67099385,37.328615,-121.9524183,3724.807861328125,6,Y,0,gray,0,0.32398847526564645,1.0998010512273972,-0.7838879526530346,-0.1677101701184421
67105052,47.65241541,-122.3633167,4712.54150390625,3.25,Y,0.0021341463414634105,gray,0,0.5683533406739819,0.676095336888795,-0.7737970778863537,-0.1677101701184421
67107709,37.2886,-121.9370883,2627.598876953125,6,Y,0,melanic,1,0.05253945881645088,1.0998010512273972,-0.7838879526530346,-0.1677101701184421
67116746,47.30906238,-122.5252754,2109.779541015625,2.75,Y,0.6113895216400911,gray,0,-0.07556881539593868,0.5990579342817764,2.1069424354358213,-0.1677101701184421
67125812,47.5068943,-122.2020264,1619.6297607421875,2.25,Y,0,gray,0,-0.19683165380024067,0.5220205316747579,-0.7838879526530346,-0.1677101701184421
67125817,47.5068943,-122.2020264,1619.6297607421875,2.25,Y,0,melanic,1,-0.19683165380024067,0.5220205316747579,-0.7838879526530346,-0.1677101701184421
67153554,49.3188762,-122.9987683,1171.2708343986812,2,Y,0.36506575185820467,melanic,1,-0.3077554534640663,0.48350183037124855,0.942250837379184,-0.1677101701184421
67153555,49.31887987,-122.9987575,1171.0696106523471,2,Y,0.3643874643874644,gray,0,-0.3078052361297266,0.48350183037124855,0.9390436937123839,-0.1677101701184421
67158049,37.53001567,-122.2495358,2352.2392578125,6.25,Y,0,gray,0,-0.015584388919015072,1.1383197525309066,-0.7838879526530346,-0.1677101701184421
67158056,37.53030917,-122.2500863,2352.2392578125,6.25,Y,0,gray,0,-0.015584388919015072,1.1383197525309066,-0.7838879526530346,-0.1677101701184421
67161132,51.09699444,-114.2223306,1891.277587890625,-12,Y,0.0843973839925257,melanic,1,-0.1296261017585684,-1.6735454426252723,-0.38483217285113436,-0.1677101701184421
67161861,47.12394728,-122.1437061,85.72393798828125,1.25,Y,0.4442861214021089,gray,0,-0.5763192745194802,0.36794572646072066,1.3168281625168576,-0.1677101701184421
67164986,37.31789,-122.2695617,21.463494953496262,5.5,Y,0.5949584646233171,gray,0,-0.5922172796459313,1.0227636486203786,2.0292515407585774,-0.1677101701184421
67167134,45.51816343,-122.6422776,3310.3805901824912,3,Y,8.566533409480297e-4,gray,0,0.22145935205919814,0.6375766355852857,-0.7798374424260565,-0.1677101701184421
67167137,45.51816343,-122.6422776,3310.3805901824912,3,Y,8.578781812982557e-4,gray,0,0.22145935205919814,0.6375766355852857,-0.7798316510188118,-0.1677101701184421
67167147,45.51816343,-122.6422776,3310.3805901824912,3,Y,8.583690987124463e-4,gray,0,0.22145935205919814,0.6375766355852857,-0.7798293298161598,-0.1677101701184421
67167150,45.51816343,-122.6422776,3310.3805901824912,3,Y,8.578781812982557e-4,gray,0,0.22145935205919814,0.6375766355852857,-0.7798316510188118,-0.1677101701184421
67167718,49.19938,-122.5562783,1126.5230297397395,1,Y,0.2046766743648961,melanic,1,-0.31882604050437346,0.3294270251572114,0.18388386718413732,-0.1677101701184421
67169117,49.26455208,-123.2034145,4268.587756008301,2.5,Y,0.061441286247487785,melanic,1,0.45851938020520333,0.5605392329782671,-0.4933753889260074,-0.1677101701184421
67173482,49.20629591,-123.9817275,1190.4988884777497,1.5,Y,0.03980386501297952,melanic,1,-0.30299844140681614,0.40646442776423,-0.5956835126517803,-0.1677101701184421
67178975,47.18302368,-122.424988,1004.8840942382814,2.25,Y,0.02942857142857143,gray,0,-0.34891945923681883,0.5220205316747579,-0.6447409677070969,-0.1677101701184421
67208120,51.03425699,-114.0051139,464.8547973632813,-11.5,Y,0.009661835748792261,melanic,1,-0.48252246794164755,-1.5965080400182536,-0.7382039371461839,-0.1677101701184421
67208711,45.52139103,-122.6293262,3315.389478914304,3,Y,0.02943698199485567,gray,0,0.22269854891149934,0.6375766355852857,-0.6447012000635,-0.1677101701184421
67210419,49.2686628,-123.1786966,4630.29345703125,2.5,Y,0.001783166904422254,gray,0,0.548005210329603,0.5605392329782671,-0.7754566124159463,-0.1677101701184421
67213605,49.2501243,-123.0824216,5889.296011351441,2.5,Y,0,melanic,1,0.8594818842760105,0.5605392329782671,-0.7838879526530346,-0.1677101701184421
67213883,49.2501243,-123.0824216,5889.296011351441,2.5,Y,0,melanic,1,0.8594818842760105,0.5605392329782671,-0.7838879526530346,-0.1677101701184421
67214211,49.2501243,-123.0824216,5889.296011351441,2.5,Y,0,gray,0,0.8594818842760105,0.5605392329782671,-0.7838879526530346,-0.1677101701184421
67214818,49.2501243,-123.0824216,5889.296011351441,2.5,Y,0,gray,0,0.8594818842760105,0.5605392329782671,-0.7838879526530346,-0.1677101701184421
67218405,49.2102929,-122.6733788,1177.8749765298016,1,Y,0.00601030337721808,gray,0,-0.3061215916277959,0.3294270251572114,-0.7554694616100638,-0.1677101701184421
67258667,37.32151244,-121.9425064,3724.807861328125,6,Y,0,melanic,1,0.32398847526564645,1.0998010512273972,-0.7838879526530346,-0.1677101701184421
67259359,37.20514533,-121.8139931,426.64533695685543,5,Y,0.007736389684813753,gray,0,-0.49197547151168936,0.9457262460133601,-0.7473080153080792,-0.1677101701184421
67273304,47.787409,-122.237843,1435.15234375,3.25,Y,0.1579097658480868,gray,0,-0.24247128500335388,0.676095336888795,-0.03724390081341378,-0.1677101701184421
67275265,49.17848833,-122.7603683,2295.796142578125,1,Y,0.16053607071571144,gray,0,-0.029548390612299785,0.3294270251572114,-0.02482595505054167,-0.1677101701184421
67276006,49.30474567,-123.0049799,1431.4222412109375,2,Y,0.1866943866943867,melanic,1,-0.24339411071832917,0.48350183037124855,0.09885829542455857,-0.1677101701184421
67276280,49.30531406,-123.0045286,1431.4222412109375,2,Y,0.20281124497991967,gray,0,-0.24339411071832917,0.48350183037124855,0.17506356562179187,-0.1677101701184421
67282003,45.406204,-122.745244,1544.8551145701235,3,Y,0.04,gray,0,-0.21533086812293908,0.6375766355852857,-0.5947561284546727,-0.1677101701184421
67283991,37.612435,-122.4757467,895.12384033203125,6.75,Y,0.6399200456881782,gray,0,-0.3760740974072647,1.2153571551379252,2.24184318689957,-0.1677101701184421
67287991,51.16474285,-114.0879484,1426.4736742361304,-11.5,Y,0.00256996002284408,melanic,1,-0.24461838399468186,-1.5965080400182536,-0.7717364219721005,-0.1677101701184421
67291669,51.09100172,-114.0681029,785.4780580548716,-11.5,Y,0,melanic,1,-0.40320041534740775,-1.5965080400182536,-0.7838879526530346,-0.1677101701184421
67292254,37.36496389,-121.9149722,1844.4635009765625,6.25,Y,0,gray,0,-0.14120788611301208,1.1383197525309066,-0.7838879526530346,-0.1677101701184421
67309568,36.97985833,-121.9687367,1496.779297670752,5.25,Y,0.00285551113649343,gray,0,-0.22722480391654704,0.9842449473168694,-0.770386251896441,-0.1677101701184421
67311423,49.24375415,-122.9351562,3312.3622962002087,2,Y,0.19365763546798032,gray,0,0.22194962524968545,0.48350183037124855,0.1317825939969777,-0.1677101701184421
67311674,37.32912961,-121.9524588,3724.807861328125,6,Y,0,gray,0,0.32398847526564645,1.0998010512273972,-0.7838879526530346,-0.1677101701184421
67318001,49.01772129,-122.6590173,141.13200014558808,1,Y,0.2096082356305405,gray,0,-0.5626113444987246,0.3294270251572114,0.2072017466420701,-0.1677101701184421
67320116,33.5563278,-101.8700974,1987.60009765625,-0.75,Y,0,gray,0,-0.10579595553287852,0.05979611603264629,-0.7838879526530346,-0.1677101701184421
67330427,37.58774409,-122.3197613,2857.720672524382,6.75,Y,0.022667369530838158,gray,0,0.10947148905034751,1.2153571551379252,-0.6767099289243899,-0.1677101701184421
67337866,48.30215916,-122.5918742,227.4705047607422,2.25,Y,0.04169741697416973,gray,0,-0.5412512367223304,0.5220205316747579,-0.5867302392359232,-0.1677101701184421
67340737,37.32913333,-121.9523728,3724.807861328125,6,Y,0,gray,0,0.32398847526564645,1.0998010512273972,-0.7838879526530346,-0.1677101701184421
67342137,37.32902833,-121.95196,3724.807861328125,6,Y,0,gray,0,0.32398847526564645,1.0998010512273972,-0.7838879526530346,-0.1677101701184421
67361001,49.20858759,-123.9726028,1177.9341096544056,1.5,Y,0.1700268817204301,gray,0,-0.3061069621189768,0.40646442776423,0.020049404910566504,-0.1677101701184421
67361866,51.02981944,-114.0051167,464.8547973632813,-11.5,Y,0.014157014157014149,gray,0,-0.48252246794164755,-1.5965080400182536,-0.7169494048350816,-0.1677101701184421
67370719,45.02545252,-123.0190654,1071.2344503813235,2.5,Y,0.01395613785246368,gray,0,-0.3325044105336385,0.5605392329782671,-0.7178992073830279,-0.1677101701184421
67376985,48.42706778,-123.3982632,3393.407958984375,3,Y,0.01975213013168086,gray,0,0.24200028630289108,0.6375766355852857,-0.6904940425628288,-0.1677101701184421
67377477,37.35270604,-121.94578250000001,3200.1844929834715,6.25,Y,0,gray,0,0.19419688645128763,1.1383197525309066,-0.7838879526530346,-0.1677101701184421
67377483,37.35150277,-121.9470026,3324.6057079802417,6.25,Y,0,gray,0,0.22497863989776146,1.1383197525309066,-0.7838879526530346,-0.1677101701184421
67377488,37.35114897,-121.9470579,3337.735951093674,6.25,Y,0,gray,0,0.228227056224675,1.1383197525309066,-0.7838879526530346,-0.1677101701184421
67381190,37.32892176,-121.9523859,3724.807861328125,6,Y,0,gray,0,0.32398847526564645,1.0998010512273972,-0.7838879526530346,-0.1677101701184421
67390142,45.44950872,-122.8357429,1321.1563816215971,2.25,Y,0.01313910311339617,gray,0,-0.2706738355106862,0.5220205316747579,-0.7217623891488598,-0.1677101701184421
67390618,45.44934167,-122.8360217,1302.672170043145,2.25,Y,0.01913192461450599,gray,0,-0.27524682126295635,0.5220205316747579,-0.6934265575838581,-0.1677101701184421
67390635,38.12385068,-122.6011784,502.8694989956281,5.5,Y,0.03598971722365039,gray,0,-0.4731176476059955,1.0227636486203786,-0.6137179308807296,-0.1677101701184421
67394546,37.34645637,-122.014368,4091.74267578125,6.25,Y,0,gray,0,0.41476798573511825,1.1383197525309066,-0.7838879526530346,-0.1677101701184421
67406332,49.17189717,-123.9675794,1420.692670297379,1.5,Y,0.14293998260365323,gray,0,-0.24604860180697663,0.40646442776423,-0.10802546113525859,-0.1677101701184421
67406336,49.17157912,-123.9697719,1421.810380972213,1.5,Y,0.1275480489225393,gray,0,-0.24577208068139428,0.40646442776423,-0.18080307351149072,-0.1677101701184421
67406338,49.17112421,-123.9702186,1418.5729798245563,1.5,Y,0.13040952657566074,melanic,1,-0.24657301229050196,0.40646442776423,-0.16727316130054806,-0.1677101701184421
67406362,49.17329883,-123.9698965,1435.8206981365463,1.5,Y,0.12996808819263128,melanic,1,-0.24230593442433832,0.40646442776423,-0.1693604124668865,-0.1677101701184421
67694792,37.21534161,-122.0438558,137.27169683730023,4.5,Y,0.936503334299797,gray,0,-0.5635663818263009,0.8686888434063414,3.644176646946187,-0.1677101701184421
67698984,37.35222991,-121.9474084,3337.1978768286517,6.25,Y,0,gray,0,0.22809393688998408,1.1383197525309066,-0.7838879526530346,-0.1677101701184421
67698988,37.35205091,-121.9457175,3211.789892645924,6.25,Y,0,gray,0,0.1970680571842424,1.1383197525309066,-0.7838879526530346,-0.1677101701184421
67713796,48.45966905,-123.3676625,4161.07080078125,3.5,Y,0.03525925925925926,gray,0,0.4319197331337569,0.7146140381923043,-0.6171717520633675,-0.1677101701184421
67749398,48.48416667,-123.4058333,982.4861136218748,2.75,Y,0.07866132723112128,melanic,1,-0.3544607097144888,0.5990579342817764,-0.41195394482587855,-0.1677101701184421
67762541,47.8361629,-122.1863327,1272.0150246493242,2.25,Y,0.023182598740698345,gray,0,-0.28283138544608044,0.5220205316747579,-0.6742737729158615,-0.1677101701184421
67768003,49.23084348,-122.8081373,2278.93491980449,1.5,Y,0.06389986824769434,gray,0,-0.03371984965356995,0.40646442776423,-0.4817504864599994,-0.1677101701184421
67849282,47.8361377,-122.1863622,1272.4543314584769,2.25,Y,0.02281802624073017,gray,0,-0.28272270113619774,0.5220205316747579,-0.6759975794651499,-0.1677101701184421
67858644,49.13379406,-123.9130491,528.6959938678484,1.5,Y,0.2823185988323603,melanic,1,-0.4667281842209615,0.40646442776423,0.5509978374042106,-0.1677101701184421
67897840,48.46219865,-123.3305093,3217.70932977207,3.5,Y,0.03084832904884318,gray,0,0.19853252330574475,0.7146140381923043,-0.6380279339910588,-0.1677101701184421
67897891,48.4621914,-123.3306273,3228.694751034657,3.5,Y,0.03116066323613493,gray,0,0.20125031165734855,0.7146140381923043,-0.6365511256260089,-0.1677101701184421
67899034,47.82389801,-122.1931337,1322.0760498046875,2.25,Y,0.07835287389190734,gray,0,-0.27044631000978836,0.5220205316747579,-0.41341240339401875,-0.1677101701184421
67925334,37.25644678,-121.8055131,1595.691117570164,5.5,Y,0,gray,0,-0.2027540635113456,1.0227636486203786,-0.7838879526530346,-0.1677101701184421
67925338,37.20995503,-121.8951598,1034.029818401634,5.5,Y,0.5407725321888412,gray,0,-0.34170881999624764,1.0227636486203786,1.7730444345780372,-0.1677101701184421
67925353,37.22386093,-121.9420576,594.5273745814384,5.25,Y,0.4369098712446352,melanic,1,-0.4504415298090167,0.9842449473168694,1.2819510713161963,-0.1677101701184421
67927928,37.25048525,-121.9052825,2286.590312556309,6,Y,0,gray,0,-0.03182590887965508,1.0998010512273972,-0.7838879526530346,-0.1677101701184421
67935910,37.26292856,-121.856522,3192.8814138835505,6,Y,0,gray,0,0.1923901079187062,1.0998010512273972,-0.7838879526530346,-0.1677101701184421
67935911,37.33586467,-121.9216991,3701.12939453125,6.25,Y,0,gray,0,0.3181304330744426,1.1383197525309066,-0.7838879526530346,-0.1677101701184421
67939354,37.34954315,-121.9416834,3010.6804212080433,6.25,Y,0,gray,0,0.14731366308262395,1.1383197525309066,-0.7838879526530346,-0.1677101701184421
67939358,37.34953675,-121.9416405,3008.2195327620975,6.25,Y,0,melanic,1,0.14670484037176756,1.1383197525309066,-0.7838879526530346,-0.1677101701184421
67939359,37.34993974,-121.9402082,2884.672065832355,6.25,Y,0,gray,0,0.1161392518098296,1.1383197525309066,-0.7838879526530346,-0.1677101701184421
67939366,37.34971928,-121.9411852,2965.612105439757,6.25,Y,0,gray,0,0.13616378173591615,1.1383197525309066,-0.7838879526530346,-0.1677101701184421
67939369,37.35012944,-121.9398013,2843.5250002280263,6.25,Y,0,melanic,1,0.10595948601577904,1.1383197525309066,-0.7838879526530346,-0.1677101701184421
67939370,37.35009976,-121.940048,2862.306308099549,6.25,Y,0,gray,0,0.11060597325928115,1.1383197525309066,-0.7838879526530346,-0.1677101701184421
68164052,37.24722316,-121.7805389,1169.295166015625,5,Y,0,gray,0,-0.30824423294641434,0.9457262460133601,-0.7838879526530346,-0.1677101701184421
68195764,49.3074514,-123.0011,1431.4222412109375,2,Y,0.24864655839133798,gray,0,-0.24339411071832917,0.48350183037124855,0.39178647657692145,-0.1677101701184421
68198299,49.2488091,-122.9805104,2945.509839125227,2,Y,0.009686609686609678,gray,0,0.1311904899590653,0.48350183037124855,-0.7380867986448844,-0.1677101701184421
68323437,47.83924083,-122.1856436,1248.7918975074697,2.25,Y,0.026586620926243552,gray,0,-0.2885767768084397,0.5220205316747579,-0.6581785497767649,-0.1677101701184421
68323446,47.83683553,-122.1857509,1262.2930266473124,2.25,Y,0.02512132457893234,gray,0,-0.2852366034429695,0.5220205316747579,-0.6651069040557192,-0.1677101701184421
68396641,51.07209762,-114.1733958,2317.2441538565845,-12,Y,0.01670870113493064,melanic,1,-0.02424216212780968,-1.6735454426252723,-0.7048842745121678,-0.1677101701184421
68453471,49.2501243,-123.0824216,5889.296011351441,2.5,Y,0,gray,0,0.8594818842760105,0.5605392329782671,-0.7838879526530346,-0.1677101701184421
68473346,50.97431864,-114.0327644,2174.4973098163373,-11.5,Y,0.023992002665778073,melanic,1,-0.05955766807768486,-1.5965080400182536,-0.6704466718942703,-0.1677101701184421
68473841,50.97821957,-114.0306099,2099.649548774677,-11.5,Y,0.028590878148400268,melanic,1,-0.07807497098671674,-1.5965080400182536,-0.6487018291620339,-0.1677101701184421
68480513,37.28223105,-121.9436096,2627.598876953125,6,Y,0,gray,0,0.05253945881645088,1.0998010512273972,-0.7838879526530346,-0.1677101701184421
68676515,49.19823661,-121.8759134,149.14153479403544,1,Y,0.036049237983587334,melanic,1,-0.5606297891765402,0.3294270251572114,-0.6134364991331159,-0.1677101701184421
68750728,51.03128581,-114.1026423,2901.3850479802345,-11.5,Y,0,gray,0,0.12027403618598839,-1.5965080400182536,-0.7838879526530346,-0.1677101701184421
68790278,47.44606342,-122.0823835,467.03934102905407,1.75,Y,0.47417566384592946,gray,0,-0.4819820128069294,0.4449831290677393,1.4581547546882112,-0.1677101701184421
68847962,51.03128581,-114.1026423,2901.3850479802345,-11.5,Y,0,melanic,1,0.12027403618598839,-1.5965080400182536,-0.7838879526530346,-0.1677101701184421
68906009,48.554505,-123.431388,355.11804099525665,2.5,Y,0.385208452312964,gray,0,-0.5096712928315507,0.5605392329782671,1.0374914794114292,-0.1677101701184421
68950803,47.08120785,-122.6806551,0,2.25,Y,0.4644590351127605,gray,0,-0.597527338784763,0.5220205316747579,1.4122116617541498,-0.1677101701184421
69382244,48.45662167,-123.287025,2121.60400390625,4.75,Y,0.23009623797025372,gray,0,-0.07264344851742327,0.9072075447098508,0.3040750780593267,-0.1677101701184421
69630190,48.41315031,-123.3644744,4161.07080078125,3.5,Y,0.04243421052631578,gray,0,0.4319197331337569,0.7146140381923043,-0.5832464615215488,-0.1677101701184421
70480591,37.34291111,-122.0070111,4091.74267578125,6.25,Y,0,gray,0,0.41476798573511825,1.1383197525309066,-0.7838879526530346,-0.1677101701184421
70480592,37.34098333,-121.9759306,3589.567859751466,6.25,Y,0,gray,0,0.2905301588142157,1.1383197525309066,-0.7838879526530346,-0.1677101701184421
70480593,37.34278056,-121.9752361,3574.5002939675983,6.25,Y,0,gray,0,0.28680244971726154,1.1383197525309066,-0.7838879526530346,-0.1677101701184421
70480594,37.34282222,-121.975075,3574.4396723769055,6.25,Y,0,gray,0,0.28678745196259176,1.1383197525309066,-0.7838879526530346,-0.1677101701184421
70480596,37.34195,-121.9756611,3580.9292454149054,6.25,Y,0,melanic,1,0.2883929694560014,1.1383197525309066,-0.7838879526530346,-0.1677101701184421
70480597,37.34010278,-121.9737917,3603.305698553893,6.25,Y,0,melanic,1,0.29392889404529887,1.1383197525309066,-0.7838879526530346,-0.1677101701184421
70480600,37.34241111,-121.9748,3578.448352914177,6.25,Y,0,melanic,1,0.2877791977508577,1.1383197525309066,-0.7838879526530346,-0.1677101701184421
70480603,37.34333889,-122.0070722,4091.7426757812505,6.25,Y,0,gray,0,0.41476798573511836,1.1383197525309066,-0.7838879526530346,-0.1677101701184421
70487697,49.27722222,-123.0469444,6172.595241941917,2.5,Y,0.00939903161492452,melanic,1,0.9295699883653182,0.5605392329782671,-0.7394465527773157,-0.1677101701184421
71209934,49.22577337,-123.0187921,6537.8884284178375,2,Y,0.20257879656160457,melanic,1,1.0199433608008024,0.48350183037124855,0.17396448078709292,-0.1677101701184421
71466229,44.59074546,-123.2682187,731.0706364391662,2.5,Y,0.05350500715307582,gray,0,-0.41666078734165696,0.5605392329782671,-0.5309004624878438,-0.1677101701184421
71470055,47.42149825,-122.1072287,307.06210735742275,2.25,Y,0.7124252023935234,gray,0,-0.5215603095150665,0.5220205316747579,2.58466900068632,-0.1677101701184421
71470733,47.41152966,-122.0687144,292.26141357421875,1.75,Y,0.5371853546910756,gray,0,-0.5252219945973345,0.4449831290677393,1.7560831989811443,-0.1677101701184421
71470736,47.49481642,-122.0714749,225.91571044921875,2.25,Y,0.5743707093821511,gray,0,-0.5416358921459135,0.5220205316747579,1.9319065481357993,-0.1677101701184421
71494467,46.99260584,-123.0334417,37.56862887406693,1.25,Y,0.8629354654483152,gray,0,-0.588232876651809,0.36794572646072066,3.2963260159895222,-0.1677101701184421
71642403,49.21016681,-122.9293788,3255.463583447213,2,Y,0.00371853546910755,gray,0,0.20787290893221566,0.48350183037124855,-0.766305617737569,-0.1677101701184421
72034483,49.25783469,-123.2547948,1884.2208251953127,3,Y,0.19148936170212766,gray,0,-0.13137194172181754,0.6375766355852857,0.12153035467954858,-0.1677101701184421
72332810,48.17216546,-122.1136651,444.1179504394532,1.75,Y,0.48530670470756065,gray,0,-0.4876527546799913,0.4449831290677393,1.5107856062728815,-0.1677101701184421
72427950,37.35858055,-121.9637221,3558.4328613281255,6.25,Y,0,gray,0,0.2828273740033737,1.1383197525309066,-0.7838879526530346,-0.1677101701184421
72804723,37.34154722,-121.9748889,3586.225256082788,6.25,Y,0,gray,0,0.2897032001480332,1.1383197525309066,-0.7838879526530346,-0.1677101701184421
73278302,44.85561123,-123.2407073,839.0315504677242,2.25,Y,0,gray,0,-0.3899513050594811,0.5220205316747579,-0.7838879526530346,-0.1677101701184421
74660169,47.30129613,-120.8822784,0.8224152976055171,-4.75,Y,0.6143305737938909,gray,0,-0.5973238736046316,-0.5565031048235025,2.120848599408588,-0.1677101701184421
74841762,47.42354093,-120.3103496,865.459506308182,-2,Y,0.0033358042994810957,gray,0,-0.3834130404974739,-0.13279739048490022,-0.7681152838447945,-0.1677101701184421
77057577,49.15332484,-123.1511948,4958.480601478232,2,Y,0,melanic,1,0.6291985644125985,0.48350183037124855,-0.7838879526530346,-0.1677101701184421
77514790,48.0113015,-122.0574884,810.5551561090392,2.25,Y,0.10062148564664102,gray,0,-0.39699635240302583,0.5220205316747579,-0.30811982430557217,-0.1677101701184421
78196672,49.0265805,-123.0675722,1509.1932373046873,2.5,Y,0.028362573099415197,melanic,1,-0.22415360075299387,0.5605392329782671,-0.6497813229217401,-0.1677101701184421
80565793,47.00936238,-122.8531685,1261.004866083946,1.25,Y,0.21538901601830665,gray,0,-0.28555529379543115,0.36794572646072066,0.23453498514277818,-0.1677101701184421
84963858,47.6539703,-122.2957971,4166.889209730089,3.25,Y,0.0019999999999999857,gray,0,0.43335920492896934,0.676095336888795,-0.7744313614431166,-0.1677101701184421
86482001,50.97436946,-114.1235502,778.2266235351561,-11.5,Y,0.006882591093117404,gray,0,-0.40499441703373523,-1.5965080400182536,-0.7513450274367173,-0.1677101701184421
86482508,50.94425021,-114.1544897,633.7767515174074,-12.5,Y,0,gray,0,-0.44073125135045904,-1.750582845232291,-0.7838879526530346,-0.1677101701184421
90107487,33.58213536,-101.8758556,1181.0344815001863,-0.75,Y,0,gray,0,-0.30533993149842154,0.05979611603264629,-0.7838879526530346,-0.1677101701184421
91483721,49.234397,-123.11507,5371.2861328125,2.5,Y,0.020011435105774723,gray,0,0.7313264699084733,0.5605392329782671,-0.6892679719934768,-0.1677101701184421
98729978,47.63183833,-122.357505,4712.54150390625,3.25,Y,0,gray,0,0.5683533406739819,0.676095336888795,-0.7838879526530346,-0.1677101701184421
98939917,45.50470349,-122.435666,1424.1443832023008,3.25,Y,0,gray,0,-0.24519464956410492,0.676095336888795,-0.7838879526530346,-0.1677101701184421
110157067,49.36589401,-123.4209337,20.224152444756815,2.5,Y,0.7864768683274022,gray,0,-0.5925238924333144,0.5605392329782671,2.9348071672613747,-0.1677101701184421
112805413,49.28279858,-123.0383141,5153.4205353780635,2,Y,0.012979521199884624,gray,0,0.6774266176616549,0.48350183037124855,-0.7225169396091473,-0.1677101701184421
113876974,47.86553056,-123.9205111,0.2565873947346191,0.75,Y,0.9615989927604659,gray,0,-0.5974638591770257,0.2909083238537021,3.762836338549321,-0.1677101701184421
121469893,37.587645,-122.3182583,2974.579484159437,6.75,Y,0.023888888888888876,gray,0,0.13838230725680506,1.2153571551379252,-0.6709342243123463,-0.1677101701184421
136375095,49.23918125,-123.0416712,6845.246582031251,2,Y,0.0014281633818908801,gray,0,1.095983631783023,0.48350183037124855,-0.7771351740112764,-0.1677101701184421
67443433,49.02241412,-122.6540796,292.338003277502,1,Y,0.2569305515861675,gray,0,-0.525203046338687,0.3294270251572114,0.43095564519154456,-0.1677101701184421
67444746,38.62145573,-121.3798241,1819.230134895291,5.75,Y,0,gray,0,-0.1474506096980412,1.061282349923888,-0.7838879526530346,-0.1677101701184421
67464680,45.60226,-122.439415,1004.7117919921876,2.25,Y,0.08571428571428572,gray,0,-0.34896208673613777,0.5220205316747579,-0.3786054722279735,-0.1677101701184421
67468296,37.39128833,-122.0579833,2321.4889511493957,6.25,Y,0,gray,0,-0.023192001158870698,1.1383197525309066,-0.7838879526530346,-0.1677101701184421
67527339,37.76795833,-122.47265,6888.4111328125,7.5,Y,0.13411078717201166,gray,0,1.1066625225156899,1.3309132590484531,-0.14977250709001388,-0.1677101701184421
67527898,48.76009167,-122.4903028,2248.6096834725586,1.5,Y,0,gray,0,-0.041222299681885455,0.40646442776423,-0.7838879526530346,-0.1677101701184421
67538277,36.999855,-122.062172,455.6607159848534,5.25,Y,0.5296973158195317,gray,0,-0.48479707959983565,0.9842449473168694,1.7206775376950605,-0.1677101701184421
67542175,47.67166734,-122.6696255,751.5422772190105,2.25,Y,0.19628571428571429,gray,0,-0.411596112485795,0.5220205316747579,0.1442089275203552,-0.1677101701184421
67545137,37.52881349,-122.2478703,2352.2392578125,6.25,Y,0,gray,0,-0.015584388919015072,1.1383197525309066,-0.7838879526530346,-0.1677101701184421
67557151,49.24721111,-122.9222944,3210.478690285291,2,Y,0.19560251284980013,gray,0,0.19674366630134935,0.48350183037124855,0.14097854917362057,-0.1677101701184421
67557156,49.24570556,-122.926375,3286.7151488516374,2,Y,0.19916889284654202,melanic,1,0.21560453236251506,0.48350183037124855,0.1578414480378291,-0.1677101701184421
67576653,38.57635024,-121.4905195,3115.225830078125,6,Y,0,gray,0,0.1731781509023514,1.0998010512273972,-0.7838879526530346,-0.1677101701184421
67582989,47.66613059,-122.6567777,566.8759628678937,2.75,Y,0.22488584474885845,gray,0,-0.45728247681178763,0.5990579342817764,0.27943879869049504,-0.1677101701184421
67601709,45.48682,-122.8875283,2824.273472488868,2.25,Y,0,gray,0,0.10119666658542617,0.5220205316747579,-0.7838879526530346,-0.1677101701184421
67632603,51.02964167,-114.0054583,464.8547973632812,-11.5,Y,0.014188971299580772,gray,0,-0.48252246794164755,-1.5965080400182536,-0.7167983020183367,-0.1677101701184421
67643843,37.58830556,-122.3228056,2578.281694586645,6.75,Y,0.02186070157600406,gray,0,0.040338409756455876,1.2153571551379252,-0.6805240934698933,-0.1677101701184421
67647211,37.38145372,-122.2304606,130.2532196044922,5.25,Y,0.34466990568733924,gray,0,-0.5653027499830947,0.9842449473168694,0.8458132475700603,-0.1677101701184421
67674751,47.66672007,-122.657924,587.1486688207536,2.25,Y,0.2222222222222222,gray,0,-0.45226701834395316,0.5220205316747579,0.266844404004531,-0.1677101701184421
67680738,51.07810109,-114.0280585,1343.6046142578125,-11.5,Y,0,melanic,1,-0.26512015270558736,-1.5965080400182536,-0.7838879526530346,-0.1677101701184421
67690446,37.31132833,-121.7633667,2266.025478551281,5,Y,0.00371640937678673,gray,0,-0.03691363969812412,0.9457262460133601,-0.7663156705305454,-0.1677101701184421
67692826,37.03819003,-122.0628818,306.20876273509714,5.25,Y,0.6609540131391031,gray,0,-0.5217714265964258,0.9842449473168694,2.3412980027526293,-0.1677101701184421
67694397,38.57027003,-121.7253873,1888.7983398437505,5,Y,0,gray,0,-0.13023946662655755,0.9457262460133601,-0.7838879526530346,-0.1677101701184421
67713467,47.67191818,-117.2555219,896.11065673828125,-2,Y,0,gray,0,-0.37582995946571746,-0.13279739048490022,-0.7838879526530346,-0.1677101701184421
67719300,37.35318399,-121.9459921,3204.882947686189,6.25,Y,0,gray,0,0.19535928206237554,1.1383197525309066,-0.7838879526530346,-0.1677101701184421
67724986,49.2657,-123.1589445,5211.4895326208725,2.5,Y,0,gray,0,0.6917928618432321,0.5605392329782671,-0.7838879526530346,-0.1677101701184421
67729872,45.6746567,-122.7279351,106.7723617553711,2.25,Y,0,gray,0,-0.571111903808205,0.5220205316747579,-0.7838879526530346,-0.1677101701184421
67729879,45.6746567,-122.7279351,106.7723617553711,2.25,Y,0,gray,0,-0.571111903808205,0.5220205316747579,-0.7838879526530346,-0.1677101701184421
67729880,45.6746567,-122.7279351,106.7723617553711,2.25,Y,0,gray,0,-0.571111903808205,0.5220205316747579,-0.7838879526530346,-0.1677101701184421
67730488,37.41048783,-122.2612205,551.9273603492194,5.5,Y,0.5859890898650589,gray,0,-0.46098075444965764,1.0227636486203786,1.9868416855098745,-0.1677101701184421
67730604,33.55584429,-101.8660068,1979.4038216539157,-0.75,Y,0,gray,0,-0.10782371058325038,0.05979611603264629,-0.7838879526530346,-0.1677101701184421
67735806,37.41990243,-122.1692745,1855.3050345281704,6,Y,0.00456881781838949,gray,0,-0.1385256955173333,1.0998010512273972,-0.762285231442485,-0.1677101701184421
67754088,49.26420717,-123.2035474,4240.046907166398,2.5,Y,0.06940063091482651,melanic,1,0.451458386851077,0.5605392329782671,-0.45574125451707553,-0.1677101701184421
67771104,37.26683647,-122.1907267,6.008244514465332,5,Y,0.9674750356633381,gray,0,-0.5960409017547501,0.9457262460133601,3.790620006381523,-0.1677101701184421
67778703,37.364934,-122.037598,2881.5183967151343,6.25,Y,0,gray,0,0.1153590354679415,1.1383197525309066,-0.7838879526530346,-0.1677101701184421
67780870,45.73020782,-122.5626216,154.5905609130859,2,Y,0.16452442159383032,gray,0,-0.5592817025297062,0.48350183037124855,-0.005967853122497597,-0.1677101701184421
67784779,37.53657547,-122.3036087,2224.457052479247,6.25,Y,0,melanic,1,-0.04719764988513717,1.1383197525309066,-0.7838879526530346,-0.1677101701184421
67799150,49.21697128,-122.9092369,3363.528679761221,2,Y,0.04520743919885551,gray,0,0.23460816586563812,0.48350183037124855,-0.5701338165776328,-0.1677101701184421
67811036,37.5310416,-122.2478167,2352.2392578125,6.25,Y,0,gray,0,-0.015584388919015072,1.1383197525309066,-0.7838879526530346,-0.1677101701184421
67817994,37.77009167,-122.4709917,6888.4111328125,7.5,Y,0.13298337707786526,gray,0,1.1066625225156899,1.3309132590484531,-0.1551032352831528,-0.1677101701184421
67835674,48.88894301,-123.6751785,69.39163970947266,1.5,Y,0.229559748427673,melanic,1,-0.5803598778751506,0.40646442776423,0.30153839691303574,-0.1677101701184421
67835953,48.89306726,-123.6795329,69.39163970947266,1.5,Y,0.3695732838589981,melanic,1,-0.5803598778751506,0.40646442776423,0.963563781127748,-0.1677101701184421
67857726,37.48445723,-122.190038,1587.9840742891522,6.25,Y,0,gray,0,-0.20466078260329115,1.1383197525309066,-0.7838879526530346,-0.1677101701184421
67887170,48.45980832,-123.3493148,4161.07080078125,3.5,Y,0.06529797547761619,gray,0,0.4319197331337569,0.7146140381923043,-0.4751398221894984,-0.1677101701184421
67888664,47.15869333,-122.2842367,1220.49123647465,1.25,Y,0.1341604154645124,gray,0,-0.29557834780505066,0.36794572646072066,-0.14953784985270102,-0.1677101701184421
67895124,37.20672,-121.74218,18.27015777162043,5,Y,0.015682919874536638,gray,0,-0.5930073098494341,0.9457262460133601,-0.7097344715373382,-0.1677101701184421
67895407,49.2276595,-123.0179715,6506.669063474333,2,Y,0.20206362854686158,melanic,1,1.0122197037502632,0.48350183037124855,0.17152861412716813,-0.1677101701184421
67895450,49.2276595,-123.0179715,6506.669063474333,2,Y,0.20229555236728838,gray,0,1.0122197037502632,0.48350183037124855,0.1726252185079775,-0.1677101701184421
67901792,37.42428279,-122.1602995,2820.293778687283,6,Y,0,gray,0,0.10021209210272222,1.0998010512273972,-0.7838879526530346,-0.1677101701184421
67912138,36.97911333,-121.9457167,1392.234375,5.25,Y,0.020219936147570054,gray,0,-0.25308917145077575,0.9842449473168694,-0.6882821174339265,-0.1677101701184421
67920174,48.46454305,-123.3151183,2121.60400390625,3.5,Y,0.1116186126177562,gray,0,-0.07264344851742327,0.7146140381923043,-0.25612215718087167,-0.1677101701184421
67923276,49.32655333,-123.1071555,4826.47922818383,2.5,Y,0.13342857142857142,gray,0,0.5965414831628317,0.5605392329782671,-0.15299822479135625,-0.1677101701184421
67928506,45.55922883,-122.8425923,1615.9054338298856,2.25,Y,0.00285959393766085,gray,0,-0.19775305062771514,0.5220205316747579,-0.7703669472056252,-0.1677101701184421
67940609,36.957405,-122.0578917,885.4612426757811,5.5,Y,0.05186480186480186,melanic,1,-0.3784646197849387,1.0227636486203786,-0.5386558379436203,-0.1677101701184421
67977893,37.394305,-122.0656583,2639.441075949154,6.25,Y,0,melanic,1,0.05546921359958254,1.1383197525309066,-0.7838879526530346,-0.1677101701184421
67978857,48.46454199,-123.3151765,2121.60400390625,3.5,Y,0.11269614835948644,melanic,1,-0.07264344851742327,0.7146140381923043,-0.2510272496690623,-0.1677101701184421
67978865,48.46178896,-123.3190286,2287.0849894429716,3.5,Y,0.09751215327423506,gray,0,-0.03170352603713653,0.7146140381923043,-0.32282166689637615,-0.1677101701184421
67978973,48.46444444,-123.3122222,2121.60400390625,3.5,Y,0.14106225014277557,gray,0,-0.07264344851742327,0.7146140381923043,-0.11690393527731538,-0.1677101701184421
68023765,47.0129914,-122.8845084,1146.7623291015625,1.25,Y,0.007943782462572555,gray,0,-0.3138188468123557,0.36794572646072066,-0.746327400948502,-0.1677101701184421
68023942,47.0129914,-122.8845084,1146.7623291015625,1.25,Y,0.007953502600183538,gray,0,-0.3138188468123557,0.36794572646072066,-0.7462814412645564,-0.1677101701184421
68024202,47.0129914,-122.8845084,1146.7623291015625,1.25,Y,0.007938931297709924,gray,0,-0.3138188468123557,0.36794572646072066,-0.7463503386900009,-0.1677101701184421
68040141,44.59053833,-123.267585,735.0699331247716,2.5,Y,0.036560982576406734,gray,0,-0.4156713631141344,0.5605392329782671,-0.6110168194240263,-0.1677101701184421
68040142,44.59068484,-123.2676319,735.1625222682625,2.5,Y,0.04089219330855018,gray,0,-0.4156484566010704,0.5605392329782671,-0.5905375747550811,-0.1677101701184421
68066537,48.48000833,-123.32598,2209.8424490876505,3.5,Y,0.0028571428571428506,gray,0,-0.050813296286997205,0.7146140381923043,-0.7703785366388658,-0.1677101701184421
68068051,37.32882778,-121.9523861,3724.807861328125,6,Y,0,gray,0,0.32398847526564645,1.0998010512273972,-0.7838879526530346,-0.1677101701184421
68068184,37.26077368,-121.8426168,3280.675048828125,6,Y,0,gray,0,0.2141102142936823,1.0998010512273972,-0.7838879526530346,-0.1677101701184421
68071727,48.470599,-123.4672006,373.6022901202171,2.5,Y,0.8583227445997459,gray,0,-0.505098297790291,0.5605392329782671,3.274515708274329,-0.1677101701184421
68071926,37.32891389,-121.9521472,3724.807861328125,6,Y,0,gray,0,0.32398847526564645,1.0998010512273972,-0.7838879526530346,-0.1677101701184421
68076306,51.06297324,-114.0996416,3138.058837890625,-11.5,Y,0,gray,0,0.17882702691552993,-1.5965080400182536,-0.7838879526530346,-0.1677101701184421
68080174,49.21730277,-122.9573972,3886.575195312499,2,Y,0.04310590922066799,gray,0,0.3640096419977801,0.48350183037124855,-0.5800704715371866,-0.1677101701184421
68080222,49.21674213,-122.9596683,3886.5751953125,2,Y,0.061696658097686374,gray,0,0.3640096419977803,0.48350183037124855,-0.4921679153290832,-0.1677101701184421
68092733,37.32942184,-121.9361954,3717.2684079962137,6,Y,0,gray,0,0.32212321785283216,1.0998010512273972,-0.7838879526530346,-0.1677101701184421
68136673,48.413395,-123.3639,4161.07080078125,3.5,Y,0.041951219512195125,gray,0,0.4319197331337569,0.7146140381923043,-0.5855301858108501,-0.1677101701184421
68136806,48.41484167,-123.36135,4161.07080078125,3.5,Y,0.038030660377358486,melanic,1,0.4319197331337569,0.7146140381923043,-0.6040677483370802,-0.1677101701184421
68138533,37.76848938,-122.4393908,7320.776242099086,7.25,Y,0.03424657534246575,gray,0,1.2136294589281245,1.2923945577449438,-0.6219600209763549,-0.1677101701184421
68140754,37.3621284,-122.1632294,73.676300048828125,5.25,Y,0.26725866513892865,gray,0,-0.5792998548061641,0.9842449473168694,0.479790019110583,-0.1677101701184421
68142819,48.47049167,-123.3706222,3779.721791464017,3.5,Y,0.06205463182897862,melanic,1,0.33757415724330425,0.7146140381923043,-0.4904753097087233,-0.1677101701184421
68155031,37.45546752,-121.8611117,182.16556540527685,5.25,Y,0.024489795918367346,gray,0,-0.5524596586396343,0.9842449473168694,-0.6680929582458743,-0.1677101701184421
68168742,38.05117432,-122.5325071,852.1815772347304,5.25,Y,0.23547925608011444,melanic,1,-0.3866979942654415,0.9842449473168694,0.3295275789295961,-0.1677101701184421
68175058,49.27977384,-122.7742428,1599.2452838324634,1.25,Y,0.2512835139760411,gray,0,-0.20187476435326615,0.36794572646072066,0.40425478207854537,-0.1677101701184421
68177205,49.24420239,-122.9368802,3238.8632557021324,2,Y,0.14392059553349873,gray,0,0.20376599520538066,0.48350183037124855,-0.10338883332890411,-0.1677101701184421
68180954,49.26618333,-122.9997333,2902.03564453125,2,Y,0.01113967437874892,gray,0,0.12043499348436396,0.48350183037124855,-0.7312162792473212,-0.1677101701184421
68190457,49.83969447,-119.6389778,503.9633525414349,-5.75,Y,0.05194063926940639,melanic,1,-0.4728470287235609,-0.7105779100375398,-0.5382972562767371,-0.1677101701184421
68199868,49.24471833,-122.9354883,3203.9081719661344,2,Y,0.14801110083256244,gray,0,0.1951181229812566,0.48350183037124855,-0.08404771510127947,-0.1677101701184421
68200938,49.30419629,-123.0064726,1431.4222412109375,2,Y,0.16521378165213785,gray,0,-0.24339411071832917,0.48350183037124855,-0.0027083549885678127,-0.1677101701184421
68224854,49.27532234,-122.8852656,2582.9033203125,2,Y,0.14687320711417098,melanic,1,0.041481797912718846,0.48350183037124855,-0.08942801296886031,-0.1677101701184421
68241916,51.08079425,-114.1251277,2015.0467520181444,-11.5,Y,0,gray,0,-0.09900566540815703,-1.5965080400182536,-0.7838879526530346,-0.1677101701184421
68244118,37.48445723,-122.190038,1587.9840742891522,6.25,Y,0,gray,0,-0.20466078260329115,1.1383197525309066,-0.7838879526530346,-0.1677101701184421
68244655,50.97672273,-114.0295934,2083.1109455141327,-11.5,Y,0.028629856850715743,melanic,1,-0.08216661410343391,-1.5965080400182536,-0.6485175263351887,-0.1677101701184421
68252127,49.26423677,-121.9489909,9.15651674517189,1,Y,0.6390977443609022,gray,0,-0.5952620206001938,0.3294270251572114,2.2379551031478586,-0.1677101701184421
68262547,48.46365241,-123.3113141,2121.60400390625,3.5,Y,0.14682312535775616,gray,0,-0.07264344851742327,0.7146140381923043,-0.08966481431760516,-0.1677101701184421
68275215,47.63843264,-117.4124077,1616.8089599609373,-2,Y,0.02317596566523605,gray,0,-0.19752951866333754,-0.13279739048490022,-0.6743051360574172,-0.1677101701184421
68287085,51.07452995,-114.1358542,2308.7360139410184,-11.5,Y,0.00485575549842902,melanic,1,-0.026347072172096385,-1.5965080400182536,-0.7609285052710569,-0.1677101701184421
68289818,48.88288,-122.7798083,82.95216369628906,2,Y,0.13767735155018393,melanic,1,-0.5770050102508633,0.48350183037124855,-0.13290873641589848,-0.1677101701184421
68289842,48.88208,-122.7778867,82.95216369628906,2,Y,0.09767206477732793,gray,0,-0.5770050102508633,0.48350183037124855,-0.32206555803911974,-0.1677101701184421
68296761,48.4608654,-123.3071377,2121.60400390625,3.5,Y,0.15163091389950045,gray,0,-0.07264344851742327,0.7146140381923043,-0.06693216888610315,-0.1677101701184421
68301372,37.085969,-121.95161,102.11212555384478,4.75,Y,0.8890799656061908,gray,0,-0.5722648441790368,0.9072075447098508,3.419944941179857,-0.1677101701184421
68305985,49.30383937,-123.1416175,2089.77685546875,2.5,Y,0.749596644078735,melanic,1,-0.080517470935006,0.5605392329782671,2.760426565036498,-0.1677101701184421
68327328,47.63443043,-122.312627,4734.959602009693,3.25,Y,0.06443298969072164,gray,0,0.5738995682090287,0.676095336888795,-0.47922973068402397,-0.1677101701184421
68329719,33.56911888,-101.9015037,1738.9957976319934,-0.75,Y,0,gray,0,-0.167300549176965,0.05979611603264629,-0.7838879526530346,-0.1677101701184421
68331917,48.48856333,-123.3374717,2053.9178614337466,3.5,Y,0.3509725400457666,gray,0,-0.08938897016648918,0.7146140381923043,0.8756139659066763,-0.1677101701184421
68341961,47.66829302,-117.4018681,1797.9817830155828,-2,Y,0,gray,0,-0.15270744253576968,-0.13279739048490022,-0.7838879526530346,-0.1677101701184421
68345872,49.30498886,-123.0195465,1431.4222412109375,2,Y,0.0835130970724191,melanic,1,-0.24339411071832917,0.48350183037124855,-0.3890133428089972,-0.1677101701184421
68346082,49.30527778,-123.0280556,1418.3145510392435,2,Y,0.045121951219512194,melanic,1,-0.2466369474574522,0.48350183037124855,-0.5705380290146387,-0.1677101701184421
68347004,45.5644753,-122.6451045,2192.3972771568942,3,Y,0.008299942759015449,gray,0,-0.0551292240909318,0.6375766355852857,-0.7446433697841702,-0.1677101701184421
68358462,51.091011,-114.0680532,782.5404830758876,-11.5,Y,0,melanic,1,-0.40392717009526935,-1.5965080400182536,-0.7838879526530346,-0.1677101701184421
68358550,47.66824828,-117.4018859,1798.0009728411655,-2,Y,0,gray,0,-0.15270269498142547,-0.13279739048490022,-0.7838879526530346,-0.1677101701184421
68371248,50.93865083,-114.0111015,2075.173039648131,-11.5,Y,0.0037511722413254055,melanic,1,-0.0841304484965872,-1.5965080400182536,-0.7661513014309314,-0.1677101701184421
68376594,37.39321787,-122.0991167,2804.283254265634,6,Y,0,gray,0,0.0962510954567021,1.0998010512273972,-0.7838879526530346,-0.1677101701184421
68380865,37.73615037,-122.4772846,6156.882577010204,7.5,Y,0.034670487106017195,gray,0,0.9256826820250963,1.3309132590484531,-0.6199556408478643,-0.1677101701184421
68385058,47.07782184,-122.7115066,535.97637939453125,2.25,Y,0.016577856719952627,gray,0,-0.4649270200683413,0.5220205316747579,-0.7055029455844418,-0.1677101701184421
68385461,37.4437446,-122.1413291,3112.0593261718745,6,Y,0,gray,0,0.17239475923934577,1.0998010512273972,-0.7838879526530346,-0.1677101701184421
68386111,49.29733333,-123.1409695,2819.6182442855284,2.5,Y,0.5109628217349858,melanic,1,0.10004496519112628,0.5605392329782671,1.6320953116539707,-0.1677101701184421
68388568,37.35885254,-122.0949436,1743.4071087675843,5.5,Y,0,melanic,1,-0.16620919275712154,1.0227636486203786,-0.7838879526530346,-0.1677101701184421
68392258,48.46456933,-123.312184,2121.60400390625,3.5,Y,0.14302059496567507,gray,0,-0.07264344851742327,0.7146140381923043,-0.10764430205820537,-0.1677101701184421
68411867,37.30363333,-122.0087445,2983.94189453125,6,Y,0,gray,0,0.1406985634333529,1.0998010512273972,-0.7838879526530346,-0.1677101701184421
68416058,37.52704301,-122.253589,2352.2392578125,6.25,Y,0,melanic,1,-0.015584388919015072,1.1383197525309066,-0.7838879526530346,-0.1677101701184421
68416989,37.72411333,-122.4209833,4819.139935977284,7.25,Y,0.05905848787446505,gray,0,0.594725745523721,1.2923945577449438,-0.5046419640006744,-0.1677101701184421
68418358,48.42879111,-123.3953967,3393.407958984375,3,Y,0.012139605462822453,gray,0,0.24200028630289108,0.6375766355852857,-0.7264883094972344,-0.1677101701184421
68419425,47.6638612,-122.3515429,4100.9061581869955,3.25,Y,0.04264453348597596,gray,0,0.4170350272210263,0.676095336888795,-0.5822519923957655,-0.1677101701184421
68421007,48.4674,-123.301925,2121.60400390625,3.5,Y,0.17206537890044576,gray,0,-0.07264344851742327,0.7146140381923043,0.029688022167555998,-0.1677101701184421
68424687,49.05453823,-122.3442213,2191.2553734876738,1,Y,0.05541273921736647,gray,0,-0.055411730552603,0.3294270251572114,-0.5218801413528189,-0.1677101701184421
68429883,37.44340986,-121.8610769,764.1718669454494,5.25,Y,0.1046013146613318,gray,0,-0.408471557584933,0.9842449473168694,-0.28930201626692126,-0.1677101701184421
68432770,48.46400297,-123.31376,2121.60400390625,3.5,Y,0.12810271041369473,gray,0,-0.07264344851742327,0.7146140381923043,-0.17818047002062046,-0.1677101701184421
68453250,49.2501243,-123.0824216,5889.296011351441,2.5,Y,0,melanic,1,0.8594818842760105,0.5605392329782671,-0.7838879526530346,-0.1677101701184421
68453595,49.2501243,-123.0824216,5889.296011351441,2.5,Y,0,melanic,1,0.8594818842760105,0.5605392329782671,-0.7838879526530346,-0.1677101701184421
68453746,49.2501243,-123.0824216,5889.296011351441,2.5,Y,0,gray,0,0.8594818842760105,0.5605392329782671,-0.7838879526530346,-0.1677101701184421
68453856,49.2501243,-123.0824216,5889.296011351441,2.5,Y,0,gray,0,0.8594818842760105,0.5605392329782671,-0.7838879526530346,-0.1677101701184421
68454226,49.2501243,-123.0824216,5889.296011351441,2.5,Y,0,gray,0,0.8594818842760105,0.5605392329782671,-0.7838879526530346,-0.1677101701184421
68454306,49.2501243,-123.0824216,5889.296011351441,2.5,Y,0,melanic,1,0.8594818842760105,0.5605392329782671,-0.7838879526530346,-0.1677101701184421
68455275,49.2070294,-123.9766091,1199.273876652128,1.5,Y,0.07871810827629123,melanic,1,-0.300827513221567,0.40646442776423,-0.41168546725955646,-0.1677101701184421
68465499,49.2217244,-122.6076743,2080.85888671875,1,Y,0.0205949656750572,gray,0,-0.08272377245129471,0.3294270251572114,-0.6865088669673792,-0.1677101701184421
68466204,37.28438648,-121.9406274,2627.598876953125,6,Y,0,gray,0,0.05253945881645088,1.0998010512273972,-0.7838879526530346,-0.1677101701184421
68466210,37.28455467,-121.9402983,2627.598876953125,6,Y,0,gray,0,0.05253945881645088,1.0998010512273972,-0.7838879526530346,-0.1677101701184421
68466372,49.21383667,-122.896605,3177.695639194009,2,Y,0.06078514140987758,gray,0,0.18863315399087882,0.48350183037124855,-0.49647783567789633,-0.1677101701184421
68467728,48.4544075,-123.3269647,3231.9585074500906,3.75,Y,0.02946224256292906,gray,0,0.20205776354802352,0.7531327394958136,-0.6445817606304998,-0.1677101701184421
68467984,49.257541,-122.908437,2234.913851264579,2,Y,0.09171428571428572,melanic,1,-0.04461064250011982,0.48350183037124855,-0.35023569859821924,-0.1677101701184421
68469043,48.47892373,-123.3033581,2121.60400390625,3.5,Y,0.07442067736185383,gray,0,-0.07264344851742327,0.7146140381923043,-0.43200499096490597,-0.1677101701184421
68469443,48.46388889,-123.3122222,2121.60400390625,3.5,Y,0.13963449457452884,melanic,1,-0.07264344851742327,0.7146140381923043,-0.12365478565561219,-0.1677101701184421
68478143,49.26689443,-123.1128398,9235.7529296875,3,Y,0.0077615647314498515,melanic,1,1.6873938427160646,0.6375766355852857,-0.7471889802457151,-0.1677101701184421
68495697,50.9796541,-114.0309452,2096.474709271722,-11.5,Y,0.028387968908415002,melanic,1,-0.07886042487265268,-1.5965080400182536,-0.649661244029662,-0.1677101701184421
68508673,48.44667219,-123.4056329,3393.4079589843755,3,Y,0.06835205992509363,melanic,1,0.2420002863028912,0.6375766355852857,-0.460699208119317,-0.1677101701184421
68510331,48.44661389,-123.4077778,3393.407958984375,3,Y,0.07875968992248061,gray,0,0.24200028630289108,0.6375766355852857,-0.4114888569446323,-0.1677101701184421
68515996,49.2324628,-123.0149891,6091.36790327894,2,Y,0.16990291262135923,melanic,1,0.9094743807802138,0.48350183037124855,0.019463242364279,-0.1677101701184421
68519224,49.26440202,-123.2035088,4252.771463706513,2.5,Y,0.06829268292682927,melanic,1,0.45460643649955285,0.5605392329782671,-0.4609799601192461,-0.1677101701184421
68524226,37.39087777,-122.2095662,156.99254613240976,5.25,Y,0.1158675799086758,gray,0,-0.55868745245101,0.9842449473168694,-0.2360317838136018,-0.1677101701184421
68524228,37.3892752,-122.2086221,158.33023846247033,5.25,Y,0.11050672774119669,gray,0,-0.5583565079614209,0.9842449473168694,-0.26137947755592844,-0.1677101701184421
68531494,37.26553026,-121.7952221,531.45654296875,5.5,Y,0,gray,0,-0.4660452255968792,1.0227636486203786,-0.7838879526530346,-0.1677101701184421
68559952,50.92818,-114.0353,1809.2750193610177,-11.5,Y,0,melanic,1,-0.1499135008690936,-1.5965080400182536,-0.7838879526530346,-0.1677101701184421
68569102,48.44323333,-123.3314028,4080.0911211284497,3.75,Y,0.0022883295194508,gray,0,0.4118853962780074,0.7531327394958136,-0.7730680542435173,-0.1677101701184421
68571589,48.45972833,-123.306795,2121.60400390625,3.5,Y,0.14095985511620887,gray,0,-0.07264344851742327,0.7146140381923043,-0.11738808923140036,-0.1677101701184421
68574485,37.30173667,-122.0237805,2439.7820075613636,6,Y,0,melanic,1,0.006073648569734942,1.0998010512273972,-0.7838879526530346,-0.1677101701184421
68576998,37.43426333,-122.1153417,1605.6445485632005,6,Y,0.0011692487576731919,melanic,1,-0.20029158909504852,1.0998010512273972,-0.7783593988910246,-0.1677101701184421
68610923,48.46444128,-123.3146949,2121.60400390625,3.5,Y,0.1157684630738523,melanic,1,-0.07264344851742327,0.7146140381923043,-0.2365004375080752,-0.1677101701184421
68652936,45.20025641,-123.2005709,479.4823878315249,2.25,Y,0.0059931506849315,gray,0,-0.47890360854278097,0.5220205316747579,-0.7555505646096157,-0.1677101701184421
68652975,45.19988508,-123.2000137,484.9292891380607,2.25,Y,0.01024765157984628,gray,0,-0.47755604757362136,0.5220205316747579,-0.7354340267268958,-0.1677101701184421
68656438,47.07783857,-122.7115969,535.97637939453125,2.25,Y,0.01657295057709381,gray,0,-0.4649270200683413,0.5220205316747579,-0.7055261432781584,-0.1677101701184421
68656441,47.07857015,-122.7125728,535.97637939453125,2.25,Y,0.01668653158522049,gray,0,-0.4649270200683413,0.5220205316747579,-0.7049890986966263,-0.1677101701184421
68659143,37.35120333,-122.0942222,1368.6454852957297,5.5,Y,0.00142938822184105,gray,0,-0.2589250523089699,1.0227636486203786,-0.7771293826059233,-0.1677101701184421
68659581,37.65106705,-121.7926705,422.9813134959477,4.75,Y,0,melanic,1,-0.4928819492920155,0.9072075447098508,-0.7838879526530346,-0.1677101701184421
68660295,49.2670887,-123.2531407,1884.2208251953125,3,Y,0.13326619671030548,melanic,1,-0.1313719417218176,0.6375766355852857,-0.15376598045808956,-0.1677101701184421
68664978,45.48113333,-122.63073,2403.834175343576,3.25,Y,0.01203783319002579,gray,0,-0.002819829188795743,0.676095336888795,-0.7269695188874055,-0.1677101701184421
68665000,45.48139105,-122.6306759,2407.344078303912,3.25,Y,0.011761331038439468,gray,0,-0.0019514807520045862,0.676095336888795,-0.7282769027955128,-0.1677101701184421
68665779,45.52314951,-123.0919309,1076.342889834823,2.25,Y,0,gray,0,-0.33124058487691316,0.5220205316747579,-0.7838879526530346,-0.1677101701184421
68672725,47.74118777,-122.3869459,2212.8367022758407,3.25,Y,0.379182156133829,gray,0,-0.050072519375297844,0.676095336888795,1.0089973696734436,-0.1677101701184421
68673663,49.2979899,-123.1373858,2834.9495231726455,2.5,Y,0.47190646313738227,melanic,1,0.10383791679294611,0.5605392329782671,1.4474253029512176,-0.1677101701184421
68687264,46.13327273,-122.9512273,566.0357327693922,2.25,Y,0,gray,0,-0.4574903493657652,0.5220205316747579,-0.7838879526530346,-0.1677101701184421
68694864,36.96926333,-121.898645,856.41326904296875,5.25,Y,0.022005772005772,gray,0,-0.3856510755875775,0.9842449473168694,-0.679838157594412,-0.1677101701184421
68696998,48.45676663,-123.3133262,2131.117591114173,3.75,Y,0.13856283996564558,gray,0,-0.07028979125862364,0.7531327394958136,-0.128721885432829,-0.1677101701184421
68700205,37.51956663,-122.3016214,2145.0416331168744,6.25,Y,0.01028571428571428,gray,0,-0.06684498943831814,1.1383197525309066,-0.7352540550020272,-0.1677101701184421
68700398,48.48793,-123.3077,2121.60400390625,3.5,Y,0.05954323001631321,gray,0,-0.07264344851742327,0.7146140381923043,-0.5023499598618354,-0.1677101701184421
68703036,45.5126276,-122.5994014,2724.7293981576877,2.25,Y,0.0936503334299797,gray,0,0.0765695067140217,0.5220205316747579,-0.3410814926931124,-0.1677101701184421
68704525,49.16862117,-123.1446283,3919.097148037536,2.5,Y,0.017523700086182127,melanic,1,0.3720555586881608,0.5605392329782671,-0.7010307185529192,-0.1677101701184421
68708231,48.43591476,-123.326084,4161.07080078125,3.75,Y,0.0022857142857142802,melanic,1,0.4319197331337569,0.7531327394958136,-0.7730804198416996,-0.1677101701184421
68712104,37.46284009,-122.2516773,301.9458312988281,6.25,Y,0.015168860904407555,gray,0,-0.5228260739444192,1.1383197525309066,-0.7121650943064892,-0.1677101701184421
68712666,48.42296094,-123.3590778,4161.07080078125,3.5,Y,0.01056648077487525,gray,0,0.4319197331337569,0.7146140381923043,-0.7339265080453078,-0.1677101701184421
68736579,48.41456667,-123.3640133,4161.07080078125,3.5,Y,0.03970452446906741,melanic,1,0.4319197331337569,0.7146140381923043,-0.5961532241089542,-0.1677101701184421
68737695,37.733905,-122.4522783,7742.720214843749,7.25,Y,0.035122786978869225,gray,0,1.3180182107787561,1.2923945577449438,-0.6178170333469344,-0.1677101701184421
68742435,48.49469444,-123.3142611,2121.60400390625,3.5,Y,0.11840490797546013,gray,0,-0.07264344851742327,0.7146140381923043,-0.2240345466670862,-0.1677101701184421
68750860,36.98532847,-122.0149108,2321.5029296875,5.5,Y,0.02604464796794504,gray,0,-0.023188542874739006,1.0227636486203786,-0.6607411581334945,-0.1677101701184421
68755392,48.45450534,-123.3267018,3203.960145381355,3.75,Y,0.029748283752860403,gray,0,0.1951309811811474,0.7531327394958136,-0.6432292733293101,-0.1677101701184421
68755398,48.45450534,-123.3267018,3203.960145381355,3.75,Y,0.031347962382445145,gray,0,0.1951309811811474,0.7531327394958136,-0.6356655198956978,-0.1677101701184421
68755405,48.45450534,-123.3267018,3203.960145381355,3.75,Y,0.02942857142857143,gray,0,0.1951309811811474,0.7531327394958136,-0.6447409677070969,-0.1677101701184421
68769631,47.17278435,-122.2752873,1167.0943603515625,1.25,Y,0.22894661718526976,gray,0,-0.30878871129230195,0.36794572646072066,0.2986393311543175,-0.1677101701184421
68771271,38.61674009,-121.5056061,2024.77392578125,5.75,Y,0,gray,0,-0.09659916693026724,1.061282349923888,-0.7838879526530346,-0.1677101701184421
68773316,38.55185753,-121.7828267,2115.422119140625,4.75,Y,0,gray,0,-0.0741728440686154,0.9072075447098508,-0.7838879526530346,-0.1677101701184421
68774183,37.32839333,-121.9065867,3701.12939453125,6.25,Y,0,gray,0,0.3181304330744426,1.1383197525309066,-0.7838879526530346,-0.1677101701184421
68777555,47.67288003,-122.3199301,3873.768911724475,3.25,Y,0.010282776349614386,gray,0,0.360841373113873,0.676095336888795,-0.735267946432376,-0.1677101701184421
68778385,45.19905758,-123.2006869,475.3979387246505,2.25,Y,0.0048654836863194,gray,0,-0.4799140994415858,0.5220205316747579,-0.7608825075230107,-0.1677101701184421
68778390,45.19937607,-123.1994646,488.71073487060966,2.25,Y,0.01314661331809088,gray,0,-0.4766205195753329,0.5220205316747579,-0.7217268786810094,-0.1677101701184421
68780224,49.2501243,-123.0824216,5889.296011351441,2.5,Y,0,gray,0,0.8594818842760105,0.5605392329782671,-0.7838879526530346,-0.1677101701184421
68780312,49.2501243,-123.0824216,5889.296011351441,2.5,Y,0,melanic,1,0.8594818842760105,0.5605392329782671,-0.7838879526530346,-0.1677101701184421
68780671,49.2501243,-123.0824216,5889.296011351441,2.5,Y,0,gray,0,0.8594818842760105,0.5605392329782671,-0.7838879526530346,-0.1677101701184421
68780762,49.2501243,-123.0824216,5889.296011351441,2.5,Y,0,melanic,1,0.8594818842760105,0.5605392329782671,-0.7838879526530346,-0.1677101701184421
68781021,49.2501243,-123.0824216,5889.296011351441,2.5,Y,0,melanic,1,0.8594818842760105,0.5605392329782671,-0.7838879526530346,-0.1677101701184421
68782398,48.4499658,-123.4332311,3393.407958984375,2.75,Y,0.0558397271952259,gray,0,0.24200028630289108,0.5990579342817764,-0.5198612159737359,-0.1677101701184421
68784948,37.77144633,-122.4647858,6888.411132812499,7.5,Y,0.11944604731679168,gray,0,1.1066625225156899,1.3309132590484531,-0.2191117320953183,-0.1677101701184421
68787173,38.01029155,-122.5162424,1950.1148681640627,6,Y,0.23200233168172543,gray,0,-0.11506978469571823,1.0998010512273972,0.3130876525779185,-0.1677101701184421
68818465,48.46514957,-123.3738584,4161.07080078125,3.5,Y,0.033767772511848336,melanic,1,0.4319197331337569,0.7146140381923043,-0.6242239422960052,-0.1677101701184421
68825116,37.37310333,-122.1194833,996.9530029296876,5.5,Y,0.02003434459072696,gray,0,-0.3508816077114897,1.0227636486203786,-0.6891596491764653,-0.1677101701184421
68830831,48.44581545,-123.4061249,3393.4079589843745,3,Y,0.07603614833281395,gray,0,0.24200028630289097,0.6375766355852857,-0.4243665666729763,-0.1677101701184421
68833600,37.76709667,-122.47013,6888.411132812501,7.5,Y,0.12190864125691009,gray,0,1.1066625225156903,1.3309132590484531,-0.20746785999145764,-0.1677101701184421
68833612,37.76826167,-122.4703617,6888.411132812501,7.5,Y,0.125725900116144,gray,0,1.1066625225156903,1.3309132590484531,-0.1894187317043509,-0.1677101701184421
68839337,44.93045833,-123.0351028,1317.072021484375,2.25,Y,0,gray,0,-0.2716843043984385,0.5220205316747579,-0.7838879526530346,-0.1677101701184421
68842893,51.03128581,-114.1026423,2901.3850479802345,-11.5,Y,0,melanic,1,0.12027403618598839,-1.5965080400182536,-0.7838879526530346,-0.1677101701184421
68844829,49.1714918,-123.9768952,1413.3422007327174,1.5,Y,0.12833914053426249,gray,0,-0.24786710471953133,0.40646442776423,-0.17706255852066,-0.1677101701184421
68868895,37.76960833,-122.4764417,6888.4111328125,7.5,Y,0.15600350569675725,gray,0,1.1066625225156899,1.3309132590484531,-0.046257262308853866,-0.1677101701184421
68870171,37.29197571,-121.9667235,2687.708433257541,6,Y,0,gray,0,0.06741053640548983,1.0998010512273972,-0.7838879526530346,-0.1677101701184421
68870482,37.29199772,-121.966734,2688.905952504633,6,Y,0,gray,0,0.06770680213647758,1.0998010512273972,-0.7838879526530346,-0.1677101701184421
68873132,49.20896431,-123.9745709,1156.1183502255749,1.5,Y,0.17510347023241007,melanic,1,-0.31150417133288205,0.40646442776423,0.04405301605994702,-0.1677101701184421
68884487,49.0592978,-122.4728225,782.1036306231919,1,Y,0.01631835098768966,melanic,1,-0.40403524719845246,0.3294270251572114,-0.7067299653977624,-0.1677101701184421
68884618,37.43468,-122.1124195,1341.7759969554477,6,Y,0.0020497803806734985,melanic,1,-0.26557255181574563,1.0998010512273972,-0.7741959850879648,-0.1677101701184421
68887503,37.371125,-122.1153805,996.9530029296876,5.5,Y,0.01999428734647243,gray,0,-0.3508816077114897,1.0227636486203786,-0.6893490516684208,-0.1677101701184421
68889786,36.9961742,-122.0590506,646.2049929161902,5.25,Y,0.3413447782546495,gray,0,-0.43765650993662114,0.9842449473168694,0.8300910621441445,-0.1677101701184421
68890869,44.93778833,-123.0287083,1427.508454079281,2.25,Y,0,gray,0,-0.24436237992010287,0.5220205316747579,-0.7838879526530346,-0.1677101701184421
68893468,37.769925,-122.4707417,6888.4111328125,7.5,Y,0.13042212518195054,gray,0,1.1066625225156899,1.3309132590484531,-0.1672135913657994,-0.1677101701184421
68894419,51.04728889,-114.0386222,867.2033873957268,-11.5,Y,0.005538461538461536,melanic,1,-0.3829816050893068,-1.5965080400182536,-0.7577004693024921,-0.1677101701184421
68894432,51.04460833,-114.0389167,753.7519676767546,-11.5,Y,0.005538461538461537,melanic,1,-0.4110494360458882,-1.5965080400182536,-0.7577004693024921,-0.1677101701184421
68894438,51.04775,-114.0454556,1335.039728134033,-11,Y,0.003001200480192069,gray,0,-0.267239101736636,-1.519470637411235,-0.7696973896129414,-0.1677101701184421
68894476,51.04255,-114.0311583,549.3885198051162,-11.5,Y,0.005640864932623,melanic,1,-0.4616088624750496,-1.5965080400182536,-0.7572162757839457,-0.1677101701184421
68894486,51.04207778,-114.023725,498.01590415152094,-11.5,Y,0.006785137318255243,gray,0,-0.47431842481930475,-1.5965080400182536,-0.7518058176920847,-0.1677101701184421
68894506,51.05778333,-114.0497528,1779.12726929213,-11,Y,0,melanic,1,-0.15737204087459433,-1.519470637411235,-0.7838879526530346,-0.1677101701184421
68895861,37.33221389,-121.9680194,3702.757681072273,6,Y,0,gray,0,0.3185332704430319,1.0998010512273972,-0.7838879526530346,-0.1677101701184421
68896476,44.910825,-123.0398862,1299.9342175634245,2.25,Y,0,gray,0,-0.27592418949297326,0.5220205316747579,-0.7838879526530346,-0.1677101701184421
68897839,44.92742843,-123.0382305,1317.072021484375,2.25,Y,0.004061502756019719,gray,0,-0.2716843043984385,0.5220205316747579,-0.7646839670222175,-0.1677101701184421
68908589,37.35003412,-121.9390733,2802.7981431033627,6.25,Y,0,gray,0,0.09588367961336042,1.1383197525309066,-0.7838879526530346,-0.1677101701184421
68924075,48.427355,-123.322395,4161.07080078125,3.75,Y,0.00857632933104631,gray,0,0.4319197331337569,0.7531327394958136,-0.7433365323703669,-0.1677101701184421
68928389,44.93613333,-123.0319361,1320.926010610993,2.25,Y,0,gray,0,-0.2707308291966088,0.5220205316747579,-0.7838879526530346,-0.1677101701184421
68929240,49.07275904,-122.3039525,1942.9838791229308,1.25,Y,0.07608695652173914,melanic,1,-0.11683398822402588,0.36794572646072066,-0.42412633053658544,-0.1677101701184421
68929242,49.03753482,-122.3259252,1203.8707878453793,1.25,Y,0.02084523129640205,gray,0,-0.2996902394297167,0.36794572646072066,-0.685325537129902,-0.1677101701184421
68929335,45.47798471,-122.5691398,2364.949083427663,3.25,Y,0,gray,0,-0.012439983694843445,0.676095336888795,-0.7838879526530346,-0.1677101701184421
68933549,37.76787846,-122.4774245,6888.4111328125,7.5,Y,0.1646680315881837,gray,0,1.1066625225156899,1.3309132590484531,-0.005288822617368381,-0.1677101701184421
68934980,48.46444444,-123.3122222,2121.60400390625,3.5,Y,0.14110254213081977,gray,0,-0.07264344851742327,0.7146140381923043,-0.11671342284733092,-0.1677101701184421
68964861,45.47792778,-122.5688639,2363.253802771667,3.25,Y,0,gray,0,-0.012859395377785174,0.676095336888795,-0.7838879526530346,-0.1677101701184421
68964966,47.68523,-122.3369833,3712.344970703125,3.25,Y,0.0058097312999273775,gray,0,0.32090516164859906,0.676095336888795,-0.756417825681595,-0.1677101701184421
68965271,45.55915,-122.8426133,1616.3843379520104,2.25,Y,0.00257584430452203,gray,0,-0.19763456996015275,0.5220205316747579,-0.7717085993489042,-0.1677101701184421
68975813,37.33809667,-121.9398717,3658.668467785811,6.25,Y,0,melanic,1,0.30762561861638726,1.1383197525309066,-0.7838879526530346,-0.1677101701184421
68981617,37.28009167,-122.2853383,16.217158422952732,5.5,Y,0.8976041072447234,gray,0,-0.593515220978401,1.0227636486203786,3.4602496026253786,-0.1677101701184421
68985140,37.43162638,-122.0872114,2339.613764593331,6,Y,0,gray,0,-0.018707930345794092,1.0998010512273972,-0.7838879526530346,-0.1677101701184421
68989702,48.4625,-123.3211111,2404.5113337430134,3.5,Y,0.07367218732153055,gray,0,-0.0026523005008928886,0.7146140381923043,-0.43554407313292215,-0.1677101701184421
68992977,44.93008889,-123.0351861,1317.072021484375,2.25,Y,0,gray,0,-0.2716843043984385,0.5220205316747579,-0.7838879526530346,-0.1677101701184421
69014671,37.356105,-122.0213388,4091.74267578125,6.25,Y,0,gray,0,0.41476798573511825,1.1383197525309066,-0.7838879526530346,-0.1677101701184421
69016477,45.57293302,-122.6118828,1926.207763671875,3,Y,0,gray,0,-0.12098439175140974,0.6375766355852857,-0.7838879526530346,-0.1677101701184421
69019082,48.46042097,-123.3069628,2121.60400390625,3.5,Y,0.14791666666666667,gray,0,-0.07264344851742327,0.7146140381923043,-0.08449422775284243,-0.1677101701184421
69025828,48.41422591,-123.3634424,4161.07080078125,3.5,Y,0.03975346687211094,melanic,1,0.4319197331337569,0.7146140381923043,-0.5959218099597474,-0.1677101701184421
69026209,49.16761422,-123.1440595,4094.497753961782,2.5,Y,0.01749354746200172,gray,0,0.41544959085592587,0.5605392329782671,-0.7011732890733094,-0.1677101701184421
69028153,45.5108941,-122.8102405,2685.77250612121,2.5,Y,0,gray,0,0.06693158888996827,0.5605392329782671,-0.7838879526530346,-0.1677101701184421
69030259,51.03128581,-114.1026423,2901.3850479802345,-11.5,Y,0,gray,0,0.12027403618598839,-1.5965080400182536,-0.7838879526530346,-0.1677101701184421
69030290,51.03128581,-114.1026423,2901.3850479802345,-11.5,Y,0,gray,0,0.12027403618598839,-1.5965080400182536,-0.7838879526530346,-0.1677101701184421
69030490,51.03128581,-114.1026423,2901.3850479802345,-11.5,Y,0,melanic,1,0.12027403618598839,-1.5965080400182536,-0.7838879526530346,-0.1677101701184421
69030934,51.03128581,-114.1026423,2901.3850479802345,-11.5,Y,0,melanic,1,0.12027403618598839,-1.5965080400182536,-0.7838879526530346,-0.1677101701184421
69037764,51.03128581,-114.1026423,2901.3850479802345,-11.5,Y,0,melanic,1,0.12027403618598839,-1.5965080400182536,-0.7838879526530346,-0.1677101701184421
69039376,37.75439287,-122.4431027,7453.490715432525,7.25,Y,0.011441647597254,gray,0,1.2464629608115019,1.2923945577449438,-0.7297884606054483,-0.1677101701184421
69039813,37.34298611,-122.0483389,2495.0093056031633,6,Y,0,gray,0,0.0197368576284291,1.0998010512273972,-0.7838879526530346,-0.1677101701184421
69042209,47.66743333,-117.4040967,1873.8059565359397,-2,Y,0,gray,0,-0.13394857561225618,-0.13279739048490022,-0.7838879526530346,-0.1677101701184421
69042244,47.663395,-117.4043117,1771.6967703168448,-2,Y,0,gray,0,-0.15921034302786813,-0.13279739048490022,-0.7838879526530346,-0.1677101701184421
69058515,47.58270371,-122.1261227,1485.2313507303331,2.25,Y,0.08532031025567366,gray,0,-0.23008176087153384,0.5220205316747579,-0.3804683046573906,-0.1677101701184421
69059684,37.36472599,-121.9347284,1943.0110725209672,6.25,Y,0,gray,0,-0.11682726058940385,1.1383197525309066,-0.7838879526530346,-0.1677101701184421
69067731,48.46718833,-123.3103783,2121.60400390625,3.5,Y,0.1358695652173913,gray,0,-0.07264344851742327,0.7146140381923043,-0.1414564845879469,-0.1677101701184421
69070924,37.773155,-122.4554533,6888.411132812499,7.25,Y,0.06403659233847914,melanic,1,1.1066625225156899,1.2923945577449438,-0.4811040145424496,-0.1677101701184421
69075412,37.52956663,-122.2483924,2352.2392578125,6.25,Y,0,gray,0,-0.015584388919015072,1.1383197525309066,-0.7838879526530346,-0.1677101701184421
69075415,37.52955341,-122.2483587,2352.2392578125,6.25,Y,0,gray,0,-0.015584388919015072,1.1383197525309066,-0.7838879526530346,-0.1677101701184421
69076364,48.46472222,-123.3105556,2121.60400390625,3.5,Y,0.15037164093767869,gray,0,-0.07264344851742327,0.7146140381923043,-0.07288638369692878,-0.1677101701184421
69077065,48.49029112,-123.3603654,1876.5025634765625,3.5,Y,0.2033701336432307,gray,0,-0.1332814362502876,0.7146140381923043,0.17770615643218685,-0.1677101701184421
69078177,51.04320833,-114.0198083,523.1696959428709,-11.5,Y,0.006119162640901761,gray,0,-0.46809538787833477,-1.5965080400182536,-0.7549547428320292,-0.1677101701184421
69080977,37.34232898,-121.9031596,3701.1293945312495,6.25,Y,0,melanic,1,0.3181304330744425,1.1383197525309066,-0.7838879526530346,-0.1677101701184421
69093526,37.3433731,-122.0655824,2364.34130859375,6,Y,0,gray,0,-0.012590346919386526,1.0998010512273972,-0.7838879526530346,-0.1677101701184421
69096108,49.20581018,-123.9823771,1200.6763448236754,1.5,Y,0.03187823090178059,gray,0,-0.3004805432175028,0.40646442776423,-0.6331582535862759,-0.1677101701184421
69096136,48.45450534,-123.3267018,3203.960145381355,3.75,Y,0.03168712532115329,gray,0,0.1951309811811474,0.7531327394958136,-0.634061857263239,-0.1677101701184421
69096151,48.45450534,-123.3267018,3203.960145381355,3.75,Y,0.031116186126177562,gray,0,0.1951309811811474,0.7531327394958136,-0.6367614265495416,-0.1677101701184421
69099362,44.98263667,-122.9666283,106.43804931640624,2.25,Y,0,gray,0,-0.5711946125574369,0.5220205316747579,-0.7838879526530346,-0.1677101701184421
69113818,49.2263613,-123.0162971,6420.994756118198,2,Y,0.20194786594099112,gray,0,0.9910239180813769,0.48350183037124855,0.17098125430661223,-0.1677101701184421
69121684,37.47294667,-122.224165,1402.3330544826736,6.25,Y,0,gray,0,-0.2505907626225169,1.1383197525309066,-0.7838879526530346,-0.1677101701184421
69126520,37.76546989,-122.4762674,6888.4111328125,7.5,Y,0.1421037210665104,gray,0,1.1066625225156899,1.3309132590484531,-0.11197955288592736,-0.1677101701184421
69128420,37.45411785,-121.8584524,16.768763587212824,5.25,Y,0.02734147760325771,gray,0,-0.5933787541052356,0.9842449473168694,-0.654609364268465,-0.1677101701184421
69156247,51.03128581,-114.1026423,2901.3850479802345,-11.5,Y,0,gray,0,0.12027403618598839,-1.5965080400182536,-0.7838879526530346,-0.1677101701184421
69158850,51.01619897,-114.0918366,2873.74853515625,-11.5,Y,0.012041284403669719,melanic,1,0.11343677516189146,-1.5965080400182536,-0.7269532005291012,-0.1677101701184421
69160697,51.02956442,-114.0057523,464.8547973632813,-11.5,Y,0.014161570646926294,melanic,1,-0.48252246794164755,-1.5965080400182536,-0.7169278604038559,-0.1677101701184421
69163940,49.2217244,-122.6076743,2080.85888671875,1,Y,0.02284408909194745,gray,0,-0.08272377245129471,0.3294270251572114,-0.6758743466002866,-0.1677101701184421
69171041,47.53668391,-122.3940569,2968.30459259945,3.25,Y,0.15347334410339258,gray,0,0.1368299018659086,0.676095336888795,-0.058220614250596193,-0.1677101701184421
69176715,49.30461389,-123.0031278,1431.4222412109375,2,Y,0.1894548704200179,gray,0,-0.24339411071832917,0.48350183037124855,0.11191067849202155,-0.1677101701184421
69178024,48.45210263,-123.4814519,972.6738623287972,2.5,Y,0.2367066895368782,gray,0,-0.3568882563355871,0.5605392329782671,0.3353312471485919,-0.1677101701184421
69183140,37.16052217,-122.1374888,126.00077881204376,4.75,Y,0.4928530588907947,gray,0,-0.5663548019504564,0.9072075447098508,1.546466999590932,-0.1677101701184421
69184211,49.25741833,-122.818795,3024.273335359552,1.5,Y,0.5577918343875791,gray,0,0.15067654401930097,0.40646442776423,1.853516726363799,-0.1677101701184421
69215260,49.20679361,-123.9771134,1203.1229983392734,1.5,Y,0.06992574257425742,melanic,1,-0.2998752422221055,0.40646442776423,-0.4532583713656756,-0.1677101701184421
69215733,49.20844667,-123.9723837,1183.2124703287725,1.5,Y,0.1691252144082333,gray,0,-0.30480109802751826,0.40646442776423,0.01578605532117118,-0.1677101701184421
69218596,49.28323,-122.8031833,1606.61165709642,1.5,Y,0.06664759725400457,gray,0,-0.20005232687255442,0.40646442776423,-0.46875841147584424,-0.1677101701184421
69223793,37.76806333,-122.4676883,6888.4111328125,7.5,Y,0.1154962275101567,gray,0,1.1066625225156899,1.3309132590484531,-0.23778764772741065,-0.1677101701184421
69227040,37.77086727,-122.4872515,6888.4111328125,7.5,Y,0.17390037867754152,gray,0,1.1066625225156899,1.3309132590484531,0.038364443548698675,-0.1677101701184421
69231992,45.48646667,-122.8904417,2645.2201695225963,2.25,Y,8.583690987124463e-4,gray,0,0.05689895878834656,0.5220205316747579,-0.7798293298161598,-0.1677101701184421
69235952,44.93673611,-123.0303639,1359.6413243585826,2.25,Y,0,gray,0,-0.2611526777341583,0.5220205316747579,-0.7838879526530346,-0.1677101701184421
69240405,44.96224314,-123.079817,687.4729076915033,2.25,Y,0.0853554096488724,melanic,1,-0.4274468461112297,0.5220205316747579,-0.38030234435079235,-0.1677101701184421
69245710,44.9365946,-123.0287128,1409.5156715605076,2.25,Y,0,gray,0,-0.24881378634081078,0.5220205316747579,-0.7838879526530346,-0.1677101701184421
69247455,37.35003412,-121.9390733,2802.7981431033627,6.25,Y,0,gray,0,0.09588367961336042,1.1383197525309066,-0.7838879526530346,-0.1677101701184421
69264826,45.56534041,-122.8459498,1613.0933837890625,2.25,Y,0.03112507138777841,gray,0,-0.19844875056150868,0.5220205316747579,-0.6367194144061654,-0.1677101701184421
69270628,44.93745517,-123.0319672,1329.2041304394202,2.25,Y,0,gray,0,-0.2686828260199349,0.5220205316747579,-0.7838879526530346,-0.1677101701184421
69272323,44.93758333,-123.0313556,1343.316607460024,2.25,Y,0,gray,0,-0.26519140545971503,0.5220205316747579,-0.7838879526530346,-0.1677101701184421
69279118,37.55668697,-122.2645379,2885.456934682078,6.75,Y,0,gray,0,0.11633342801539563,1.2153571551379252,-0.7838879526530346,-0.1677101701184421
69282213,48.47304706,-123.37635,3244.535866625135,2.75,Y,0.053751077895947116,gray,0,0.2051693966336192,0.5990579342817764,-0.5297369672758165,-0.1677101701184421
69282225,37.9590096,-122.5392616,1906.6349522842336,6.25,Y,0.03769274700171331,gray,0,-0.12582669661400372,1.1383197525309066,-0.6056655026660004,-0.1677101701184421
69284471,48.47922143,-123.359815,2797.653218618769,3.5,Y,0.04403992953611274,gray,0,0.09461082757611262,0.7146140381923043,-0.5756541473847266,-0.1677101701184421
69288805,49.30652167,-123.0062945,1431.4222412109375,2,Y,0.22392310430758278,gray,0,-0.24339411071832917,0.48350183037124855,0.27488667729329497,-0.1677101701184421
69294006,45.43837532,-122.6295555,1738.790771484375,3.25,Y,0.007165376898824875,gray,0,-0.16735127255501778,0.676095336888795,-0.7500079325544459,-0.1677101701184421
69294406,48.46694444,-123.31,2121.60400390625,3.5,Y,0.14032073310423826,gray,0,-0.07264344851742327,0.7146140381923043,-0.12041004703163358,-0.1677101701184421
69294977,48.45450534,-123.3267018,3203.960145381355,3.75,Y,0.030821917808219173,gray,0,0.1951309811811474,0.7531327394958136,-0.6381528141440229,-0.1677101701184421
69296659,48.325691,-123.639641,4.924274444580078,1.75,Y,0.8928715263793797,melanic,1,-0.5963090754696221,0.4449831290677393,3.4378725613196606,-0.1677101701184421
69315215,47.67481219,-117.2913056,519.6238843795853,-2,Y,0,gray,0,-0.46897262008758095,-0.13279739048490022,-0.7838879526530346,-0.1677101701184421
69324537,37.26839033,-121.978959,2385.208984375,6,Y,0,gray,0,-0.0074276931797002165,1.0998010512273972,-0.7838879526530346,-0.1677101701184421
69325633,44.93704358,-123.0312408,1340.7153430846497,2.25,Y,0,gray,0,-0.2658349571132972,0.5220205316747579,-0.7838879526530346,-0.1677101701184421
69331498,37.61693,-122.4139717,2043.0989990234375,7,Y,0.028824200913242,gray,0,-0.09206555193185854,1.2538758564414345,-0.6475986101584958,-0.1677101701184421
69355201,37.97818262,-122.5989536,412.8783702685326,5.5,Y,0.4697315819531696,melanic,1,-0.4953814129688337,1.0227636486203786,1.437141821806597,-0.1677101701184421
69373353,49.22721333,-123.0212388,6565.0808664359,2,Y,0.20229555236728838,melanic,1,1.0266707579147292,0.48350183037124855,0.1726252185079775,-0.1677101701184421
69376749,33.551875,-101.8709333,1987.6000976562505,-0.75,Y,0,gray,0,-0.1057959555328784,0.05979611603264629,-0.7838879526530346,-0.1677101701184421
69386042,44.92773108,-123.035522,1317.072021484375,2.25,Y,0,gray,0,-0.2716843043984385,0.5220205316747579,-0.7838879526530346,-0.1677101701184421
69389171,37.41024758,-122.2618015,531.9411399789226,5.5,Y,0.6089321500143143,melanic,1,-0.46592533651133683,1.0227636486203786,2.09532325597791,-0.1677101701184421
69399176,49.23755127,-122.9663366,3785.9663805976575,2,Y,0.13546325878594248,melanic,1,0.3391190658273528,0.48350183037124855,-0.14337762150203295,-0.1677101701184421
69429424,44.93689428,-123.0431529,1302.7956609709136,2.25,Y,0.019001610305958132,gray,0,-0.2752162696621578,0.5220205316747579,-0.6940427221562283,-0.1677101701184421
69442556,47.67689435,-122.3466728,3659.359715629189,3.25,Y,0.046339563862928354,gray,0,0.30779663302647653,0.676095336888795,-0.5647807965042314,-0.1677101701184421
69444682,45.48040792,-122.6279859,2375.0797622830537,3.25,Y,0.012893982808022914,gray,0,-0.009933658235956584,0.676095336888795,-0.7229213904114423,-0.1677101701184421
69462302,49.21031004,-123.9806386,1088.9135249837516,1.5,Y,0.1876976142569704,melanic,1,-0.32813061531239845,0.40646442776423,0.10360185189949683,-0.1677101701184421
69467793,37.57787,-122.34809,1585.106201171875,6.5,Y,0,gray,0,-0.2053727671370265,1.1768384538344159,-0.7838879526530346,-0.1677101701184421
69476953,37.76739841,-122.4673658,6888.4111328125,7.5,Y,0.11120789779326365,gray,0,1.1066625225156899,1.3309132590484531,-0.25806413828041136,-0.1677101701184421
69490232,48.4645309,-123.3132515,2121.60400390625,3.5,Y,0.13211323991993135,gray,0,-0.07264344851742327,0.7146140381923043,-0.15921750098272328,-0.1677101701184421
69515255,49.8582,-119.55838,885.8121833984678,-4,Y,0.08483290488431877,melanic,1,-0.37837779720568365,-0.4409470009129746,-0.3827729013326014,-0.1677101701184421
69526304,51.04211,-114.019515,484.31230255376903,-11.5,Y,0.006127055788455335,gray,0,-0.4777086897811254,-1.5965080400182536,-0.7549174216971424,-0.1677101701184421
69548969,37.93073508,-121.3970502,76.22540771286513,4,Y,0,gray,0,-0.5786692066998508,0.7916514407993229,-0.7838879526530346,-0.1677101701184421
69567480,49.20426377,-123.9763688,1280.7718444781094,1.5,Y,0.02739284563325814,melanic,1,-0.2806649521014788,0.40646442776423,-0.6543664810379786,-0.1677101701184421
69568649,33.5554571,-101.866481,1982.3941232680456,-0.75,Y,0,gray,0,-0.10708391128922219,0.05979611603264629,-0.7838879526530346,-0.1677101701184421
69574674,37.32225,-121.8587033,4245.331414518563,6,Y,0,melanic,1,0.4527657716278985,1.0998010512273972,-0.7838879526530346,-0.1677101701184421
69575533,37.32126548,-121.8593952,4162.202636004848,6,Y,0,melanic,1,0.4321997486664434,1.0998010512273972,-0.7838879526530346,-0.1677101701184421
69585220,37.32446118,-121.861731,4516.744161808382,6,Y,0,gray,0,0.5199131650167365,1.0998010512273972,-0.7838879526530346,-0.1677101701184421
69590980,49.17105032,-123.0934502,589.9689192046754,2.5,Y,0.456,melanic,1,-0.45156928964891146,0.5605392329782671,1.3722148432082903,-0.1677101701184421
69597561,47.47215333,-122.1189583,438.6041227703825,2.25,Y,0.21265025758443043,gray,0,-0.4890168732015801,0.5220205316747579,0.22158532567683673,-0.1677101701184421
69599526,37.32245,-121.8623967,4341.573933273385,6,Y,0,gray,0,0.4765761281129678,1.0998010512273972,-0.7838879526530346,-0.1677101701184421
69632253,48.47427976,-123.3691992,3274.5087409686585,3.5,Y,0.0597997138769671,gray,0,0.21258467246217003,0.7146140381923043,-0.5011372283507626,-0.1677101701184421
69632254,48.47427976,-123.3691992,3274.5087409686585,3.5,Y,0.05983395362152878,melanic,1,0.21258467246217003,0.7146140381923043,-0.5009753327170366,-0.1677101701184421
69639281,31.69783566,-106.3331004,1578.4443831106844,1,Y,0,gray,0,-0.20702089797283418,0.3294270251572114,-0.7838879526530346,-0.1677101701184421
69643690,44.9374953,-123.032555,1320.340314897492,2.25,Y,0,gray,0,-0.27087573005654747,0.5220205316747579,-0.7838879526530346,-0.1677101701184421
69648992,36.96640339,-122.0296915,1093.3690559274823,5.5,Y,0,gray,0,-0.3270283189316195,1.0227636486203786,-0.7838879526530346,-0.1677101701184421
69664482,37.77045995,-122.4775566,6888.4111328125,7.5,Y,0.1682297772567409,gray,0,1.1066625225156899,1.3309132590484531,0.011552163773252614,-0.1677101701184421
69673712,49.2501243,-123.0824216,5889.296011351441,2.5,Y,0,melanic,1,0.8594818842760105,0.5605392329782671,-0.7838879526530346,-0.1677101701184421
69684124,48.41374167,-123.36538,4161.07080078125,3.5,Y,0.04189671971419292,gray,0,0.4319197331337569,0.7146140381923043,-0.5857878769662151,-0.1677101701184421
69691005,49.30258179,-123.0270386,1453.0598825615418,2,Y,0.02428026361429067,melanic,1,-0.23804096783803486,0.48350183037124855,-0.6690836889183369,-0.1677101701184421
69691032,49.31441498,-122.9968338,1333.9038740325334,2,Y,0.30155470812555,gray,0,-0.26752011153793426,0.48350183037124855,0.6419518484317113,-0.1677101701184421
69691431,37.39660333,-122.0678472,2839.4979093817933,6.25,Y,0,gray,0,0.10496318552523556,1.1383197525309066,-0.7838879526530346,-0.1677101701184421
69691452,37.39693,-122.0683528,2878.404353574963,6.25,Y,0,gray,0,0.11458862257521316,1.1383197525309066,-0.7838879526530346,-0.1677101701184421
69708353,37.32236081,-121.858145,4244.588505061215,6,Y,0,gray,0,0.4525819761574095,1.0998010512273972,-0.7838879526530346,-0.1677101701184421
69722862,51.042775,-114.0221917,516.7994152550218,-11.5,Y,0.006150857882809968,melanic,1,-0.46967139249718776,-1.5965080400182536,-0.7548048783590164,-0.1677101701184421
69722866,51.04211,-114.019515,484.31230255376903,-11.5,Y,0.0061488673139158505,melanic,1,-0.4777086897811254,-1.5965080400182536,-0.75481429035717,-0.1677101701184421
69742123,49.01532803,-122.4637404,56.117001668733614,1,Y,0.20126509488211614,gray,0,-0.5836440174430838,0.3294270251572114,0.1677529109097404,-0.1677101701184421
69742160,37.39087377,-122.069421,2506.574525283422,6.25,Y,0,gray,0,0.02259808785159705,1.1383197525309066,-0.7838879526530346,-0.1677101701184421
69743685,50.97715448,-114.0300328,2091.8940358519953,-11.5,Y,0.02863961813842482,melanic,1,-0.0799936814465296,-1.5965080400182536,-0.648471372081415,-0.1677101701184421
69743687,50.97860775,-114.0308771,2103.932339552761,-11.5,Y,0.02860061287027579,melanic,1,-0.0770154104463601,-1.5965080400182536,-0.6486558005193744,-0.1677101701184421
69769139,49.2501243,-123.0824216,5889.296011351441,2.5,Y,0,melanic,1,0.8594818842760105,0.5605392329782671,-0.7838879526530346,-0.1677101701184421
69769657,38.57499656,-121.4624403,3059.8826895843094,6,Y,0,gray,0,0.15948628247237012,1.0998010512273972,-0.7838879526530346,-0.1677101701184421
69769800,51.04211,-114.019515,484.31230255376903,-11.5,Y,0.006154842889536761,gray,0,-0.4777086897811254,-1.5965080400182536,-0.7547860360692245,-0.1677101701184421
69769812,51.04345,-114.0182833,525.9256374762082,-11.5,Y,0.006101477199743089,melanic,1,-0.4674135691644259,-1.5965080400182536,-0.7550383648257315,-0.1677101701184421
69773767,48.46445,-123.3121717,2121.60400390625,3.5,Y,0.14253070551271066,gray,0,-0.07264344851742327,0.7146140381923043,-0.10996064420557278,-0.1677101701184421
69781551,45.48127519,-122.8103558,2799.825439453125,3.25,Y,0,gray,0,0.0951482340477997,0.676095336888795,-0.7838879526530346,-0.1677101701184421
69789361,33.59657695,-101.836455,731.19976806640625,-1,Y,0,gray,0,-0.4166288402343092,0.02127741472913699,-0.7838879526530346,-0.1677101701184421
69800724,45.5219468,-123.1012006,1164.430883090152,2.25,Y,0,gray,0,-0.30944765438631655,0.5220205316747579,-0.7838879526530346,-0.1677101701184421
69813318,47.47218,-122.1188362,438.59683291877286,2.25,Y,0.21534936998854526,gray,0,-0.48901867670763743,0.5220205316747579,0.2343475269945033,-0.1677101701184421
69817038,37.4281558,-122.128371,2532.3691802070193,6,Y,0,melanic,1,0.028979674047453195,1.0998010512273972,-0.7838879526530346,-0.1677101701184421
69817041,33.5399652,-101.8952096,1904.7979150650615,-1,Y,0,gray,0,-0.1262811788078484,0.02127741472913699,-0.7838879526530346,-0.1677101701184421
69817150,51.04211,-114.019515,484.31230255376903,-11.5,Y,0.006152849740932634,melanic,1,-0.4777086897811254,-1.5965080400182536,-0.7547954602650094,-0.1677101701184421
69820504,44.93717,-123.0324333,1320.163271805684,2.25,Y,0,gray,0,-0.27091953043899486,0.5220205316747579,-0.7838879526530346,-0.1677101701184421
69829778,37.34342423,-122.0421906,3000.5306874246003,6,Y,0,gray,0,0.14480262344298211,1.0998010512273972,-0.7838879526530346,-0.1677101701184421
69829780,37.3433411,-122.0414459,3066.4405740136267,6.25,Y,0,gray,0,0.16110870017371592,1.1383197525309066,-0.7838879526530346,-0.1677101701184421
69829789,37.3434909,-122.0420793,3012.640619582623,6,Y,0,gray,0,0.14779861529173122,1.0998010512273972,-0.7838879526530346,-0.1677101701184421
69830585,45.45737833,-122.7915417,2799.825439453125,3.25,Y,0,gray,0,0.0951482340477997,0.676095336888795,-0.7838879526530346,-0.1677101701184421
69848316,51.03128581,-114.1026423,2901.3850479802345,-11.5,Y,0,melanic,1,0.12027403618598839,-1.5965080400182536,-0.7838879526530346,-0.1677101701184421
69864490,37.2617814,-122.3267618,14.140029229162495,5.5,Y,0.7239806102081551,gray,0,-0.5940291018203571,1.0227636486203786,2.639306384669753,-0.1677101701184421
69879496,48.44555439,-123.4059941,3393.407958984375,3,Y,0.07658779576587796,gray,0,0.24200028630289108,0.6375766355852857,-0.42175821453973283,-0.1677101701184421
69879603,44.936745,-123.0304028,1358.6768683657997,2.25,Y,0,gray,0,-0.26139128371932396,0.5220205316747579,-0.7838879526530346,-0.1677101701184421
69880469,49.0173374,-122.656393,146.84959325702548,1,Y,0.21353125892092492,gray,0,-0.5611968144970034,0.3294270251572114,0.2257509604241467,-0.1677101701184421
69884424,50.99333461,-114.1461755,1479.7864973571304,-12,Y,0.17054772056411938,melanic,1,-0.2314288151828945,-1.6735454426252723,0.02251208492607448,-0.1677101701184421
69888356,48.462325,-123.310495,2121.60400390625,3.5,Y,0.15024278777492145,gray,0,-0.07264344851742327,0.7146140381923043,-0.07349563954007889,-0.1677101701184421
69889456,45.48652,-122.8910833,2594.716765247851,2.25,Y,0.00227920227920227,gray,0,0.044404438953982675,0.5220205316747579,-0.7731112105334698,-0.1677101701184421
69889628,37.3282285,-122.0025732,3361.740571000354,6,Y,0,gray,0,0.23416578855069292,1.0998010512273972,-0.7838879526530346,-0.1677101701184421
69889830,44.93747167,-123.0321362,1326.3291815362063,2.25,Y,0,gray,0,-0.269394087104407,0.5220205316747579,-0.7838879526530346,-0.1677101701184421
69900545,48.99583455,-123.815991,265.5569774794919,0.5,Y,0.03911074516261836,gray,0,-0.5318286602517114,0.25238962255019276,-0.5989607881939529,-0.1677101701184421
69900554,48.99565775,-123.8157627,273.50452721482475,0.5,Y,0.0375877736472532,gray,0,-0.5298624399695596,0.25238962255019276,-0.6061618477165318,-0.1677101701184421
69901950,49.17086896,-123.9714864,1418.5916645320046,1.5,Y,0.13358556461001164,gray,0,-0.24656838970216036,0.40646442776423,-0.15225591462154392,-0.1677101701184421
69910657,37.66474144,-122.4182682,3118.1513671875,7.25,Y,0.01566951566951567,melanic,1,0.17390192748660696,1.2923945577449438,-0.7097978505810267,-0.1677101701184421
69932218,49.2058105,-123.9797403,1216.1473890017603,1.5,Y,0.040023717758671806,gray,0,-0.2966530137446418,0.40646442776423,-0.5946439838805854,-0.1677101701184421
69932356,49.20629175,-123.9789898,1206.6215730558524,1.5,Y,0.04971548367774783,gray,0,-0.29900969638779906,0.40646442776423,-0.5488184496811264,-0.1677101701184421
69932499,49.21068138,-123.9832619,1068.3045027321095,1.5,Y,0.18532374100719426,gray,0,-0.33322927828349547,0.40646442776423,0.09237747744585045,-0.1677101701184421
69943145,44.93744526,-123.0325446,1320.2135037331443,2.25,Y,0,gray,0,-0.27090710308240407,0.5220205316747579,-0.7838879526530346,-0.1677101701184421
69948173,48.45531001,-123.4014331,3409.9081344514734,3,Y,0.08704756206999702,gray,0,0.246082422400541,0.6375766355852857,-0.372301347495068,-0.1677101701184421
69948174,48.45710306,-123.4047375,3393.407958984375,3,Y,0.08529776674937965,gray,0,0.24200028630289108,0.6375766355852857,-0.38057489701912095,-0.1677101701184421
69955565,37.35003412,-121.9390733,2802.7981431033627,6.25,Y,0,gray,0,0.09588367961336042,1.1383197525309066,-0.7838879526530346,-0.1677101701184421
69959799,48.46461031,-123.3733024,4161.07080078125,3.5,Y,0.02729160486502521,gray,0,0.4319197331337569,0.7146140381923043,-0.654845177317457,-0.1677101701184421
69959806,48.46444962,-123.3749025,4161.07080078125,3.5,Y,0.02526753864447086,gray,0,0.4319197331337569,0.7146140381923043,-0.6644155607322502,-0.1677101701184421
69959864,37.47636932,-122.2235579,1351.31640475814,6.25,Y,0,gray,0,-0.26321225915368707,1.1383197525309066,-0.7838879526530346,-0.1677101701184421
69961430,45.49263665,-122.6693399,2023.5486243966757,2.5,Y,0.013584574934268179,gray,0,-0.09690230594975494,0.5605392329782671,-0.7196560666960975,-0.1677101701184421
69961447,45.49263665,-122.6693399,2023.5486243966757,2.5,Y,0.014860139860139855,gray,0,-0.09690230594975494,0.5605392329782671,-0.7136248186632587,-0.1677101701184421
69961459,45.49263665,-122.6693399,2023.5486243966757,2.5,Y,0.013566739606126909,gray,0,-0.09690230594975494,0.5605392329782671,-0.7197403973997608,-0.1677101701184421
69973141,51.03128581,-114.1026423,2901.3850479802345,-11.5,Y,0,melanic,1,0.12027403618598839,-1.5965080400182536,-0.7838879526530346,-0.1677101701184421
69994753,49.20993994,-123.9718802,1144.2744067726665,1.5,Y,0.23135818908122507,gray,0,-0.31443435769387257,0.40646442776423,0.31004195595100575,-0.1677101701184421
69996866,51.04211,-114.019515,484.31230255376903,-11.5,Y,0.006134969325153371,gray,0,-0.4777086897811254,-1.5965080400182536,-0.7548800041563534,-0.1677101701184421
69996867,51.04211,-114.019515,484.31230255376903,-11.5,Y,0.006152849740932641,melanic,1,-0.4777086897811254,-1.5965080400182536,-0.7547954602650094,-0.1677101701184421
69996876,51.0383,-114.0274103,464.8547973632813,-11.5,Y,0.005516395954642964,melanic,1,-0.48252246794164755,-1.5965080400182536,-0.7578048019054824,-0.1677101701184421
69996886,51.04015,-114.0192667,464.8547973632813,-11.5,Y,0.004563233376792692,gray,0,-0.48252246794164755,-1.5965080400182536,-0.7623116363331434,-0.1677101701184421
69996889,51.04320556,-114.0194861,521.6247754723864,-11.5,Y,0.0061231066709635735,gray,0,-0.4684776005180209,-1.5965080400182536,-0.754936094292022,-0.1677101701184421
69999925,48.45730486,-123.3593024,4161.07080078125,3.5,Y,0.05032885330283098,gray,0,0.4319197331337569,0.7146140381923043,-0.5459182567786303,-0.1677101701184421
70002373,49.27898411,-122.7760289,1744.4032621694248,1.25,Y,0.24293462746217528,gray,0,-0.16596274484700335,0.36794572646072066,0.3647787786687318,-0.1677101701184421
70009231,37.0401945,-122.0631417,321.18533140120496,5.25,Y,0.5972657362574765,gray,0,-0.5180662301460753,0.9842449473168694,2.0401610030858195,-0.1677101701184421
70009399,37.0401945,-122.0631417,321.18533140120496,5.25,Y,0.5943935926773455,gray,0,-0.5180662301460753,0.9842449473168694,2.026580659219075,-0.1677101701184421
70009525,37.03919717,-122.0631333,314.0171543066882,5.25,Y,0.6179326099371788,gray,0,-0.5198396339823087,0.9842449473168694,2.1378800910738,-0.1677101701184421
70009720,51.04211,-114.019515,484.31230255376903,-11.5,Y,0.006129032258064514,melanic,1,-0.4777086897811254,-1.5965080400182536,-0.7549080763645759,-0.1677101701184421
70015141,37.30017833,-121.9241467,3168.8259799410716,6,Y,0,gray,0,0.18643880422275255,1.0998010512273972,-0.7838879526530346,-0.1677101701184421
70037450,45.51399167,-122.6059883,2812.344238755362,2.25,Y,0.04091700522344748,gray,0,0.09824537944681665,0.5220205316747579,-0.5904202566869216,-0.1677101701184421
70041132,48.46148838,-123.3369872,3800.822570430141,3.5,Y,0.04001143183766791,gray,0,0.3427944806076166,0.7146140381923043,-0.594702075346871,-0.1677101701184421
70046824,48.44075394,-122.2994461,456.82093576008674,1.75,Y,0.01196922200056996,gray,0,-0.48451004174165463,0.4449831290677393,-0.7272939328729605,-0.1677101701184421
70052246,37.7677096,-122.4693109,6888.411132812499,7.5,Y,0.11742534067845753,gray,0,1.1066625225156899,1.3309132590484531,-0.22866623041226522,-0.1677101701184421
70052250,37.22861167,-121.98707,1096.8614501953125,5.25,Y,0.05291762013729975,gray,0,-0.32616430213759434,0.9842449473168694,-0.5336778019329479,-0.1677101701184421
70062127,48.44255124,-123.3000796,2121.60400390625,3.75,Y,0.04465290806754221,gray,0,-0.07264344851742327,0.7531327394958136,-0.5727558036886344,-0.1677101701184421
70063853,37.35727736,-122.0442107,3029.0097524224116,6,Y,0,gray,0,0.15184833150146304,1.0998010512273972,-0.7838879526530346,-0.1677101701184421
70064358,45.47077285,-122.6572698,1940.2543954476969,3.25,Y,0.02262611275964391,gray,0,-0.11750926127556624,0.676095336888795,-0.6769050031343025,-0.1677101701184421
70067601,44.93649163,-123.0330435,1317.072021484375,2.25,Y,0,gray,0,-0.2716843043984385,0.5220205316747579,-0.7838879526530346,-0.1677101701184421
70077205,44.93806333,-123.0288555,1426.3506665655966,2.25,Y,0,gray,0,-0.24464881603785466,0.5220205316747579,-0.7838879526530346,-0.1677101701184421
70104560,37.34335392,-122.0425034,2970.048181919408,6,Y,0,gray,0,0.13726126509090392,1.0998010512273972,-0.7838879526530346,-0.1677101701184421
70108195,45.48418,-122.8311917,2802.631742556228,3.25,Y,0,gray,0,0.09584251219174832,0.676095336888795,-0.7838879526530346,-0.1677101701184421
70108949,37.46721667,-122.1835333,1709.7027021066792,6.25,Y,0,gray,0,-0.17454764802717015,1.1383197525309066,-0.7838879526530346,-0.1677101701184421
70125695,49.23835667,-122.942695,3640.389340561939,2,Y,0.17760497667185068,gray,0,0.3031033706425465,0.48350183037124855,0.0558808779633308,-0.1677101701184421
70131211,48.45981259,-123.3494374,4161.07080078125,3.5,Y,0.06596230725299829,gray,0,0.4319197331337569,0.7146140381923043,-0.4719986651757246,-0.1677101701184421
70135642,44.9365946,-123.0287128,1409.5156715605076,2.25,Y,0,gray,0,-0.24881378634081078,0.5220205316747579,-0.7838879526530346,-0.1677101701184421
70150609,51.04135236,-114.0164084,464.8547973632813,-11.5,Y,0.0035679532922478032,melanic,1,-0.48252246794164755,-1.5965080400182536,-0.7670176147826002,-0.1677101701184421
70150623,51.04270866,-114.01443,484.9828586367089,-11.5,Y,0.00351887396033269,melanic,1,-0.47754279450339787,-1.5965080400182536,-0.7672496763719887,-0.1677101701184421
70158616,44.93711354,-123.0322979,1321.5748474939674,2.25,Y,0,gray,0,-0.2705703072393267,0.5220205316747579,-0.7838879526530346,-0.1677101701184421
70160465,47.66835051,-117.4027526,1837.3414017689113,-2,Y,0,gray,0,-0.14296989030045662,-0.13279739048490022,-0.7838879526530346,-0.1677101701184421
70167177,37.3763369,-121.8616081,3370.5310058593755,6,Y,0,melanic,1,0.2363405382388768,1.0998010512273972,-0.7838879526530346,-0.1677101701184421
70167197,37.37424139,-121.8614338,3370.531005859375,6.25,Y,0,gray,0,0.23634053823887669,1.1383197525309066,-0.7838879526530346,-0.1677101701184421
70173165,44.93556392,-123.0308411,1335.8234814576938,2.25,Y,0,gray,0,-0.26704520151172334,0.5220205316747579,-0.7838879526530346,-0.1677101701184421
70183489,51.04176667,-114.0134083,464.8547973632813,-11.5,Y,0.0035381151495657687,melanic,1,-0.48252246794164755,-1.5965080400182536,-0.7671586983415037,-0.1677101701184421
70210771,47.71171104,-122.3743101,2018.967041015625,3.25,Y,0.3201687116564418,gray,0,-0.09803578764766012,0.676095336888795,0.729964359517519,-0.1677101701184421
70220286,49.05453823,-122.3442213,2191.2553734876738,1,Y,0.05552375500858614,gray,0,-0.055411730552603,0.3294270251572114,-0.521355225875114,-0.1677101701184421
70224538,38.02365412,-122.5447225,897.3376904605033,6.25,Y,0.12731944047958893,gray,0,-0.3755263918666635,1.1383197525309066,-0.18188400180754946,-0.1677101701184421
70235345,49.02307833,-122.65682,283.4929071518776,1,Y,0.2512174162131195,melanic,1,-0.5273913192000024,0.3294270251572114,0.40394225231662556,-0.1677101701184421
70235346,49.029075,-122.6568133,433.8229582644624,1,Y,0.2827586206896552,gray,0,-0.4901997311813232,0.3294270251572114,0.5530783908181438,-0.1677101701184421
70235347,49.02945833,-122.6566867,442.72038367824456,1,Y,0.2858376511226252,melanic,1,-0.48799851207730993,0.3294270251572114,0.5676369568818912,-0.1677101701184421
70261380,49.2034181,-123.9790986,1289.1059001038782,1.5,Y,0.03023888720895071,gray,0,-0.2786031104333334,0.40646442776423,-0.6409095551641006,-0.1677101701184421
70261709,49.20296444,-123.9755106,1322.2255794921898,1.5,Y,0.023872679045092837,gray,0,-0.27040931643137217,0.40646442776423,-0.6710108692455242,-0.1677101701184421
70262269,49.20992423,-123.9718894,1144.6528163302548,1.5,Y,0.23500165727543923,gray,0,-0.31434073933703705,0.40646442776423,0.3272693506005166,-0.1677101701184421
70283806,37.29648657,-121.9327875,2656.208107475296,6,Y,0,gray,0,0.05961736976796875,1.0998010512273972,-0.7838879526530346,-0.1677101701184421
70289973,47.66287985,-117.4090839,1851.3865829555048,-2,Y,0,gray,0,-0.13949511869974532,-0.13279739048490022,-0.7838879526530346,-0.1677101701184421
70291041,44.93557833,-123.0311195,1330.3281376856323,2.25,Y,0,gray,0,-0.2684047471253842,0.5220205316747579,-0.7838879526530346,-0.1677101701184421
70303831,49.18046105,-122.7608267,2295.796142578125,1,Y,0.16985987989705462,gray,0,-0.029548390612299785,0.3294270251572114,0.01925977092308008,-0.1677101701184421
70331379,33.539963,-101.89526,1903.8929097447544,-1,Y,0,gray,0,-0.12650507672299224,0.02127741472913699,-0.7838879526530346,-0.1677101701184421
70331406,33.539963,-101.89526,1903.8929097447544,-1,Y,0,melanic,1,-0.12650507672299224,0.02127741472913699,-0.7838879526530346,-0.1677101701184421
70339616,45.47167222,-122.7316722,1852.9885083965048,2.5,Y,0.0963407661520869,gray,0,-0.13909880305561842,0.5605392329782671,-0.3283603314777349,-0.1677101701184421
70351859,45.55568011,-122.453852,591.9944948025566,3.25,Y,0,gray,0,-0.45106816314373477,0.676095336888795,-0.7838879526530346,-0.1677101701184421
70363643,44.930255,-123.0387417,1317.072021484375,2.25,Y,0.002065506048981995,gray,0,-0.2716843043984385,0.5220205316747579,-0.7741216294796166,-0.1677101701184421
70368311,49.1723155,-123.9696919,1427.9239281634534,1.5,Y,0.12907925407925408,melanic,1,-0.24425959181581752,0.40646442776423,-0.17356308289870556,-0.1677101701184421
70368674,49.26421163,-121.9489685,9.15801759660022,1,Y,0.6393234672304441,gray,0,-0.5952616492902156,0.3294270251572114,2.2390223875998525,-0.1677101701184421
70376374,48.41325833,-123.3665,4161.07080078125,3.5,Y,0.04392236976506639,gray,0,0.4319197331337569,0.7146140381923043,-0.5762100047334852,-0.1677101701184421
70377985,37.44965996,-122.1427266,3112.0593261718745,6,Y,0,gray,0,0.17239475923934577,1.0998010512273972,-0.7838879526530346,-0.1677101701184421
70379518,45.309895,-122.792361,862.6661730175719,2.25,Y,0.02711187214611872,gray,0,-0.38410410991556,0.5220205316747579,-0.65569500674232994,-0.1677101701184421
70379519,45.309895,-122.792361,862.6661730175719,2.25,Y,0.02826956025128498,gray,0,-0.38410410991556,0.5220205316747579,-0.6502211151627588,-0.1677101701184421
70380731,44.93611308,-123.0290462,1391.4963120379048,2.25,Y,0,gray,0,-0.25327176790048717,0.5220205316747579,-0.7838879526530346,-0.1677101701184421
70382027,48.45734,-123.335968,3871.8792973029026,3.5,Y,0.02254566210045662,gray,0,0.3603738833434568,0.7146140381923043,-0.6772853976325539,-0.1677101701184421
70403732,44.92674071,-123.038757,1317.072021484375,2.25,Y,0.0052173913043478265,gray,0,-0.2716843043984385,0.5220205316747579,-0.7592185842793353,-0.1677101701184421
70410969,37.29637081,-121.9329362,2649.8201619884017,6,Y,0,gray,0,0.0580369948856611,1.0998010512273972,-0.7838879526530346,-0.1677101701184421
70420942,49.28157064,-123.0399293,5535.811372514654,2,Y,0.013405590416428971,melanic,1,0.7720299412928764,0.48350183037124855,-0.7205023584051524,-0.1677101701184421
70425637,37.3229978,-122.0321823,2729.847955834185,6,Y,0,gray,0,0.07783583561463232,1.0998010512273972,-0.7838879526530346,-0.1677101701184421
70427029,48.44466967,-123.5280536,570.713785547731,1.75,Y,0.17821782178217824,gray,0,-0.4563330011817264,0.4449831290677393,0.058778590805013214,-0.1677101701184421
70448216,47.66667937,-122.1367792,1383.1023798340043,2.25,Y,0.01400400114318376,gray,0,-0.25534842300752486,0.5220205316747579,-0.7176728955958773,-0.1677101701184421
70450408,49.01911906,-123.0854111,1509.1932373046875,2.5,Y,0.03354111012169783,gray,0,-0.22415360075299381,0.5605392329782671,-0.6252956690791633,-0.1677101701184421
70459838,49.30288153,-123.0052625,1431.4222412109375,2,Y,0.13518789653489505,melanic,1,-0.24339411071832917,0.48350183037124855,-0.14467961562343215,-0.1677101701184421
70460411,49.30405029,-123.0061238,1431.4222412109375,2,Y,0.15913887716336006,gray,0,-0.24339411071832917,0.48350183037124855,-0.031432299183401805,-0.1677101701184421
70460817,47.66405974,-117.4004088,1662.3791316030847,-2,Y,0,melanic,1,-0.18625547839585993,-0.13279739048490022,-0.7838879526530346,-0.1677101701184421
70461852,49.30453075,-123.0030813,1431.4222412109375,2,Y,0.18800721370604148,melanic,1,-0.24339411071832917,0.48350183037124855,0.10506572961383737,-0.1677101701184421
70468476,37.978067,-121.2883236,2001.5487060546875,5,Y,0,melanic,1,-0.10234507599715574,0.9457262460133601,-0.7838879526530346,-0.1677101701184421
70472723,44.93743896,-123.0324926,1320.8183859525604,2.25,Y,0,gray,0,-0.2707574554894055,0.5220205316747579,-0.7838879526530346,-0.1677101701184421
70474535,49.1723155,-123.9696919,1427.9239281634534,1.5,Y,0.12907925407925408,melanic,1,-0.24425959181581752,0.40646442776423,-0.17356308289870556,-0.1677101701184421
70478404,49.30946454,-123.1411815,2089.77685546875,2.5,Y,0.7952430196483972,gray,0,-0.080517470935006,0.5605392329782671,2.9762561220248416,-0.1677101701184421
70482814,51.03551999,-114.0653229,2873.74853515625,-11.25,Y,0.00200286123032904,melanic,1,0.11343677516189146,-1.5579893387147443,-0.7744178327003269,-0.1677101701184421
70482850,51.03583833,-114.063095,2859.4502019071533,-11.25,Y,0.0017128175849272,melanic,1,0.10989937385311435,-1.5579893387147443,-0.7757892447941267,-0.1677101701184421
70482852,51.03584667,-114.0631033,2859.6328420211876,-11.25,Y,0.00171477565018576,gray,0,0.10994455893637997,-1.5579893387147443,-0.7757799864827705,-0.1677101701184421
70482906,48.49493993,-123.3382219,1876.5025634765625,3.5,Y,0.61358574610245,gray,0,-0.1332814362502876,0.7146140381923043,2.117326833908696,-0.1677101701184421
70485077,49.26346028,-123.0909728,7633.148299057298,3,Y,0,gray,0,1.2909101673756764,0.6375766355852857,-0.7838879526530346,-0.1677101701184421
70488164,37.39503673,-122.2431175,256.84774211389407,5.25,Y,0.3461759631972398,gray,0,-0.5339833212212101,0.9842449473168694,0.8529343326749387,-0.1677101701184421
70525596,37.56947435,-122.0953355,25.76616668701172,6.75,Y,0,melanic,1,-0.591152800566012,1.2153571551379252,-0.7838879526530346,-0.1677101701184421
70529429,51.04211,-114.019515,484.31230255376903,-11.5,Y,0.006136950904392758,gray,0,-0.4777086897811254,-1.5965080400182536,-0.7548706346639449,-0.1677101701184421
70537351,37.23717222,-121.9732361,1096.8614501953125,5.25,Y,0.00296823983377856,gray,0,-0.32616430213759434,0.9842449473168694,-0.7698532372925151,-0.1677101701184421
70538742,36.98729127,-121.9562645,1392.234375,5.25,Y,0.03802172670097199,gray,0,-0.25308917145077575,0.9842449473168694,-0.6041099893998748,-0.1677101701184421
70539932,51.09151692,-114.067532,712.2719672968409,-11.5,Y,0,melanic,1,-0.4213115697558611,-1.5965080400182536,-0.7838879526530346,-0.1677101701184421
70540136,45.48675066,-122.4377815,1309.203248336236,3,Y,0.4625071551230681,gray,0,-0.2736310353878324,0.6375766355852857,1.40298259617748,-0.1677101701184421
70541036,47.07277413,-122.7127288,535.97637939453125,2.25,Y,0.022481751824817518,melanic,1,-0.4649270200683413,0.5220205316747579,-0.67758758430797,-0.1677101701184421
70541835,51.08368759,-114.0640263,1547.8811747200318,-11.5,Y,0,gray,0,-0.21458222218300757,-1.5965080400182536,-0.7838879526530346,-0.1677101701184421
70561411,49.25850667,-123.0976133,7198.238148398582,3,Y,0,gray,0,1.1833135888557442,0.6375766355852857,-0.7838879526530346,-0.1677101701184421
70570348,45.482855,-122.6141133,2397.6647705896253,3.25,Y,0.008002286367533583,gray,0,-0.004346137190630867,0.676095336888795,-0.7460507771918018,-0.1677101701184421
70578492,37.6793518,-122.4069728,1964.5206771525452,7.25,Y,0.229536348025186,gray,0,-0.11150579393665053,1.2923945577449438,0.3014277528928022,-0.1677101701184421
70579442,37.73210578,-122.4405613,7742.720214843749,7.25,Y,0.00771649042583595,gray,0,1.3180182107787561,1.2923945577449438,-0.7474021048868459,-0.1677101701184421
70608864,45.56694667,-122.83442,1613.0933837890625,2.25,Y,0.011441647597254,gray,0,-0.19844875056150868,0.5220205316747579,-0.7297884606054483,-0.1677101701184421
70621854,45.48292241,-122.6140619,2400.104019016482,3.25,Y,0.00801144492131616,gray,0,-0.003742668210906164,0.676095336888795,-0.7460074728422038,-0.1677101701184421
70631835,33.56874775,-101.8942552,1907.105734708905,-0.75,Y,0,gray,0,-0.12571022525079173,0.05979611603264629,-0.7838879526530346,-0.1677101701184421
70636842,45.500709,-122.990295,160.52157592773438,2.25,Y,5.714285714285715e-4,gray,0,-0.5578143720437196,0.5220205316747579,-0.7811860694502007,-0.1677101701184421
70637092,45.19968591,-123.1997827,486.7650085945365,2.25,Y,0.0111587982832618,gray,0,-0.4771018913936837,0.5220205316747579,-0.7311258557736633,-0.1677101701184421
70677685,48.02828816,-122.7746271,148.154938720168,2.75,Y,0.11524163568773234,gray,0,-0.5608738726079536,0.5990579342817764,-0.23899143312243828,-0.1677101701184421
70677999,37.2638324,-122.0230146,1381.9060843975526,5.25,Y,0.00143020594965675,gray,0,-0.2556443859683025,0.9842449473168694,-0.7771255161470862,-0.1677101701184421
70679002,45.50266375,-122.6484854,2497.0952886993578,3,Y,0,gray,0,0.0202529289219158,0.6375766355852857,-0.7838879526530346,-0.1677101701184421
70689129,45.43253997,-122.7255258,1815.7471923828125,2.5,Y,0.05403087478559176,gray,0,-0.1483122881319814,0.5605392329782671,-0.5284140048722286,-0.1677101701184421
70701958,37.76941333,-122.469475,6888.411132812501,7.5,Y,0.12630662020905922,gray,0,1.1066625225156903,1.3309132590484531,-0.1866729154413085,-0.1677101701184421
70702920,48.45701558,-123.4782077,672.7325942878147,2.5,Y,0.32073310423825885,gray,0,-0.43109359311436635,0.5605392329782671,0.7326329744815961,-0.1677101701184421
70751018,49.01914369,-123.0851115,1509.1932373046875,2.5,Y,0.0342907385697538,melanic,1,-0.22415360075299381,0.5605392329782671,-0.621751204182868,-0.1677101701184421
70751023,49.01909605,-123.0853462,1509.1932373046875,2.5,Y,0.033204862140527716,gray,0,-0.22415360075299381,0.5605392329782671,-0.6268855489307064,-0.1677101701184421
70753730,48.80315204,-123.7147101,152.5010160830896,0.5,Y,0.07326661901358114,gray,0,-0.5597986549945568,0.25238962255019276,-0.43746171998091005,-0.1677101701184421
70764064,48.48013,-123.3285667,2363.669938480508,3.5,Y,0.01570531125071387,gray,0,-0.012756443587850072,0.7146140381923043,-0.7096285984917704,-0.1677101701184421
70766364,48.46987167,-123.3665617,3952.7209629018535,3.5,Y,0.04309327036599763,gray,0,0.3803740755834521,0.7146140381923043,-0.580130231778176,-0.1677101701184421
70782303,47.654575,-122.4094367,3988.15860428634,3.75,Y,0.1361102962745673,gray,0,0.3891413323559417,0.7531327394958136,-0.14031823698832446,-0.1677101701184421
70791123,47.83785313,-122.18956,1296.809265909719,2.25,Y,0.01825442099258414,gray,0,-0.27669730114711527,0.5220205316747579,-0.6975756541027268,-0.1677101701184421
70791555,45.48232,-122.6315167,2410.055908203125,3.25,Y,0.012044737596788067,gray,0,-0.0012805752368275916,0.676095336888795,-0.7269368728112566,-0.1677101701184421
70804409,51.02739689,-113.9687492,377.970947265625,-11.5,Y,0,gray,0,-0.5040174939487145,-1.5965080400182536,-0.7838879526530346,-0.1677101701184421
70805719,48.46166724,-123.3191638,2299.182061608598,3.5,Y,0.09682947729220225,gray,0,-0.028710715744806763,0.7146140381923043,-0.326049560741833,-0.1677101701184421
70805720,48.46377661,-123.3157887,2121.60400390625,3.5,Y,0.10952244781241063,melanic,1,-0.07264344851742327,0.7146140381923043,-0.266033444017257,-0.1677101701184421
70825248,37.486155,-122.2411883,1044.4065410334636,6.25,Y,0,gray,0,-0.33914162341611687,1.1383197525309066,-0.7838879526530346,-0.1677101701184421
70836915,49.26368503,-123.2041533,4155.346299527821,2.5,Y,0.10511282490716937,gray,0,0.43050349406076893,0.5605392329782671,-0.28688344461963594,-0.1677101701184421
70839133,48.46439942,-123.3176481,2153.1619234471787,3.5,Y,0.0931961120640366,gray,0,-0.06483603320952952,0.7146140381923043,-0.34322918558137966,-0.1677101701184421
70839161,48.46468487,-123.3168069,2125.0190831939212,3.5,Y,0.0944634703196347,gray,0,-0.07179855941522326,0.7146140381923043,-0.3372367411115266,-0.1677101701184421
70852479,48.46503609,-123.3736048,4161.07080078125,3.5,Y,0.034074074074074076,gray,0,0.4319197331337569,0.7146140381923043,-0.6227756579655412,-0.1677101701184421
70864467,37.50603917,-122.3363192,1780.9035679073029,6.25,Y,0.1658125915080527,gray,0,-0.1569325853844596,1.1383197525309066,1.229950213605066e-4,-0.1677101701184421
70864589,48.47059667,-123.3427583,3906.557410266022,3.5,Y,0.05991440798858773,gray,0,0.3689532331211247,0.7146140381923043,-0.5005949206868721,-0.1677101701184421
70867926,47.85415203,-122.189629,1396.7475122723629,2.25,Y,0.016000000000000004,gray,0,-0.2519726232898245,0.5220205316747579,-0.7082352229736898,-0.1677101701184421
70881010,47.70892791,-122.1437383,651.2373276650778,2.25,Y,0.00770767913217242,gray,0,-0.43641151255008703,0.5220205316747579,-0.7474437672879493,-0.1677101701184421
70885132,48.42220333,-123.4170217,3393.407958984375,2.75,Y,0.030864197530864185,gray,0,0.24200028630289108,0.5990579342817764,-0.6379529031172616,-0.1677101701184421
70893359,47.66692344,-117.4010805,1741.203354382087,-2,Y,0,gray,0,-0.16675440061538532,-0.13279739048490022,-0.7838879526530346,-0.1677101701184421
70896539,44.93755005,-123.0317255,1334.7538359432854,2.25,Y,0,gray,0,-0.267309831337919,0.5220205316747579,-0.7838879526530346,-0.1677101701184421
70907689,45.4700695,-122.6605838,1814.458864875622,3.25,Y,0.029092319627618306,gray,0,-0.14863101978627102,0.676095336888795,-0.6463308656197032,-0.1677101701184421
70911665,47.69799533,-122.3714029,3463.339882267557,3.25,Y,0.015160183066361547,gray,0,0.2593014131291844,0.676095336888795,-0.7122061256899828,-0.1677101701184421
70919572,47.63019167,-122.2954167,5614.356357333414,3.25,Y,0.09680182752712736,gray,0,0.7914619357257459,0.676095336888795,-0.32618029700451473,-0.1677101701184421
70920963,49.26420515,-123.2037868,4216.7745215483,2.5,Y,0.08376362593230063,gray,0,0.44570080896352654,0.5605392329782671,-0.38782876830190394,-0.1677101701184421
70923469,51.09362601,-114.0699102,679.9326348013311,-11.5,Y,0,melanic,1,-0.42931230628239453,-1.5965080400182536,-0.7838879526530346,-0.1677101701184421
70924169,49.33592774,-123.078435,5133.845433346495,0.5,Y,0.04605263157894736,gray,0,0.6725837460947686,0.25238962255019276,-0.5661374971614996,-0.1677101701184421
70924170,49.33596717,-123.0784235,5128.650839515209,0.5,Y,0.04809619238476954,melanic,1,0.6712986058831625,0.25238962255019276,-0.5564749375848641,-0.1677101701184421
70953432,49.01909827,-123.0850221,1509.1932373046873,2.5,Y,0.03342128408091468,gray,0,-0.22415360075299387,0.5605392329782671,-0.6258622420211579,-0.1677101701184421
70972026,44.93289164,-123.0121521,2098.546933014106,2.25,Y,0,gray,0,-0.07834775763720056,0.5220205316747579,-0.7838879526530346,-0.1677101701184421
70977892,47.71160108,-122.3682007,2018.9670410156248,3.25,Y,0.23662981774723635,gray,0,-0.09803578764766017,0.676095336888795,0.334967774603483,-0.1677101701184421
70986336,44.5907149,-123.2682831,730.4305129478727,2.5,Y,0.04847447961220418,gray,0,-0.41681915360969907,0.5605392329782671,-0.5546862837499728,-0.1677101701184421
71022942,33.58326794,-101.8728954,1139.2418777568766,-0.75,Y,0,gray,0,-0.3156794031419522,0.05979611603264629,-0.7838879526530346,-0.1677101701184421
71029189,37.73614614,-122.478471,5985.146213351977,7.5,Y,0.03447285262855502,gray,0,0.8831951817699452,1.3309132590484531,-0.620890115079037,-0.1677101701184421
71029745,49.22671125,-124.0224838,1449.3671761598082,1.5,Y,0.13745704467353953,melanic,1,-0.23895454176520903,0.40646442776423,-0.13395041245247846,-0.1677101701184421
71033385,45.54516401,-122.6400784,3207.990658102864,3,Y,0,gray,0,0.19612812824211762,0.6375766355852857,-0.7838879526530346,-0.1677101701184421
71033646,37.32630892,-122.0480546,2232.7535584502893,5.5,Y,0,gray,0,-0.04514509798492907,1.0227636486203786,-0.7838879526530346,-0.1677101701184421
71034208,49.24503972,-122.9295535,3291.924420498253,2,Y,0.19073405535499396,gray,0,0.21689330385912828,0.48350183037124855,0.11795904299799867,-0.1677101701184421
71034709,49.3127861,-123.0362244,1631.6886265608418,2,Y,0.12963503649635036,gray,0,-0.19384829574121865,0.48350183037124855,-0.17093517933863572,-0.1677101701184421
71036121,49.05272527,-122.4635561,264.6168365015668,1,Y,0.01434308663224326,melanic,1,-0.5320612507129777,0.3294270251572114,-0.716069599168252,-0.1677101701184421
71036224,49.05259445,-122.4637239,258.5774184973091,1,Y,0.014343086632243257,gray,0,-0.5335554000505491,0.3294270251572114,-0.716069599168252,-0.1677101701184421
71074086,49.18034517,-122.7626498,2295.796142578125,1,Y,0.1910208750357449,gray,0,-0.029548390612299785,0.3294270251572114,0.11931521123390913,-0.1677101701184421
71091638,44.92805187,-123.0160034,1816.3655171110795,2.25,Y,0,gray,0,-0.14815931486825087,0.5220205316747579,-0.7838879526530346,-0.1677101701184421
71092464,45.51504129,-122.3938432,1383.0280045861068,3,Y,0.02905982905982906,gray,0,-0.25536682341089145,0.6375766355852857,-0.6464844906285836,-0.1677101701184421
71096271,49.38083616,-121.4401389,29.812454421240247,-0.5,Y,0.12343532684283727,gray,0,-0.5901517507738867,0.09831481733615559,-0.20024923924536384,-0.1677101701184421
71102879,49.2898941,-122.95504,1581.4678955078125,2,Y,0.4037735849056604,melanic,1,-0.20627288234581134,0.48350183037124855,1.1252729142549573,-0.1677101701184421
71103064,49.30924225,-122.9919205,1431.4222412109375,2,Y,0.2903357903357904,gray,0,-0.24339411071832917,0.48350183037124855,0.588905488753994,-0.1677101701184421
71106771,33.55519288,-101.8681503,1987.60009765625,-0.75,Y,0,gray,0,-0.10579595553287852,0.05979611603264629,-0.7838879526530346,-0.1677101701184421
71110964,47.12625214,-122.3099847,1064.392333984375,1.25,Y,0.19530355097365407,gray,0,-0.3341971470978041,0.36794572646072066,0.13956496904858884,-0.1677101701184421
71143042,45.540675,-122.972145,59.29881009605113,2.25,Y,0,gray,0,-0.5828568394483492,0.5220205316747579,-0.7838879526530346,-0.1677101701184421
71146651,37.3264511,-122.0478815,2238.011665415874,5.5,Y,0,gray,0,-0.043844244652046734,1.0227636486203786,-0.7838879526530346,-0.1677101701184421
71164943,44.93735744,-123.0320224,1327.46686321794,2.25,Y,0,gray,0,-0.26911262516056883,0.5220205316747579,-0.7838879526530346,-0.1677101701184421
71186434,48.4122222,-123.3627779,4161.07080078125,3.5,Y,0.044963401882188905,gray,0,0.4319197331337569,0.7146140381923043,-0.5712876971494735,-0.1677101701184421
71186765,48.4120364,-123.3632942,4161.07080078125,3.5,Y,0.0456798866855524,gray,0,0.4319197331337569,0.7146140381923043,-0.5678999452027099,-0.1677101701184421
71189072,48.436775,-123.318695,4148.69582162846,3.75,Y,0.005706134094151209,gray,0,0.4288581687759718,0.7531327394958136,-0.7569076638943524,-0.1677101701184421
71192072,51.03128581,-114.1026423,2901.3850479802345,-11.5,Y,0,melanic,1,0.12027403618598839,-1.5965080400182536,-0.7838879526530346,-0.1677101701184421
71193733,49.30361785,-123.0031385,1431.4222412109375,2,Y,0.1732283464566929,gray,0,-0.24339411071832917,0.48350183037124855,0.03518687655246934,-0.1677101701184421
71230969,44.94090796,-123.0447611,1172.2681213541143,2.25,Y,0.010187315149523495,gray,0,-0.3075087251132917,0.5220205316747579,-0.7357193152052098,-0.1677101701184421
71240998,33.5551469,-101.8656421,1977.0045495521824,-0.75,Y,0,gray,0,-0.10841728943785707,0.05979611603264629,-0.7838879526530346,-0.1677101701184421
71251763,48.46631432,-123.3694064,4161.07080078125,3.5,Y,0.03745541022592152,gray,0,0.4319197331337569,0.7146140381923043,-0.6067877010998717,-0.1677101701184421
71254292,49.01919074,-123.0852874,1509.1932373046875,2.5,Y,0.0351447135262847,melanic,1,-0.22415360075299381,0.5605392329782671,-0.6177133581491578,-0.1677101701184421
71262589,49.30961667,-123.0699388,5446.03119137034,2,Y,0.001544998068752412,melanic,1,0.7498183642685259,0.48350183037124855,-0.7765827450748823,-0.1677101701184421
71274581,48.677895,-123.40622,501.25555513093985,3.5,Y,0.403747870528109,gray,0,-0.47351693660281624,0.7146140381923043,1.1251513290765969,-0.1677101701184421
71279442,44.93738007,-123.0326486,1318.7872743490764,2.25,Y,0,gray,0,-0.27125995159991484,0.5220205316747579,-0.7838879526530346,-0.1677101701184421
71279820,44.93515891,-123.0289898,1380.5458627192604,2.25,Y,0,gray,0,-0.2559809042086591,0.5220205316747579,-0.7838879526530346,-0.1677101701184421
71280185,51.03128581,-114.1026423,2901.3850479802345,-11.5,Y,0,melanic,1,0.12027403618598839,-1.5965080400182536,-0.7838879526530346,-0.1677101701184421
71280370,44.93512393,-123.0289315,1381.9060421701324,2.25,Y,0,gray,0,-0.2556443964153476,0.5220205316747579,-0.7838879526530346,-0.1677101701184421
71283220,44.93760278,-123.0318917,1331.8288528462072,2.25,Y,0,gray,0,-0.2680334708597779,0.5220205316747579,-0.7838879526530346,-0.1677101701184421
71288776,44.936825,-123.0289472,1404.7747823676082,2.25,Y,0,gray,0,-0.24998668022596268,0.5220205316747579,-0.7838879526530346,-0.1677101701184421
71310868,47.72271667,-116.8252611,409.7329464677878,-2.5,Y,0.013131601484441901,gray,0,-0.4961595894230799,-0.2098347930919188,-0.7217978590680743,-0.1677101701184421
71319555,37.10883584,-122.1058992,168.1336209639056,4.75,Y,0.6874463826136689,gray,0,-0.5559311554754442,0.9072075447098508,2.46656175690417,-0.1677101701184421
71334918,33.5551469,-101.8656421,1977.0045495521824,-0.75,Y,0,gray,0,-0.10841728943785707,0.05979611603264629,-0.7838879526530346,-0.1677101701184421
71339039,48.46521506,-123.3738084,4161.07080078125,3.5,Y,0.03568242640499554,gray,0,0.4319197331337569,0.7146140381923043,-0.6151708927080195,-0.1677101701184421
71339063,48.46509671,-123.3743588,4161.07080078125,3.5,Y,0.036244800950683304,gray,0,0.4319197331337569,0.7146140381923043,-0.6125118196153033,-0.1677101701184421
71339065,48.46559527,-123.3744818,4160.671683749528,3.5,Y,0.03915752002373183,gray,0,0.43182099175699834,0.7146140381923043,-0.5987396228237276,-0.1677101701184421
71339066,48.4657686,-123.3740887,4158.65924517755,3.5,Y,0.04455004455004455,gray,0,0.43132311534620765,0.7146140381923043,-0.5732421728063293,-0.1677101701184421
71341337,45.500709,-122.990295,160.52157592773438,2.25,Y,2.8710881424059715e-4,gray,0,-0.5578143720437196,0.5220205316747579,-0.7825304173085157,-0.1677101701184421
71341803,47.767104,-122.301031,2023.2685546875,3.25,Y,0.06149885583524028,gray,0,-0.09697159507167756,0.676095336888795,-0.49310318289725796,-0.1677101701184421
71389010,48.4264814,-123.3141267,4161.07080078125,3.75,Y,0.010555728034771804,gray,0,0.4319197331337569,0.7531327394958136,-0.7339773501790801,-0.1677101701184421
71392561,44.93378833,-123.0424333,1317.072021484375,2.25,Y,0.02266545784224841,gray,0,-0.2716843043984385,0.5220205316747579,-0.6767189679531469,-0.1677101701184421
71400486,51.03128581,-114.1026423,2901.3850479802345,-11.5,Y,0,gray,0,0.12027403618598839,-1.5965080400182536,-0.7838879526530346,-0.1677101701184421
71404226,37.226105,-121.7952633,1392.5708261038703,5.25,Y,0.05045610034207525,gray,0,-0.253005933596794,0.9842449473168694,-0.5453165951622276,-0.1677101701184421
71406521,37.39185621,-122.1019174,2434.864775635081,6,Y,0,gray,0,0.004857127570499507,1.0998010512273972,-0.7838879526530346,-0.1677101701184421
71430458,44.93468351,-123.0313248,1320.961735755462,2.25,Y,0,gray,0,-0.27072199081170056,0.5220205316747579,-0.7838879526530346,-0.1677101701184421
71435870,44.93721068,-123.0321108,1324.9410826965975,2.25,Y,0,gray,0,-0.26973750214211806,0.5220205316747579,-0.7838879526530346,-0.1677101701184421
71437140,48.76283902,-122.2251864,18.273295893521624,0.5,Y,0.7154542798714578,gray,0,-0.5930065334794664,0.25238962255019276,2.5989913744123183,-0.1677101701184421
71449941,45.48389667,-122.83168,2803.2906910251945,3.25,Y,0,gray,0,0.0960055357509234,0.676095336888795,-0.7838879526530346,-0.1677101701184421
71455647,49.1723155,-123.9696919,1427.9239281634534,1.5,Y,0.1306371835903404,melanic,1,-0.24425959181581752,0.40646442776423,-0.1661967316386001,-0.1677101701184421
71458360,47.68281667,-122.2509,2497.3186403899144,3.25,Y,0.00731158605174353,gray,0,0.020308186031169614,0.676095336888795,-0.7493166124592957,-0.1677101701184421
71461720,44.933455,-123.0402138,1317.072021484375,2.25,Y,0.008987417615338519,gray,0,-0.2716843043984385,0.5220205316747579,-0.7413927854424979,-0.1677101701184421
71464193,47.65924727,-122.3391787,4279.020649445688,3.25,Y,0.0017137960582690602,gray,0,0.461100473417734,0.676095336888795,-0.7757846182829248,-0.1677101701184421
71468527,44.92869624,-123.0391328,1317.072021484375,2.25,Y,0.00443524541691307,gray,0,-0.2716843043984385,0.5220205316747579,-0.7629168012413298,-0.1677101701184421
71471467,49.25367411,-123.1630994,4585.46927899249,2.5,Y,0,gray,0,0.5369157285489777,0.5605392329782671,-0.7838879526530346,-0.1677101701184421
71474291,48.44164371,-123.2991389,2121.60400390625,3.75,Y,0.04641693811074918,gray,0,-0.07264344851742327,0.7531327394958136,-0.5644149481883232,-0.1677101701184421
71491774,49.01911585,-123.085422,1509.1932373046875,2.5,Y,0.03506187389510901,gray,0,-0.22415360075299381,0.5605392329782671,-0.6181050484131624,-0.1677101701184421
71492945,49.20635217,-123.980729,1194.702509049743,1.5,Y,0.04273255813953489,gray,0,-0.30195846754035793,0.40646442776423,-0.5818357858132149,-0.1677101701184421
71493703,48.46387866,-123.3156558,2121.60400390625,3.5,Y,0.10993717875499714,gray,0,-0.07264344851742327,0.7146140381923043,-0.2640724735241846,-0.1677101701184421
71496193,37.74290517,-122.4456558,7742.72021484375,7.25,Y,0.03948497854077253,gray,0,1.3180182107787561,1.2923945577449438,-0.5971913021567977,-0.1677101701184421
71511359,45.48686556,-122.8387366,2810.941296255688,2.5,Y,0.003718535469107549,gray,0,0.09789829209418421,0.5605392329782671,-0.766305617737569,-0.1677101701184421
71513297,47.66784043,-117.4027879,1829.0522416904405,-2,Y,0,gray,0,-0.14502062483009825,-0.13279739048490022,-0.7838879526530346,-0.1677101701184421
71513340,47.66793147,-117.4027704,1830.102867076705,-2,Y,0,gray,0,-0.14476070057517565,-0.13279739048490022,-0.7838879526530346,-0.1677101701184421
71515081,47.65804806,-122.3442918,4407.823904156426,3.25,Y,0.003714285714285709,gray,0,0.4929663415473148,0.676095336888795,-0.7663257118346153,-0.1677101701184421
71519749,49.84221189,-119.4867611,1553.6429863321214,-3.75,Y,0.00714285714285713,melanic,1,-0.21315675254382285,-0.4024282996094653,-0.7501144126176129,-0.1677101701184421
71523233,49.38974858,-121.4461957,24.438222979117192,-0.5,Y,0.21361213612136123,gray,0,-0.591481333250798,0.09831481733615559,0.2261333717355111,-0.1677101701184421
71530241,44.93695037,-123.03043,1360.2984848468188,2.25,Y,0,gray,0,-0.26099009652062344,0.5220205316747579,-0.7838879526530346,-0.1677101701184421
71539426,37.41099927,-122.2807504,70.74827575683594,5.5,Y,0.9723094490436769,gray,0,-0.5800242467182968,1.0227636486203786,3.8134785419203334,-0.1677101701184421
71557283,49.20894643,-123.9834087,1108.6881554004187,1.5,Y,0.10796915167095116,gray,0,-0.3232383805114701,0.40646442776423,-0.2733778873361197,-0.1677101701184421
71567569,33.600322,-101.847875,733.4127744379965,-1,Y,0,gray,0,-0.4160813434387865,0.02127741472913699,-0.7838879526530346,-0.1677101701184421
71569356,37.40028391,-121.9432006,1661.5947265625,6.5,Y,0,gray,0,-0.18644953985525073,1.1768384538344159,-0.7838879526530346,-0.1677101701184421
71569445,51.04763307,-114.0392671,908.9551187505588,-11.5,Y,0.005523166615526229,melanic,1,-0.3726522452565708,-1.5965080400182536,-0.7577727882193853,-0.1677101701184421
71572163,51.07908611,-113.9466028,2868.1139528875674,-11.5,Y,0,gray,0,0.11204278200587732,-1.5965080400182536,-0.7838879526530346,-0.1677101701184421
71572180,51.07706389,-113.9454639,2823.0742862902684,-11.5,Y,0,melanic,1,0.10089998845137436,-1.5965080400182536,-0.7838879526530346,-0.1677101701184421
71578941,37.753795,-122.4435883,7481.346000481904,7.25,Y,0.012296253931941656,gray,0,1.2533543459872012,1.2923945577449438,-0.7257476292291746,-0.1677101701184421
71582484,48.42801667,-123.3391333,4161.07080078125,3.5,Y,0.01000285795941697,gray,0,0.4319197331337569,0.7146140381923043,-0.7365914833264937,-0.1677101701184421
71586669,37.53617106,-122.3034149,2225.807390979451,6.25,Y,0,gray,0,-0.04686357673865936,1.1383197525309066,-0.7838879526530346,-0.1677101701184421
71592195,47.6849565,-117.2260014,667.8870632531057,-2,Y,0.08691834942932396,gray,0,-0.43229237534480447,-0.13279739048490022,-0.37291230305606754,-0.1677101701184421
71622348,49.76747085,-117.4732616,15.356664717800829,-4.25,Y,0.3192019950124688,melanic,1,-0.5937281067396831,-0.4794657022164839,0.7253934374585809,-0.1677101701184421
71624128,37.7676207,-122.4771309,6888.411132812501,7.5,Y,0.16262773722627738,gray,0,1.1066625225156903,1.3309132590484531,-0.0149359374815927,-0.1677101701184421
71625115,37.76826996,-122.4737138,6888.411132812499,7.5,Y,0.13709441683718213,gray,0,1.1066625225156899,1.3309132590484531,-0.13566502405736297,-0.1677101701184421
71625938,49.20561236,-123.9796939,1222.1714658633753,1.5,Y,0.039227340267459145,melanic,1,-0.29516265979896095,0.40646442776423,-0.5984094920721745,-0.1677101701184421
71651877,49.17099478,-123.9713612,1419.4929631754485,1.5,Y,0.13339145597210114,melanic,1,-0.24634540881722966,0.40646442776423,-0.15317371764106075,-0.1677101701184421
71651901,49.17099478,-123.9713612,1419.4929631754485,1.5,Y,0.13257575757575757,melanic,1,-0.24634540881722966,0.40646442776423,-0.15703058078346419,-0.1677101701184421
71660274,37.77329667,-122.4570533,6888.4111328125,7.25,Y,0.06480159862974594,gray,0,1.1066625225156899,1.2923945577449438,-0.47748683865768676,-0.1677101701184421
71660844,49.21804466,-122.9007617,3344.959703731475,2,Y,0.05116580310880829,gray,0,0.23001420942568568,0.48350183037124855,-0.5419609106894565,-0.1677101701184421
71666793,49.16544234,-122.585856,1003.7414926514562,1,Y,0.04671532846715328,gray,0,-0.34920213836299613,0.3294270251572114,-0.5630040703775755,-0.1677101701184421
71668886,44.93540833,-123.0295195,1367.7642426627035,2.25,Y,0,gray,0,-0.25914307134581216,0.5220205316747579,-0.7838879526530346,-0.1677101701184421
71681765,37.16134167,-121.98417,33.77991241463931,4.5,Y,0.6030839520274129,gray,0,-0.5891702034247048,0.8686888434063414,2.0676712471395136,-0.1677101701184421
71684156,49.85058833,-119.5592117,799.828941762411,-4,Y,0.040389573188198226,melanic,1,-0.39965001307850234,-0.4409470009129746,-0.5929141112611053,-0.1677101701184421
71686276,37.76945619,-122.4621308,6888.4111328125,7.5,Y,0.10919540229885057,gray,0,1.1066625225156899,1.3309132590484531,-0.2675798118816446,-0.1677101701184421
71715145,48.76303943,-122.2251658,18.35515756455489,0.5,Y,0.721364033809385,gray,0,-0.5929862809383342,0.25238962255019276,2.6269344379834085,-0.1677101701184421
71717991,45.52719442,-122.9360907,1514.6087634768785,2.25,Y,0.0039977155910908,gray,0,-0.2228138019781656,0.5220205316747579,-0.7649855715938036,-0.1677101701184421
71722325,49.21002583,-123.9718926,1141.862867749567,1.5,Y,0.2419141914191419,gray,0,-0.31503097137938857,0.40646442776423,0.35995385541131525,-0.1677101701184421
71736991,47.66821539,-117.3966455,1569.40117655971,-2,Y,0,gray,0,-0.20925818326557835,-0.13279739048490022,-0.7838879526530346,-0.1677101701184421
71741540,48.409775,-123.3601833,4161.07080078125,3.5,Y,0.0527823240589198,gray,0,0.4319197331337569,0.7146140381923043,-0.53431752178572,-0.1677101701184421
71757512,44.93111167,-123.0251222,1457.1058520890294,2.25,Y,0,gray,0,-0.23703999677011608,0.5220205316747579,-0.7838879526530346,-0.1677101701184421
71764750,37.44201103,-122.1430195,3112.059326171875,6,Y,0,gray,0,0.17239475923934588,1.0998010512273972,-0.7838879526530346,-0.1677101701184421
71776023,37.37487004,-121.8612583,3370.531005859375,6.25,Y,0,melanic,1,0.23634053823887669,1.1383197525309066,-0.7838879526530346,-0.1677101701184421
71808682,44.93397228,-123.0303021,1333.145663061252,2.25,Y,0,gray,0,-0.2677076925961887,0.5220205316747579,-0.7838879526530346,-0.1677101701184421
71815021,47.45222073,-122.1251574,633.956356276491,2.25,Y,0.3075164332666476,gray,0,-0.4406868172126629,0.5220205316747579,0.670140647214337,-0.1677101701184421
71826210,48.41315697,-123.363924,4161.07080078125,3.5,Y,0.04254617414248021,melanic,1,0.4319197331337569,0.7146140381923043,-0.5827170644473232,-0.1677101701184421
71826480,49.20862722,-123.9724242,1177.837583567743,1.5,Y,0.17226178365547642,gray,0,-0.3061308426300366,0.40646442776423,0.03061668190756053,-0.1677101701184421
71834358,44.93575556,-123.0299083,1360.859290118915,2.25,Y,0,gray,0,-0.2608513535448569,0.5220205316747579,-0.7838879526530346,-0.1677101701184421
71839571,49.05123509,-122.4626731,169.49669771104593,1,Y,0.0165666952299343,gray,0,-0.5555939308923201,0.3294270251572114,-0.7055557204086403,-0.1677101701184421
71840052,37.76977925,-122.4707155,6888.4111328125,7.5,Y,0.12968886304158186,gray,0,1.1066625225156899,1.3309132590484531,-0.17068067152138747,-0.1677101701184421
71841246,37.3195264,-122.0459154,1802.4242751164527,5.5,Y,0,gray,0,-0.15160837195893567,1.0227636486203786,-0.7838879526530346,-0.1677101701184421
71841699,37.3186868,-122.0442819,1730.688446292991,5.5,Y,0,melanic,1,-0.16935578421639969,1.0227636486203786,-0.7838879526530346,-0.1677101701184421
71847818,47.15873333,-122.2842683,1219.5707284866012,1.25,Y,0.13518197573656845,gray,0,-0.29580608107332296,0.36794572646072066,-0.14470761090813763,-0.1677101701184421
71849382,45.27359739,-122.8607132,50.435099867004666,2.25,Y,0.25674899483055713,gray,0,-0.5850497174306015,0.5220205316747579,0.4300971911819414,-0.1677101701184421
71855934,44.93670848,-123.0322414,1320.1417934733654,2.25,Y,0,gray,0,-0.27092484416889123,0.5220205316747579,-0.7838879526530346,-0.1677101701184421
71875301,37.76943667,-122.4751967,6888.411132812501,7.5,Y,0.14502480303472426,gray,0,1.1066625225156903,1.3309132590484531,-0.09816781385389663,-0.1677101701184421
71876386,47.63301108,-117.4143965,1607.2229381108525,-2,Y,0.023156089193825044,gray,0,-0.19990109622050475,-0.13279739048490022,-0.6743991178898321,-0.1677101701184421
71889001,33.5551469,-101.8656421,1977.0045495521824,-0.75,Y,0,melanic,1,-0.10841728943785707,0.05979611603264629,-0.7838879526530346,-0.1677101701184421
71897788,37.39321787,-122.0991167,2804.283254265634,6,Y,0,gray,0,0.0962510954567021,1.0998010512273972,-0.7838879526530346,-0.1677101701184421
71901336,37.2825,-122.0091778,2429.4030917567884,5.25,Y,0.0014314342971657598,gray,0,0.003505909399638938,0.9842449473168694,-0.777119708156958,-0.1677101701184421
71922147,33.55597337,-101.8635111,1958.8626656054112,-0.75,Y,0,gray,0,-0.11290558348576965,0.05979611603264629,-0.7838879526530346,-0.1677101701184421
71958208,45.20182092,-123.2012781,476.11388795960454,2.25,Y,0.0019994287346472403,melanic,1,-0.4797369739181682,0.5220205316747579,-0.7744340625545733,-0.1677101701184421
71960094,44.93732995,-123.032513,1320.016118657491,2.25,Y,0,gray,0,-0.27095593606263924,0.5220205316747579,-0.7838879526530346,-0.1677101701184421
71994929,37.3912805,-122.2165192,137.3687638283963,5.25,Y,0.11133371493989697,melanic,1,-0.5635423674957241,0.9842449473168694,-0.2574692376189565,-0.1677101701184421
71995587,49.21535188,-122.9599332,3886.5751953125,2,Y,0.074,gray,0,0.3640096419977803,0.48350183037124855,-0.43399407788606525,-0.1677101701184421
72010172,47.65805212,-122.4180884,3477.801025390625,4.25,Y,0.38073869520193304,gray,0,0.2628790935286244,0.8301701421028322,1.016357146508107,-0.1677101701184421
72031439,49.17027778,-122.8069444,3876.076904296875,1.5,Y,0.09997143673236218,gray,0,0.3614123694533779,0.40646442776423,-0.3111934477299652,-0.1677101701184421
72034451,47.66775673,-117.4024865,1814.7713136669852,-2,Y,0,gray,0,-0.14855372009376572,-0.13279739048490022,-0.7838879526530346,-0.1677101701184421
72049464,45.51552582,-122.95961,1861.6995757308785,2.25,Y,0.01370254067941764,gray,0,-0.13694368885785654,0.5220205316747579,-0.7190982897817716,-0.1677101701184421
72055184,37.44201103,-122.1430195,3112.059326171875,6,Y,0,melanic,1,0.17239475923934588,1.0998010512273972,-0.7838879526530346,-0.1677101701184421
72058223,37.76857,-122.46588,6888.411132812499,7.5,Y,0.11938568530860619,gray,0,1.1066625225156899,1.3309132590484531,-0.21939714151332826,-0.1677101701184421
72058624,49.01577048,-122.4592555,52.538661884823206,1,Y,0.19499568593615188,melanic,1,-0.584529297119696,0.3294270251572114,0.1381092921448467,-0.1677101701184421
72065325,48.46192989,-123.3830445,4056.987455259928,2.75,Y,0.020765351527736568,gray,0,0.4061695595817253,0.5990579342817764,-0.6857032322890082,-0.1677101701184421
72074549,49.01451268,-122.463016,54.85015879845353,1,Y,0.20322394933793897,melanic,1,-0.5839574338077239,0.3294270251572114,0.17701495382396196,-0.1677101701184421
72108496,47.617355,-122.31845,5929.86572265625,3.25,Y,0,gray,0,0.8695188128722444,0.676095336888795,-0.7838879526530346,-0.1677101701184421
72121276,47.68050168,-122.3274234,3712.344970703125,3.25,Y,0.005374417771408096,gray,0,0.32090516164859906,0.676095336888795,-0.7584761167252719,-0.1677101701184421
72121790,47.68281761,-122.3402886,3712.344970703125,3.25,Y,0.006425702811244977,gray,0,0.32090516164859906,0.676095336888795,-0.7535053302918521,-0.1677101701184421
72124169,51.05214333,-114.1309967,2182.2096803944323,-11.5,Y,0.06704260651629071,melanic,1,-0.05764963101480196,-1.5965080400182536,-0.46689069091705854,-0.1677101701184421
72125805,44.93710903,-123.0320593,1325.083330218017,2.25,Y,0,gray,0,-0.26970231016836327,0.5220205316747579,-0.7838879526530346,-0.1677101701184421
72126216,37.51597831,-121.8318776,0.8183685418943578,4.5,Y,0.502568493150685,gray,0,-0.5973248747702009,0.8686888434063414,1.5924044447022392,-0.1677101701184421
72126549,51.043009,-114.0208117,519.803396294185,-11.5,Y,0.006140917905623777,gray,0,-0.46892820891946907,-1.5965080400182536,-0.7548518775094594,-0.1677101701184421
72129341,45.54322978,-122.9356403,61.76930739970333,2.25,Y,0.00143020594965675,gray,0,-0.5822456395103549,0.5220205316747579,-0.7771255161470862,-0.1677101701184421
72130779,44.93717469,-123.0322667,1322.3559790529405,2.25,Y,0,gray,0,-0.27037705563783576,0.5220205316747579,-0.7838879526530346,-0.1677101701184421
72131792,44.93598069,-123.0307333,1342.1339473792923,2.25,Y,0,gray,0,-0.2654839950395308,0.5220205316747579,-0.7838879526530346,-0.1677101701184421
72170089,49.17831944,-122.895075,3612.7695334706264,2,Y,0.05528501861930679,gray,0,0.2962702426093085,0.48350183037124855,-0.5224840420952873,-0.1677101701184421
72190734,49.18785483,-122.8080871,3857.307797917362,1.5,Y,0.11304596060519556,melanic,1,0.3567689008535913,0.40646442776423,-0.24937323396511502,-0.1677101701184421
72197861,49.20627995,-123.9735506,1238.999207509385,1.5,Y,0.08200138985406533,gray,0,-0.2909994839738263,0.40646442776423,-0.3961611414055242,-0.1677101701184421
72210258,49.18675288,-122.8150308,3956.389582463253,1.5,Y,0.2109038737446198,melanic,1,0.381281690437003,0.40646442776423,0.21332790664248866,-0.1677101701184421
72213782,37.3255314,-122.0477783,2189.077379912453,5.5,Y,0,gray,0,-0.055950565197821545,1.0227636486203786,-0.7838879526530346,-0.1677101701184421
72217734,49.02745397,-122.656718,399.69932870869985,1,Y,0.2630972941853771,melanic,1,-0.49864190200975916,0.3294270251572114,0.4601138271203009,-0.1677101701184421
72223036,51.04448571,-114.0718831,3009.7273431852977,-11,Y,0.00114155251141552,melanic,1,0.14707787200220276,-1.519470637411235,-0.7784903549304787,-0.1677101701184421
72231188,47.83652226,-122.1866599,1273.8338618229336,2.25,Y,0.02089295935890097,gray,0,-0.2823814059354417,0.5220205316747579,-0.6850998647417551,-0.1677101701184421
72231498,47.83651014,-122.1866886,1274.1988847860296,2.25,Y,0.02085118537560697,gray,0,-0.28229109941615066,0.5220205316747579,-0.6852973844833659,-0.1677101701184421
72231923,47.83655827,-122.1866599,1273.6633347681168,2.25,Y,0.020797720797720787,gray,0,-0.2824235942532255,0.5220205316747579,-0.685550180812006,-0.1677101701184421
72231981,47.83656547,-122.1865741,1272.7052959844586,2.25,Y,0.02202517162471395,gray,0,-0.2826606126236978,0.5220205316747579,-0.6797464304614309,-0.1677101701184421
72232050,47.83659427,-122.1865956,1272.8002262793354,2.25,Y,0.02119129438717067,gray,0,-0.2826371269108186,0.5220205316747579,-0.6836892485387821,-0.1677101701184421
72236928,48.46654964,-123.3709245,4153.76184511521,3.5,Y,0.04187704187704188,gray,0,0.4301115007413222,0.7146140381923043,-0.5858809195971315,-0.1677101701184421
72241773,49.277455,-123.0254278,3329.2470724777427,2,Y,0.00772532188841201,gray,0,0.2261269114173813,0.48350183037124855,-0.7473603471211621,-0.1677101701184421
72248568,51.05543568,-114.0702458,3138.0588378906255,-11,Y,0.013570566948130271,melanic,1,0.17882702691553004,-1.519470637411235,-0.7197223005953877,-0.1677101701184421
72275587,45.64318085,-122.5204163,2183.50830078125,2.25,Y,0.010568409025992568,gray,0,-0.057328352906654376,0.5220205316747579,-0.7339173907040244,-0.1677101701184421
72277217,49.20886554,-123.9733232,1165.9502260188535,1.5,Y,0.18193717277486915,gray,0,-0.3090717696191316,0.40646442776423,0.07636478175705372,-0.1677101701184421
72300196,44.56691657,-123.2655833,573.8806647051281,2.5,Y,0,gray,0,-0.4555495166817534,0.5605392329782671,-0.7838879526530346,-0.1677101701184421
72303739,51.02822756,-113.9881562,438.5563071390785,-11.5,Y,0.006395348837209299,gray,0,-0.48902870276757276,-1.5965080400182536,-0.753648852853878,-0.1677101701184421
72321440,47.63451915,-122.1976002,1115.4276123046875,2.75,Y,0.03198172472872644,gray,0,-0.3215710418602945,0.5990579342817764,-0.6326689041791874,-0.1677101701184421
72338626,51.14868587,-114.1507199,2430.8730322234765,-12,Y,0.004024144869215291,gray,0,0.0038695720196170584,-1.6735454426252723,-0.7648606061542054,-0.1677101701184421
72339812,51.05552135,-114.0733461,3138.058837890625,-11,Y,0.01386795296955079,melanic,1,0.17882702691552993,-1.519470637411235,-0.7183161715773289,-0.1677101701184421
72373867,47.015862,-122.885595,1146.7623291015625,1.25,Y,0.018297995933778673,gray,0,-0.3138188468123557,0.36794572646072066,-0.6973696188997903,-0.1677101701184421
72379989,48.44065833,-123.30887,3114.530569226601,3.75,Y,0.02123840861501645,gray,0,0.17300614367582534,0.7531327394958136,-0.683466478542328,-0.1677101701184421
72384178,48.46236675,-123.3123029,2121.60400390625,3.5,Y,0.13316224693470202,gray,0,-0.07264344851742327,0.7146140381923043,-0.1542574857252119,-0.1677101701184421
72401683,37.3264751,-122.0479441,2239.867112284231,5.5,Y,0,gray,0,-0.04338520791915293,1.0227636486203786,-0.7838879526530346,-0.1677101701184421
72404814,44.93404297,-123.0302207,1335.443876864541,2.25,Y,0,gray,0,-0.2671391155198279,0.5220205316747579,-0.7838879526530346,-0.1677101701184421
72411553,49.04523468,-122.3183517,1716.5335072927,1.25,Y,0.02055001511030522,gray,0,-0.1728577098515749,0.36794572646072066,-0.6867214065251365,-0.1677101701184421
72417891,37.26247818,-122.3270653,14.381322577511074,5.5,Y,0.7250357653791131,gray,0,-0.5939694059529173,1.0227636486203786,2.644295470227143,-0.1677101701184421
72418968,45.47423841,-122.6529721,2226.3390336924263,3.25,Y,0.02054124551679165,gray,0,-0.04673204856709442,0.676095336888795,-0.6867628717556039,-0.1677101701184421
72457790,49.872445569999996,-119.4377439,1065.981969563018,-4.75,Y,0.12010294538175578,gray,0,-0.33380387196017747,-0.5565031048235025,-0.2160057238618424,-0.1677101701184421
72458882,51.04021825,-114.0164529,464.8547973632813,-11.5,Y,0.0035749106272343154,gray,0,-0.48252246794164755,-1.5965080400182536,-0.7669847184461612,-0.1677101701184421
72475139,47.554055,-122.1174145,1308.5581968780805,2.25,Y,0.15178316690442226,gray,0,-0.27379062083269196,0.5220205316747579,-0.06621227167208958,-0.1677101701184421
72494544,49.33619197,-123.042329,948.61767578125,0.5,Y,0.13893653516295026,melanic,1,-0.3628397462257011,0.25238962255019276,-0.12695494407381896,-0.1677101701184421
72504520,44.93662869,-123.0319948,1322.9692798259312,2.25,Y,0,gray,0,-0.270225325298414,0.5220205316747579,-0.7838879526530346,-0.1677101701184421
72545134,45.59385622,-122.952784,93.03402747259078,2.25,Y,0.005720823798627,gray,0,-0.574510761620908,0.5220205316747579,-0.7568382066292414,-0.1677101701184421
72552048,47.40050001,-122.4658461,114.09542379658689,3.25,Y,0.49739687625150186,gray,0,-0.5693001815048035,0.676095336888795,1.5679515112472997,-0.1677101701184421
72564403,49.0322403,-122.6878731,132.04885864257812,1,Y,0.2706118931341568,melanic,1,-0.564858509680903,0.3294270251572114,0.4956450723028458,-0.1677101701184421
72566437,33.55570125,-101.8658781,1978.562627343482,-0.75,Y,0,gray,0,-0.10803182168283268,0.05979611603264629,-0.7838879526530346,-0.1677101701184421
72568640,44.93581842,-123.0308574,1337.7793771528752,2.25,Y,0,gray,0,-0.2665613137835923,0.5220205316747579,-0.7838879526530346,-0.1677101701184421
72572000,44.93682422,-123.032634,1317.1930041761962,2.25,Y,0,gray,0,-0.2716543733341017,0.5220205316747579,-0.7838879526530346,-0.1677101701184421
72575546,37.3264271,-122.0480396,2238.499172051636,5.5,Y,0,gray,0,-0.043723635726423175,1.0227636486203786,-0.7838879526530346,-0.1677101701184421
72577640,49.26298043,-123.0960141,8076.319565860523,3,Y,0,melanic,1,1.4005505423684175,0.6375766355852857,-0.7838879526530346,-0.1677101701184421
72610044,49.1501487,-123.9460251,1295.8905029296875,1.5,Y,0.04621968616262482,gray,0,-0.2769246027011775,0.40646442776423,-0.5653476137077093,-0.1677101701184421
72610899,38.5532648,-121.3505172,1975.0184475561884,5.75,Y,0,gray,0,-0.10890865019142168,1.061282349923888,-0.7838879526530346,-0.1677101701184421
72620826,44.93622458,-123.0320017,1320.583252249744,2.25,Y,0,gray,0,-0.2708156274632706,0.5220205316747579,-0.7838879526530346,-0.1677101701184421
72621087,48.4632973,-123.3727793,4161.07080078125,3.5,Y,0.023428232502965593,gray,0,0.4319197331337569,0.7146140381923043,-0.6731123438773038,-0.1677101701184421
72622531,48.79414363,-123.6351746,216.91449869812237,1.5,Y,0.5475578406169666,melanic,1,-0.54386278794378,0.40646442776423,1.8051273785970336,-0.1677101701184421
72640079,44.93759616,-123.0315378,1339.2398123650046,2.25,Y,0,gray,0,-0.2662000027593793,0.5220205316747579,-0.7838879526530346,-0.1677101701184421
72640398,49.3043057,-123.0028975,1431.4222412109375,2,Y,0.18563432835820895,melanic,1,-0.24339411071832917,0.48350183037124855,0.09384602625260909,-0.1677101701184421
72650942,45.48173381,-122.6303636,2409.888828183854,3.25,Y,0.01091640333237575,gray,0,-0.0013219107595450433,0.676095336888795,-0.732271970754602,-0.1677101701184421
72653711,44.93640171,-123.032471,1317.1408388027105,2.25,Y,0,gray,0,-0.27166727902438226,0.5220205316747579,-0.7838879526530346,-0.1677101701184421
72662144,47.22540738,-122.3864482,848.1917505415074,2.25,Y,0.14281550568347423,gray,0,-0.38768507562104587,0.5220205316747579,-0.1086140248098598,-0.1677101701184421
72663959,47.172535,-122.2755583,1167.0943603515625,1.25,Y,0.232,gray,0,-0.30878871129230195,0.36794572646072066,0.313076627697464,-0.1677101701184421
72717839,37.48727833,-122.2525417,1541.2816162109375,6.25,Y,0,gray,0,-0.2162149500332202,1.1383197525309066,-0.7838879526530346,-0.1677101701184421
72736539,47.74391408,-122.6296438,505.6536869279751,2.75,Y,0.2321786430002863,gray,0,-0.4724288407454904,0.5990579342817764,0.3139213046105743,-0.1677101701184421
72738405,37.3207065,-122.0435096,1859.028336244702,5.5,Y,0,gray,0,-0.13760455232283803,1.0227636486203786,-0.7838879526530346,-0.1677101701184421
72754252,48.42317629,-123.4162697,3393.407958984375,3,Y,0.02698795180722892,gray,0,0.24200028630289108,0.6375766355852857,-0.6562809387360675,-0.1677101701184421
72760247,48.46643846,-123.3715493,4153.236622867635,3.5,Y,0.04505038529934796,gray,0,0.4299815609900516,0.7146140381923043,-0.570876413840416,-0.1677101701184421
72841812,49.29541111,-123.1475139,3059.1586394751557,2.5,Y,0.4873572593800979,melanic,1,0.15930715279626592,0.5605392329782671,1.5204812349187675,-0.1677101701184421
72847815,45.45253253,-122.7963872,2799.825439453125,2.5,Y,0,gray,0,0.0951482340477997,0.5605392329782671,-0.7838879526530346,-0.1677101701184421
72850632,49.17117742,-123.0935614,610.845344672904,2.5,Y,0.4554823933581449,gray,0,-0.4464044712405445,0.5605392329782671,1.3697674459985087,-0.1677101701184421
72860674,48.51950665,-123.4301846,161.66189648458985,2.5,Y,0.6831930152790769,gray,0,-0.557532257243346,0.5605392329782671,2.446450578829743,-0.1677101701184421
72867384,48.492001,-123.374016,1876.5025634765627,3.5,Y,0.10254213081976578,gray,0,-0.13328143625028754,0.7146140381923043,-0.2990384461748006,-0.1677101701184421
72903197,45.53844667,-122.881395,2174.5140075174727,2.25,Y,0.008297567954220311,gray,0,-0.059553537073824415,0.5220205316747579,-0.7446545985632456,-0.1677101701184421
72926908,48.46248075,-123.3694388,4161.07080078125,3.5,Y,0.03389830508474576,gray,0,0.4319197331337569,0.7146140381923043,-0.6236067457052703,-0.1677101701184421
72934563,49.0173338,-122.6563929,146.77545879646038,1,Y,0.2146118721461187,melanic,1,-0.5612151553296907,0.3294270251572114,0.2308604191874911,-0.1677101701184421
72935785,37.26875967,-121.9423501,2404.6462066813165,6,Y,0,gray,0,-0.0026189329957326695,1.0998010512273972,-0.7838879526530346,-0.1677101701184421
72936065,51.04252222,-114.0213667,504.0973144304845,-11.5,Y,0.006152849740932642,melanic,1,-0.47281388661158225,-1.5965080400182536,-0.7547954602650094,-0.1677101701184421
72937673,37.30127167,-121.888405,3701.1293945312495,6.25,Y,0,melanic,1,0.3181304330744425,1.1383197525309066,-0.7838879526530346,-0.1677101701184421
72942268,48.43825038,-123.3423528,4161.07080078125,3.5,Y,0,gray,0,0.4319197331337569,0.7146140381923043,-0.7838879526530346,-0.1677101701184421
72954809,44.9377441,-123.0319727,1331.4036854890433,2.25,Y,0,gray,0,-0.2681386570755052,0.5220205316747579,-0.7838879526530346,-0.1677101701184421
72957530,48.46655278,-123.3699278,4159.784600464957,3.5,Y,0.04072532699167657,gray,0,0.4316015277455526,0.7146140381923043,-0.5913265680277702,-0.1677101701184421
72984978,37.24897833,-121.8062583,1689.21168069789,5.25,Y,0,melanic,1,-0.17961711764204363,0.9842449473168694,-0.7838879526530346,-0.1677101701184421
73054610,47.56119156,-122.3056488,1636.4530648612072,3.25,Y,0.03424657534246575,gray,0,-0.19266957581731667,0.676095336888795,-0.6219600209763549,-0.1677101701184421
73061956,49.09769709,-121.9651743,1143.7652587890625,1.5,Y,0.26098418277680135,melanic,1,-0.3145603206793608,0.40646442776423,0.4501224117343435,-0.1677101701184421
73069640,37.3319607,-122.0458584,2435.293474102329,5.5,Y,0,gray,0,0.004963187381296676,1.0227636486203786,-0.7838879526530346,-0.1677101701184421
73074717,49.05175588,-122.4606423,176.70560614670683,1,Y,0.0163323782234957,gray,0,-0.5538104501403399,0.3294270251572114,-0.706663640480351,-0.1677101701184421
73074745,49.05154616,-122.4603646,162.82548469124296,1,Y,0.016337059329320718,gray,0,-0.5572443860367245,0.3294270251572114,-0.7066415068282522,-0.1677101701184421
73079652,45.56701667,-122.8341617,1613.0933837890625,2.25,Y,0.0108416547788873,gray,0,-0.19844875056150868,0.5220205316747579,-0.7326254040115385,-0.1677101701184421
73082095,49.0518178,-122.4625776,200.3027982501284,1,Y,0.014912532262689985,gray,0,-0.5479725152722753,0.3294270251572114,-0.7133770918965475,-0.1677101701184421
73082531,49.05284896,-122.4636467,273.283325922448,1,Y,0.0143348623853211,gray,0,-0.5299171650712569,0.3294270251572114,-0.716108485838828,-0.1677101701184421
73145857,49.212347,-122.965352,3875.6318632069183,2,Y,0.13112884834663627,melanic,1,0.3613022664849657,0.48350183037124855,-0.16387199533229313,-0.1677101701184421
73168026,48.47403325,-123.3693291,3308.3178599845155,3.5,Y,0.05954766676209562,gray,0,0.22094903352242504,0.7146140381923043,-0.5023289816162521,-0.1677101701184421
73169322,37.23725467,-121.9727121,1096.8614501953125,5.25,Y,0.002371775867180548,gray,0,-0.32616430213759434,0.9842449473168694,-0.7726734952442968,-0.1677101701184421
73169363,37.54060617,-122.5162328,235.1444818838939,7.25,Y,0.04281496062992125,gray,0,-0.5393526981831844,1.2923945577449438,-0.5814461624800833,-0.1677101701184421
73170003,37.20647769,-121.9834485,66.65126080659853,4.5,Y,0.6675732849803565,gray,0,-0.5810378464011804,0.8686888434063414,2.372595876707657,-0.1677101701184421
73177754,37.04035008,-122.0641918,323.8502794361378,5.25,Y,0.5611079383209595,gray,0,-0.5174069231833431,0.9842449473168694,1.8691962460175893,-0.1677101701184421
73204288,49.01901521,-123.0853325,1509.1932373046873,2.5,Y,0.03336285798641866,gray,0,-0.22415360075299387,0.5605392329782671,-0.6261384978669784,-0.1677101701184421
73226968,38.046075,-121.3282383,309.08744421539564,4.75,Y,0,gray,0,-0.5210592420740372,0.9072075447098508,-0.7838879526530346,-0.1677101701184421
73235982,45.55169,-122.8565667,1664.4743743926306,2.25,Y,0,gray,0,-0.18573711625834202,0.5220205316747579,-0.7838879526530346,-0.1677101701184421
73237220,45.55393167,-122.852555,1651.1401371169657,2.25,Y,0,gray,0,-0.18903600065058132,0.5220205316747579,-0.7838879526530346,-0.1677101701184421
73237989,45.55214333,-122.8563883,1663.4171867282075,2.25,Y,0,gray,0,-0.18599866401797263,0.5220205316747579,-0.7838879526530346,-0.1677101701184421
73250487,33.5560842,-101.8698594,1987.60009765625,-0.75,Y,0,gray,0,-0.10579595553287852,0.05979611603264629,-0.7838879526530346,-0.1677101701184421
73303606,47.68304969,-122.339661,3712.344970703125,3.25,Y,0.006402561024409763,gray,0,0.32090516164859906,0.676095336888795,-0.7536147515008359,-0.1677101701184421
73306867,49.20321795,-123.9753679,1316.0282353613893,1.5,Y,0.023364485981308403,melanic,1,-0.2719425366226571,0.40646442776423,-0.6734137562754867,-0.1677101701184421
73325597,44.93580583,-123.0313872,1327.1853587743894,2.25,Y,0,gray,0,-0.2691822692351399,0.5220205316747579,-0.7838879526530346,-0.1677101701184421
73332127,45.5528387,-122.6279353,2698.997579912388,3,Y,0.006575185820468828,gray,0,0.07020346628452702,0.6375766355852857,-0.7527985304363228,-0.1677101701184421
73357220,38.52641999,-121.7933783,137.6826696033828,4.25,Y,0,gray,0,-0.5634647073461161,0.8301701421028322,-0.7838879526530346,-0.1677101701184421
73358085,49.23,-122.8063889,2120.3739802066916,1.5,Y,0.0676378772112383,gray,0,-0.0729477558355451,0.40646442776423,-0.46407607510637694,-0.1677101701184421
73358108,49.05249026,-122.4630518,244.58734568776532,1,Y,0.014330753797649755,gray,0,-0.5370165378632025,0.3294270251572114,-0.716127912455857,-0.1677101701184421
73358194,49.05141474,-122.4605632,157.97488355273975,1,Y,0.016337059329320718,gray,0,-0.5584444226085943,0.3294270251572114,-0.7066415068282522,-0.1677101701184421
73358235,49.05156397,-122.4607623,167.71013191879442,1,Y,0.016900601546834718,melanic,1,-0.5560359264775135,0.3294270251572114,-0.7039769126379719,-0.1677101701184421
73361547,37.7677096,-122.4693109,6888.411132812499,7.5,Y,0.11747601046815934,gray,0,1.1066625225156899,1.3309132590484531,-0.22842664866831397,-0.1677101701184421
73372909,48.5450225,-123.5199719,32.92326736450195,1.5,Y,1,gray,0,-0.5893821370304421,0.40646442776423,3.9444076523060105,-0.1677101701184421
73399569,37.269675,-121.9636833,2524.2534028559803,6,Y,0,gray,0,0.026971834327734624,1.0998010512273972,-0.7838879526530346,-0.1677101701184421
73400937,49.20740103,-123.9698001,1228.5269859415962,1.5,Y,0.14179687500000002,melanic,1,-0.2935903069483881,0.40646442776423,-0.11343041179360736,-0.1677101701184421
73403267,44.07496935,-115.6640482,0.19059482196966815,-8.25,Y,0.18742791234140713,gray,0,-0.5974801857102797,-1.0957649230726327,0.10232662151748997,-0.1677101701184421
73413220,33.59394444,-101.88,1105.8629150390625,-1,Y,0,gray,0,-0.3239373437247175,0.02127741472913699,-0.7838879526530346,-0.1677101701184421
73418834,49.05210513,-122.4632083,223.5959638545642,1,Y,0.014592274678111583,gray,0,-0.5422097964253147,0.3294270251572114,-0.7148913644261644,-0.1677101701184421
73419522,49.05151624,-122.4628375,186.31187430859444,1,Y,0.016360505166475314,gray,0,-0.5514338636546059,0.3294270251572114,-0.7065306479794796,-0.1677101701184421
73422660,44.85479667,-123.2395167,858.4260691201467,2.25,Y,0,gray,0,-0.3851531097405606,0.5220205316747579,-0.7838879526530346,-0.1677101701184421
73433663,33.5556648,-101.8666439,1983.2754133389783,-0.75,Y,0,melanic,1,-0.10686588051626295,0.05979611603264629,-0.7838879526530346,-0.1677101701184421
73433666,33.5556648,-101.8666439,1983.2754133389783,-0.75,Y,0,gray,0,-0.10686588051626295,0.05979611603264629,-0.7838879526530346,-0.1677101701184421
73447462,47.68468902,-117.3469267,932.1942153739544,-2,Y,0.04349070100143061,gray,0,-0.36690290305155604,-0.13279739048490022,-0.5782510622513822,-0.1677101701184421
73456793,37.23937131,-121.970595,1096.8614501953125,5.25,Y,0.004878048780487803,gray,0,-0.32616430213759434,0.9842449473168694,-0.7608230960434782,-0.1677101701184421
73468929,47.83630748,-122.1866921,1275.1910324044052,2.25,Y,0.022025171624713954,gray,0,-0.2820456425350863,0.5220205316747579,-0.6797464304614309,-0.1677101701184421
73468930,47.83630748,-122.1866921,1275.1910324044052,2.25,Y,0.02088100686498855,gray,0,-0.2820456425350863,0.5220205316747579,-0.6851563796661895,-0.1677101701184421
73469056,37.7690919,-122.4644286,6888.4111328125,7.5,Y,0.12092352092352092,gray,0,1.1066625225156899,1.3309132590484531,-0.21212580013417745,-0.1677101701184421
73496627,45.50151208,-122.681845,2651.569719832102,2.25,Y,0.09742857142857143,gray,0,0.058469834720785034,0.5220205316747579,-0.32321686656988186,-0.1677101701184421
73498669,36.96956267,-121.9892487,2321.5029296875,5.25,Y,0.005258545135845742,gray,0,-0.023188542874739006,0.9842449473168694,-0.7590239967987363,-0.1677101701184421
73504455,48.46475556,-123.3060389,2121.60400390625,3.5,Y,0.15961098398169338,gray,0,-0.07264344851742327,0.7146140381923043,-0.02920003858920518,-0.1677101701184421
73516126,44.90383667,-123.0682,731.4895866784743,2.25,Y,0.16461846241783368,gray,0,-0.4165571392381317,0.5220205316747579,-0.005523200307675805,-0.1677101701184421
73534126,37.28124722,-121.8130583,1595.1453426721205,5.5,Y,0,gray,0,-0.20288908797923302,1.0227636486203786,-0.7838879526530346,-0.1677101701184421
73554608,49.23810216,-122.8766678,2323.965367022338,2,Y,0.01832235900372172,melanic,1,-0.022579336969457183,0.48350183037124855,-0.6972544231032554,-0.1677101701184421
73566371,49.16842416,-123.1443972,3957.1873850452566,2.5,Y,0.017518667432510043,gray,0,0.381479066442203,0.5605392329782671,-0.7010545144271582,-0.1677101701184421
73568936,44.93475833,-123.0350333,1317.072021484375,2.25,Y,0,gray,0,-0.2716843043984385,0.5220205316747579,-0.7838879526530346,-0.1677101701184421
73581225,48.45450534,-123.3267018,3203.960145381355,3.75,Y,0.02948754652161465,gray,0,0.1951309811811474,0.7531327394958136,-0.6444621160338586,-0.1677101701184421
73615862,45.5592,-122.8425367,1616.1599234086768,2.25,Y,0.00257216347527865,gray,0,-0.1976900900187125,0.5220205316747579,-0.7717260033976384,-0.1677101701184421
73624641,49.16311374,-123.1455384,4707.386600931666,2,Y,0.01750861079219288,melanic,1,0.567078019962733,0.48350183037124855,-0.7011020651953704,-0.1677101701184421
73643659,49.14783776,-122.8177747,3920.0537644270617,1.5,Y,0.05496707701116519,melanic,1,0.3722922251589552,0.40646442776423,-0.5239873640036968,-0.1677101701184421
73683545,45.49489963,-122.5105658,2267.2135150587196,3.25,Y,0.18129825564769805,gray,0,-0.036619719992723954,0.676095336888795,0.07334379271271757,-0.1677101701184421
73687513,45.48519312,-122.6722847,1832.847738298856,2.5,Y,0.07641921397379912,gray,0,-0.1440816206513478,0.5605392329782671,-0.4225553190862953,-0.1677101701184421
73688417,48.41423526,-123.3634644,4161.07080078125,3.5,Y,0.04,gray,0,0.4319197331337569,0.7146140381923043,-0.5947561284546727,-0.1677101701184421
73688427,48.41085955,-123.3603335,4161.07080078125,3.5,Y,0.048188270451998506,gray,0,0.4319197331337569,0.7146140381923043,-0.5560395652642722,-0.1677101701184421
73693250,48.46484264,-123.3741476,4161.07080078125,3.5,Y,0.03059103059103059,gray,0,0.4319197331337569,0.7146140381923043,-0.6392445171582969,-0.1677101701184421
73693265,48.46555649,-123.3742289,4161.07080078125,3.5,Y,0.03829029385574355,gray,0,0.4319197331337569,0.7146140381923043,-0.602840124502332,-0.1677101701184421
73693410,50.9096089,-114.0842303,2863.5660012259864,-12.5,Y,0,melanic,1,0.1109176207804633,-1.750582845232291,-0.7838879526530346,-0.1677101701184421
73696408,44.8484524,-123.2339888,858.4923095703126,2.25,Y,0,gray,0,-0.3851367218825475,0.5220205316747579,-0.7838879526530346,-0.1677101701184421
73703461,44.93022307,-123.0338365,1317.072021484375,2.25,Y,0,gray,0,-0.2716843043984385,0.5220205316747579,-0.7838879526530346,-0.1677101701184421
73709342,44.93522,-123.0337612,1317.072021484375,2.25,Y,0,gray,0,-0.2716843043984385,0.5220205316747579,-0.7838879526530346,-0.1677101701184421
73720520,49.19322957,-121.9720525,389.03167206944335,1.25,Y,0.4497955474784189,gray,0,-0.5012810755343848,0.36794572646072066,1.3428783576193208,-0.1677101701184421
73721702,49.17264517,-123.9671384,1426.3635284760926,1.5,Y,0.14502038439138032,gray,0,-0.24464563400689837,0.40646442776423,-0.09818870650579967,-0.1677101701184421
73721712,49.17264517,-123.9671384,1426.3635284760926,1.5,Y,0.14721254355400698,gray,0,-0.24464563400689837,0.40646442776423,-0.08782352997178132,-0.1677101701184421
73722209,49.17176022,-123.9693749,1422.6878675323585,1.5,Y,0.12839217974905165,melanic,1,-0.24555499089531804,0.40646442776423,-0.1768117734344819,-0.1677101701184421
73722435,49.17207353,-123.9712238,1428.486955050186,1.5,Y,0.12244897959183673,melanic,1,-0.2441202992135745,0.40646442776423,-0.20491298061723312,-0.1677101701184421
73748454,45.5479187,-122.7288207,663.20025634765625,2.25,Y,0.5435031482541499,gray,0,-0.43345188929601064,0.5220205316747579,1.7859555945184669,-0.1677101701184421
73757810,48.47431167,-123.3384167,3351.7862914928155,3.5,Y,0.06716204629894255,gray,0,0.23170310421228416,0.7146140381923043,-0.4663259443176886,-0.1677101701184421
73777992,49.13830919,-123.1612032,4572.83031984414,2,Y,0.0017133066818960502,gray,0,0.5337888556572874,0.48350183037124855,-0.7757869321990786,-0.1677101701184421
73789711,51.03549052,-113.8191241,455.5916851597368,-12.5,Y,0.006141248720573174,gray,0,-0.48481415779537496,-1.750582845232291,-0.7548503133185881,-0.1677101701184421
73806426,49.26417881,-121.9490285,9.147720096795998,1,Y,0.6327044025157232,gray,0,-0.5952641968871032,0.3294270251572114,2.2077254930002983,-0.1677101701184421
73818253,49.21159991,-122.9272193,3306.3580358378717,2,Y,0.0034324942791762,gray,0,0.2204641738971433,0.48350183037124855,-0.7676581050387588,-0.1677101701184421
73822332,49.05259218,-122.4635355,256.2665904933645,1,Y,0.01432664756446991,gray,0,-0.5341270978745615,0.3294270251572114,-0.7161473279401542,-0.1677101701184421
73823805,49.05249889,-122.4635041,250.26462617976784,1,Y,0.014314342971657599,gray,0,-0.535611981185663,0.3294270251572114,-0.7162055076922695,-0.1677101701184421
73850584,33.58003707,-101.8790042,1281.2134709299237,-0.75,Y,0,gray,0,-0.28055569391302965,0.05979611603264629,-0.7838879526530346,-0.1677101701184421
73853720,50.97737285,-114.0300867,2091.7156069057833,-11.5,Y,0.028610354223433238,melanic,1,-0.08003782468874242,-1.5965080400182536,-0.6486097405220537,-0.1677101701184421
73872288,38.6169693,-121.3119915,1587.3185434836146,5.75,Y,0,gray,0,-0.20482543462961658,1.061282349923888,-0.7838879526530346,-0.1677101701184421
73872321,37.76771883,-122.4693109,6888.411132812499,7.5,Y,0.11740773031095612,gray,0,1.1066625225156899,1.3309132590484531,-0.22874949743552384,-0.1677101701184421
73898407,38.55566667,-121.7304783,1733.8688767419706,5,Y,0,gray,0,-0.1685689471328952,0.9457262460133601,-0.7838879526530346,-0.1677101701184421
73917875,49.10200833,-121.9235389,88.57185363769531,1.5,Y,0.38602520045819017,gray,0,-0.5756147014500169,0.40646442776423,1.0413533060768605,-0.1677101701184421
73922036,44.8484524,-123.2339888,858.4923095703126,2.25,Y,0,gray,0,-0.3851367218825475,0.5220205316747579,-0.7838879526530346,-0.1677101701184421
73948555,48.41443509,-123.3646769,4161.07080078125,3.5,Y,0.04007455731593662,gray,0,0.4319197331337569,0.7146140381923043,-0.5944035994254121,-0.1677101701184421
73948556,48.41370872,-123.3620162,4161.07080078125,3.5,Y,0.04016189290161892,gray,0,0.4319197331337569,0.7146140381923043,-0.5939906509594739,-0.1677101701184421
73959194,48.44582602,-123.3130914,2646.73741861945,3.75,Y,0.02595550484883057,gray,0,0.05727432554246043,0.7531327394958136,-0.6611626531518158,-0.1677101701184421
73964914,44.93733324,-123.032074,1326.3986042829583,2.25,Y,0,gray,0,-0.2693769119476288,0.5220205316747579,-0.7838879526530346,-0.1677101701184421
73998591,47.60917,-122.319345,5929.86572265625,3.25,Y,0,gray,0,0.8695188128722444,0.676095336888795,-0.7838879526530346,-0.1677101701184421
74000269,45.53662167,-122.6645583,3347.1201171875005,3,Y,0,gray,0,0.23054869475720682,0.6375766355852857,-0.7838879526530346,-0.1677101701184421
74009669,45.46395408,-122.7049822,1643.816549294321,2.5,Y,0.011731044349070102,gray,0,-0.19084785303207508,0.5605392329782671,-0.7284201072157468,-0.1677101701184421
74010381,48.43425274,-123.4959523,1347.6127961490267,2.5,Y,0.11506693249786386,gray,0,-0.26412853028213507,0.5605392329782671,-0.23981748144726575,-0.1677101701184421
74017175,49.34989298,-123.1800264,838.0126621771942,0.5,Y,0.3361921097770154,melanic,1,-0.39020337757098494,0.25238962255019276,0.8057277224275363,-0.1677101701184421
74019542,37.4309964,-122.1755104,1973.370639009388,6,Y,0,melanic,1,-0.10931631729558812,1.0998010512273972,-0.7838879526530346,-0.1677101701184421
74022216,49.05259616,-122.4637163,258.5936662808677,1,Y,0.014289797084881387,gray,0,-0.5335513803560978,0.3294270251572114,-0.7163215679008332,-0.1677101701184421
74022255,49.05238873,-122.4636275,245.05251530496272,1,Y,0.014347202295552365,melanic,1,-0.536901455106072,0.3294270251572114,-0.716050139095516,-0.1677101701184421
74025324,49.30530187,-123.0042419,1431.4222412109375,2,Y,0.20187601957585646,gray,0,-0.24339411071832917,0.48350183037124855,0.17064154345411375,-0.1677101701184421
74025326,49.30349808,-123.0029454,1431.4222412109375,2,Y,0.17215568862275446,gray,0,-0.24339411071832917,0.48350183037124855,0.030115033230633276,-0.1677101701184421
74026552,47.16082371,-122.2829024,1187.1497417266428,1.25,Y,0.1246034035188924,gray,0,-0.30382701882869156,0.36794572646072066,-0.19472622743171716,-0.1677101701184421
74043078,47.63729681,-117.4217587,1616.8089599609375,-2,Y,0.03714285714285714,gray,0,-0.19752951866333748,-0.13279739048490022,-0.6082655444688414,-0.1677101701184421
74063811,47.67536157,-117.3598739,1134.390588427247,-2,Y,0.0014602803738317722,melanic,1,-0.3168796099720016,-0.13279739048490022,-0.7769833153794378,-0.1677101701184421
74071481,48.43712918,-123.3273645,4160.719615153785,3.75,Y,0,gray,0,0.4318328499651682,0.7531327394958136,-0.7838879526530346,-0.1677101701184421
74086336,49.30416667,-123.1408333,2089.77685546875,2.5,Y,0.7388833166165162,gray,0,-0.080517470935006,0.5605392329782671,2.7097707858824016,-0.1677101701184421
74091779,37.39999061,-121.9428236,1661.5947265624998,6.5,Y,0,gray,0,-0.18644953985525078,1.1768384538344159,-0.7838879526530346,-0.1677101701184421
74091783,37.39999061,-121.9428236,1661.5947265624998,6.5,Y,0,gray,0,-0.18644953985525078,1.1768384538344159,-0.7838879526530346,-0.1677101701184421
74093379,33.5813193,-101.8746573,1219.4869080907386,-0.75,Y,0,gray,0,-0.29582681820211,0.05979611603264629,-0.7838879526530346,-0.1677101701184421
74095662,45.19976137,-123.2001232,483.2416443020097,2.25,Y,0.00943126607602172,gray,0,-0.47797357015809283,0.5220205316747579,-0.7392941387165818,-0.1677101701184421
74095710,44.93766667,-123.0324778,1322.291429241757,2.25,Y,0,gray,0,-0.27039302523251396,0.5220205316747579,-0.7838879526530346,-0.1677101701184421
74118442,45.62710309,-122.2265398,59.05538300747239,1.25,Y,0.6142653352353781,gray,0,-0.5829170632021763,0.36794572646072066,2.120540132219098,-0.1677101701184421
74150240,49.20691587,-123.9768707,1201.0163479778228,1.5,Y,0.0711622125543816,melanic,1,-0.3003964265878568,0.40646442776423,-0.44741197579299063,-0.1677101701184421
74152045,51.02532453,-113.9881859,441.7675743874424,-11.5,Y,0.006320022981901749,gray,0,-0.48823423667356747,-1.5965080400182536,-0.7540050157644684,-0.1677101701184421
74152154,50.99313,-114.1273945,1144.964967224898,-12,Y,0.005159625927120282,melanic,1,-0.31426351334404823,-1.6735454426252723,-0.7594917160585991,-0.1677101701184421
74155782,44.93678787,-123.0323291,1319.5237211205829,2.25,Y,0,gray,0,-0.2710777549950388,0.5220205316747579,-0.7838879526530346,-0.1677101701184421
74157335,47.65118762,-122.3059212,4166.9521484375,3.25,Y,0.0018201674554058896,gray,0,0.43337477593728835,0.676095336888795,-0.7752816628733494,-0.1677101701184421
74167621,33.56885823,-101.9048335,1667.1107028312574,-0.75,Y,0,gray,0,-0.18508488977105167,0.05979611603264629,-0.7838879526530346,-0.1677101701184421
74184267,47.56915,-117.4157222,51.744016892393915,-2,Y,0.5024334383051818,gray,0,-0.5847258919386348,-0.13279739048490022,1.5917658654698184,-0.1677101701184421
74184528,37.3264856,-122.0476153,2236.8952545409893,5.5,Y,0,gray,0,-0.04412044420769776,1.0227636486203786,-0.7838879526530346,-0.1677101701184421
74188046,49.16725634,-123.1437284,4160.229969196624,2.5,Y,0.017523700086182127,gray,0,0.4317117117723786,0.5605392329782671,-0.7010307185529192,-0.1677101701184421
74197615,47.83657452,-122.1828396,1229.1255368158163,2.25,Y,0.06826620965438446,gray,0,-0.293442225727385,0.5220205316747579,-0.4611051335769958,-0.1677101701184421
74197616,47.83704083,-122.1832136,1231.196482131673,2.25,Y,0.06482010279840092,gray,0,-0.29292987477408905,0.5220205316747579,-0.477399345478362,-0.1677101701184421
74201694,49.29288273,-123.1462819,4248.539590103464,2.5,Y,0.336153161175423,gray,0,0.45355947284573334,0.5605392329782671,0.8055435619258076,-0.1677101701184421
74204491,49.17632805,-123.9618767,1444.503804394107,1.5,Y,0.11759607049985553,melanic,1,-0.24015773778458757,0.40646442776423,-0.22785896934811362,-0.1677101701184421
74242769,48.99417365,-123.8086207,378.1963468236806,0.5,Y,0.039417828987265,melanic,1,-0.5039617301979491,0.25238962255019276,-0.5975088050955222,-0.1677101701184421
74316273,37.3249866,-122.047165,2151.732984908489,5.5,Y,0,gray,0,-0.06518955197069297,1.0227636486203786,-0.7838879526530346,-0.1677101701184421
74321125,49.17076288,-123.9701281,1415.1078384987688,1.5,Y,0.13484452194129615,gray,0,-0.24743028671874434,0.40646442776423,-0.14630319220520044,-0.1677101701184421
74321126,49.17071534,-123.9701062,1414.6266481585233,1.5,Y,0.13411078717201166,gray,0,-0.2475493329956566,0.40646442776423,-0.14977250709001388,-0.1677101701184421
74321234,49.17077618,-123.9728744,1420.282116829773,1.5,Y,0.13420669577874816,melanic,1,-0.24615017255290422,0.40646442776423,-0.14931902284630397,-0.1677101701184421
74331286,48.71813889,-122.5048667,2256.623046875,2.25,Y,0.050098231827111976,melanic,1,-0.03923979712765986,0.5220205316747579,-0.5470087032886816,-0.1677101701184421
74335246,47.07557486,-122.7132009,535.97637939453125,2.25,Y,0.020000000000000004,gray,0,-0.4649270200683413,0.5220205316747579,-0.6893220405538537,-0.1677101701184421
74364123,33.5977278,-101.8396042,731.19976806640625,-1,Y,0,gray,0,-0.4166288402343092,0.02127741472913699,-0.7838879526530346,-0.1677101701184421
74455858,49.20579665,-123.9822386,1201.8773465648965,1.5,Y,0.03221167673281564,gray,0,-0.30018341591901104,0.40646442776423,-0.6315816231289009,-0.1677101701184421
74461695,37.77250781,-122.4584261,6888.411132812501,7.5,Y,0.06729398346164814,melanic,1,1.1066625225156903,1.3309132590484531,-0.465702106411137,-0.1677101701184421
74464605,51.02037406,-114.0613822,2873.74853515625,-11.25,Y,0.0011461318051575902,melanic,1,0.11343677516189146,-1.5579893387147443,-0.7784687026760041,-0.1677101701184421
74534509,47.751074,-120.740138,3.233897073233063,-5.25,Y,0.7554858934169278,gray,0,-0.5967272740821148,-0.6335405074305211,2.788272676798783,-0.1677101701184421
74534945,47.85728089,-122.2176059,1695.6010263319502,2.25,Y,0.14130434782608697,gray,0,-0.1780363963639477,0.5220205316747579,-0.11575922586534329,-0.1677101701184421
74534951,47.85729491,-122.2176646,1696.2073692476429,2.25,Y,0.140893470790378,gray,0,-0.1778863873953377,0.5220205316747579,-0.11770197394746461,-0.1677101701184421
74551130,33.55552559,-101.8656642,1977.0994845152632,-0.75,Y,0,gray,0,-0.10839380257006627,0.05979611603264629,-0.7838879526530346,-0.1677101701184421
74566991,49.38848695,-121.4470537,20.918968258660644,-0.5,Y,0.20497925311203324,gray,0,-0.5923519953088983,0.09831481733615559,0.18531454894437993,-0.1677101701184421
74575137,36.61284679,-121.9159749,1248.7375186078657,6.5,Y,0.0060051472690877804,gray,0,-0.28859023012410084,1.1768384538344159,-0.7554938412134751,-0.1677101701184421
74577790,44.93706145,-123.0310124,1346.30602650419,2.25,Y,0,gray,0,-0.2644518245131048,0.5220205316747579,-0.7838879526530346,-0.1677101701184421
74577962,33.59090654,-101.9079017,1139.7649308263674,-1,Y,0,gray,0,-0.31555000004437833,0.02127741472913699,-0.7838879526530346,-0.1677101701184421
74578482,33.5563455,-101.8699618,1987.60009765625,-0.75,Y,0,gray,0,-0.10579595553287852,0.05979611603264629,-0.7838879526530346,-0.1677101701184421
74578871,48.41433576,-123.3661984,4161.07080078125,3.5,Y,0.0408745247148289,gray,0,0.4319197331337569,0.7146140381923043,-0.5906211170891192,-0.1677101701184421
74578873,48.41421733,-123.3662023,4161.07080078125,3.5,Y,0.04110898661567878,gray,0,0.4319197331337569,0.7146140381923043,-0.5895125119138004,-0.1677101701184421
74578909,48.41549233,-123.3636677,4161.07080078125,3.5,Y,0.03791887125220458,gray,0,0.4319197331337569,0.7146140381923043,-0.6045963203662278,-0.1677101701184421
74582495,49.32810325,-123.1121131,4294.135415903846,2.5,Y,0.1413012324448266,melanic,1,0.464839859940588,0.5605392329782671,-0.11577395630886453,-0.1677101701184421
74642285,49.21467916,-123.9935711,1021.743408203125,1.5,Y,0.35244956772334296,gray,0,-0.3447484724339976,0.40646442776423,0.8825977893829634,-0.1677101701184421
74682254,49.01348569,-122.4638418,54.69163326181199,1,Y,0.20276497695852533,melanic,1,-0.5839966529552302,0.3294270251572114,0.17484479673958284,-0.1677101701184421
74683289,49.01269427,-122.4602228,51.61813888009463,1,Y,0.202819332566168,melanic,1,-0.5847570341030883,0.3294270251572114,0.17510180612030454,-0.1677101701184421
74688297,44.93183728,-123.0166167,1864.392009296285,2.25,Y,0,gray,0,-0.1362775819870668,0.5220205316747579,-0.7838879526530346,-0.1677101701184421
74694736,45.20112478,-123.1988975,505.1507775913024,2.25,Y,0.01229273870783304,gray,0,-0.4725532602924928,0.5220205316747579,-0.7257642502478777,-0.1677101701184421
74788237,45.47317581,-122.65312,2171.497543625233,3.25,Y,0.02407704654895666,gray,0,-0.06029980890386179,0.676095336888795,-0.6700445592752085,-0.1677101701184421
74790369,37.3238417,-122.0451892,2060.602003057614,5.5,Y,0,gray,0,-0.08773531649116904,1.0227636486203786,-0.7838879526530346,-0.1677101701184421
74793860,51.04739753,-114.0403277,950.5502649372218,-11.5,Y,0.005499541704857926,gray,0,-0.362361624525041,-1.5965080400182536,-0.7578844937806659,-0.1677101701184421
74799882,47.00750371,-122.8639312,1132.8135526139615,1.25,Y,0.1278996865203762,gray,0,-0.31726976793326306,0.36794572646072066,-0.17914042700310012,-0.1677101701184421
74804243,37.77113333,-122.4642033,6888.411132812501,7.5,Y,0.11729106628242077,gray,0,1.1066625225156903,1.3309132590484531,-0.22930111944890438,-0.1677101701184421
74810600,51.04441667,-114.0493222,1625.62249213764,-11,Y,0.0029877502240812657,melanic,1,-0.19534905470899608,-1.519470637411235,-0.7697609863997957,-0.1677101701184421
74810619,51.04051944,-114.0132833,464.8547973632813,-11.5,Y,0.003558718861209961,gray,0,-0.48252246794164755,-1.5965080400182536,-0.7670612779022907,-0.1677101701184421
74844092,36.98530586,-122.0149822,2321.5029296875,5.5,Y,0.02546494992846924,melanic,1,-0.023188542874739006,1.0227636486203786,-0.6634821418257514,-0.1677101701184421
74880156,50.99318333,-114.1277612,1157.513095193067,-12,Y,0.005817711700064635,melanic,1,-0.31115911204607816,-1.6735454426252723,-0.7563800919907001,-0.1677101701184421
74883021,50.993175,-114.1278612,1157.9208169969024,-12,Y,0.005787781350482313,melanic,1,-0.3110582418525124,-1.6735454426252723,-0.7565216115310852,-0.1677101701184421
74897174,37.549699,-122.339124,1585.106201171875,6.5,Y,0.13803943983995426,melanic,1,-0.2053727671370265,1.1768384538344159,-0.13119667594677029,-0.1677101701184421
74899521,44.95196748,-123.0106496,2035.8911131532748,2.25,Y,0,gray,0,-0.09384877970158761,0.5220205316747579,-0.7838879526530346,-0.1677101701184421
74905167,49.21662168,-122.9598242,3886.5751953125,2,Y,0.06114285714285714,gray,0,0.3640096419977803,0.48350183037124855,-0.4947864499498244,-0.1677101701184421
74906824,49.81388346,-119.6255698,439.9897155761718,-3.75,Y,0.052316890881913304,gray,0,-0.48867407815552527,-0.4024282996094653,-0.536518227430962,-0.1677101701184421
74932295,49.2501243,-123.0824216,5889.296011351441,2.5,Y,0,gray,0,0.8594818842760105,0.5605392329782671,-0.7838879526530346,-0.1677101701184421
74938812,37.28687742,-122.0243624,1869.6405119225572,5.25,Y,0,gray,0,-0.13497910476347377,0.9842449473168694,-0.7838879526530346,-0.1677101701184421
74966876,49.23077222,-122.0091889,38.71965355808793,0.5,Y,0.5287958115183246,melanic,1,-0.5879481136551187,0.25238962255019276,1.716414958869811,-0.1677101701184421
74972260,47.71103695,-122.3782266,2018.967041015625,3.25,Y,0.3570066730219256,gray,0,-0.09803578764766012,0.676095336888795,0.9041451303375874,-0.1677101701184421
74999436,48.77200472,-122.4795162,1232.8678651172954,1.5,Y,0.07267525035765379,gray,0,-0.2925163753642063,0.40646442776423,-0.44025788579764186,-0.1677101701184421
75004579,49.23858667,-122.89769,3516.1206675420176,2,Y,0.1724728726442033,melanic,1,0.2723593560135381,0.48350183037124855,0.03161477304521307,-0.1677101701184421
75004590,49.23858667,-122.89769,3516.1206675420176,2,Y,0.17362700228832953,gray,0,0.2723593560135381,0.48350183037124855,0.03707183916908806,-0.1677101701184421
75008445,49.1723155,-123.9696919,1427.9239281634534,1.5,Y,0.12845103167683816,gray,0,-0.24425959181581752,0.40646442776423,-0.17653350412298557,-0.1677101701184421
75015719,45.46312,-122.7786033,2559.56423144309,3.25,Y,0,gray,0,0.035707717670356943,0.676095336888795,-0.7838879526530346,-0.1677101701184421
75044931,36.97931545,-121.9454017,1392.2343749999998,5.25,Y,0.018214285714285714,gray,0,-0.2530891714507758,0.9842449473168694,-0.6977654255627092,-0.1677101701184421
75076061,37.417516,-122.103401,3345.6527411579073,6,Y,0,melanic,1,0.2301856665778294,1.0998010512273972,-0.7838879526530346,-0.1677101701184421
75077300,33.55366202,-101.866601,1983.295218623467,-0.75,Y,0,gray,0,-0.10686098069765818,0.05979611603264629,-0.7838879526530346,-0.1677101701184421
75079987,49.38116944,-121.4260167,64.54145006911675,-0.5,Y,0.2802962962962963,gray,0,-0.5815598126425612,0.09831481733615559,0.5414357932110416,-0.1677101701184421
75141795,37.55687778,-122.2727556,2994.24733559388,6.75,Y,0,gray,0,0.14324812498485584,1.2153571551379252,-0.7838879526530346,-0.1677101701184421
75245480,37.33019747,-121.9656529,3721.376161827972,6,Y,0,melanic,1,0.32313947433024454,1.0998010512273972,-0.7838879526530346,-0.1677101701184421
75252122,44.934475,-123.0368638,1317.072021484375,2.25,Y,0,gray,0,-0.2716843043984385,0.5220205316747579,-0.7838879526530346,-0.1677101701184421
75257161,44.93638333,-123.0321667,1319.4431079127403,2.25,Y,0,gray,0,-0.2710976986669311,0.5220205316747579,-0.7838879526530346,-0.1677101701184421
75275940,49.171255,-123.9695833,1418.5896482140167,1.5,Y,0.13085199185809826,melanic,1,-0.24656888853833692,0.40646442776423,-0.1651810546502518,-0.1677101701184421
75277814,49.87075667,-119.49736,1998.1633746128653,-3.75,Y,0.003950338600451462,gray,0,-0.10318260549547702,-0.4024282996094653,-0.7652095840104198,-0.1677101701184421
75318217,49.2029229,-123.9756918,1322.3566716079067,1.5,Y,0.023856858846918485,gray,0,-0.2703768843000441,0.40646442776423,-0.6710856718190216,-0.1677101701184421
75341419,33.55576621,-101.8693522,1987.6000976562495,-0.75,Y,0,gray,0,-0.10579595553287863,0.05979611603264629,-0.7838879526530346,-0.1677101701184421
75341423,33.55623616,-101.8701379,1987.60009765625,-0.75,Y,0,gray,0,-0.10579595553287852,0.05979611603264629,-0.7838879526530346,-0.1677101701184421
75364536,49.1723155,-123.9696919,1427.9239281634534,1.5,Y,0.1285257342250654,melanic,1,-0.24425959181581752,0.40646442776423,-0.17618028839252342,-0.1677101701184421
75370931,49.23468333,-122.8922694,3386.1823332540907,2,Y,0.07022552098201541,melanic,1,0.2402126696996303,0.48350183037124855,-0.45184093043781187,-0.1677101701184421
75380493,37.9802475,-122.5730438,444.6478576660156,6.25,Y,0.06178489702517163,gray,0,-0.48752165586699564,1.1383197525309066,-0.4917506955960684,-0.1677101701184421
75399741,37.76784476,-122.4764274,6888.411132812499,7.5,Y,0.15310304449648712,gray,0,1.1066625225156899,1.3309132590484531,-0.059971500254445344,-0.1677101701184421
75401358,47.05322751,-122.9667475,966.3761225711584,2.25,Y,0.1942053930005737,gray,0,-0.3584463143604563,0.5220205316747579,0.13437255353092226,-0.1677101701184421
75405286,47.78868353,-122.3312194,2167.815557535937,3.25,Y,0.011927181418706833,gray,0,-0.06121073063049016,0.676095336888795,-0.7274927131714138,-0.1677101701184421
75475486,44.939187,-123.066282,1051.777018440086,2.25,Y,0.03033175355450237,gray,0,-0.33731817057232855,0.5220205316747579,-0.64047045563058,-0.1677101701184421
75485134,45.583405,-122.7480617,1729.563720703125,2.5,Y,0.008431085043988264,gray,0,-0.16963404082885197,0.5605392329782671,-0.744023290294509,-0.1677101701184421
75487257,47.6838,-122.0988,1425.804622161891,2.25,Y,0.14506437768240343,gray,0,-0.24478390718132345,0.5220205316747579,-0.09798069322120738,-0.1677101701184421
75495105,37.44124435,-122.181861,1772.2397133116203,6,Y,0,gray,0,-0.15907601917159406,1.0998010512273972,-0.7838879526530346,-0.1677101701184421
75500142,49.17347427,-123.1984003,590.0400390625,2.5,Y,0.2122360584731998,gray,0,-0.45155169462760614,0.5605392329782671,0.21962686983962695,-0.1677101701184421
75510228,49.26549959,-123.2475542,1884.2208251953125,2.5,Y,0.05712653527563553,melanic,1,-0.1313719417218176,0.5605392329782671,-0.5137768069827092,-0.1677101701184421
75515653,47.04772995,-122.8932265,1072.9324951171875,2,Y,0,melanic,1,-0.3320843150185625,0.48350183037124855,-0.7838879526530346,-0.1677101701184421
75515973,49.17166167,-123.1966467,590.0400390625,2.5,Y,0.14332706766917294,gray,0,-0.45155169462760614,0.5605392329782671,-0.10619520852121646,-0.1677101701184421
75542893,47.73858515,-122.6494947,756.64874267578125,2.75,Y,0.06286606794221007,gray,0,-0.4103327751949854,0.5990579342817764,-0.486638599900826,-0.1677101701184421
75559734,49.1501653,-123.9461187,1295.8905029296875,1.5,Y,0.04472934472934473,melanic,1,-0.2769246027011775,0.40646442776423,-0.5723943885565759,-0.1677101701184421
75567305,37.46967567,-122.1782506,1936.5719904000275,6.25,Y,0,gray,0,-0.11842028665231048,1.1383197525309066,-0.7838879526530346,-0.1677101701184421
75589868,45.47478489,-122.6704519,1766.8529108234366,2.5,Y,0.04862236628849271,gray,0,-0.16040871171972929,0.5605392329782671,-0.5539870318284457,-0.1677101701184421
75589882,45.4772384,-122.6707324,1785.0022519642791,2.5,Y,0.03556308213378492,gray,0,-0.15591857276530852,0.5605392329782671,-0.6157351877010617,-0.1677101701184421
75627209,48.02988611,-122.7735896,136.57492570891958,2.75,Y,0.08157444381061038,gray,0,-0.563738762694652,0.5990579342817764,-0.3981798685063469,-0.1677101701184421
75629706,45.50806491,-122.5916897,2667.00634765625,2.25,Y,0.09329867128827267,gray,0,0.0622888496029355,0.5220205316747579,-0.3427442552521762,-0.1677101701184421
75636509,37.76718,-122.4970083,6888.4111328125,7.5,Y,0.1969872537659328,gray,0,1.1066625225156899,1.3309132590484531,0.1475260135613776,-0.1677101701184421
75669014,45.537455,-122.8825133,2272.5865478802193,2.25,Y,0.01001717229536348,gray,0,-0.03529043405402364,0.5220205316747579,-0.7365238009147499,-0.1677101701184421
75686646,47.66777833,-117.4028083,1828.6759626142896,-2,Y,0,gray,0,-0.14511371610677037,-0.13279739048490022,-0.7838879526530346,-0.1677101701184421
75687290,47.66715754,-117.4028894,1819.2354430254231,-2,Y,0,gray,0,-0.14744929646899907,-0.13279739048490022,-0.7838879526530346,-0.1677101701184421
75690311,37.45752716,-122.236145,524.1371378443167,6,Y,0.00943126607602172,gray,0,-0.46785604318068924,1.0998010512273972,-0.7392941387165818,-0.1677101701184421
75699968,49.2834161,-123.0386825,5166.425240987354,2,Y,0.011376896149358225,melanic,1,0.6806439760656823,0.48350183037124855,-0.7300946245919486,-0.1677101701184421
75715136,45.85433955,-122.8152572,739.956743480297,2,Y,0.05732301519059902,gray,0,-0.4144623683980213,0.48350183037124855,-0.5128477918643246,-0.1677101701184421
75717861,47.89244461,-122.3112793,1376.32421875,2.75,Y,0.1312929061784897,gray,0,-0.2570253370556132,0.5990579342817764,-0.16309628140698137,-0.1677101701184421
75718428,49.2290368,-123.015801,6322.156200357903,2,Y,0.20165903890160183,gray,0,0.9665713031917222,0.48350183037124855,0.16961559468567453,-0.1677101701184421
75730706,44.93640833,-123.0318667,1323.4978125006048,2.25,Y,0,gray,0,-0.2700945665489465,0.5220205316747579,-0.7838879526530346,-0.1677101701184421
75734611,49.33592796,-123.0757239,5201.015105410088,0.5,Y,0.03419777714448561,melanic,1,0.6892014931935707,0.25238962255019276,-0.6221907532813944,-0.1677101701184421
75749224,49.87023,-119.49668,2016.985020283299,-3.75,Y,0.00382722799343903,gray,0,-0.09852613869840207,-0.4024282996094653,-0.7657916873524805,-0.1677101701184421
75817514,51.16553371,-114.0741078,1588.4265674373248,-11.5,Y,0.0025670279520821405,melanic,1,-0.20455130999454707,-1.5965080400182536,-0.7717502856693976,-0.1677101701184421
75817719,51.15476026,-114.1787728,626.546941307533,-12,Y,0.006592146746918888,gray,0,-0.4425199031921158,-1.6735454426252723,-0.7527183341623329,-0.1677101701184421
75836101,45.48493833,-122.8314883,2802.606529234973,3.25,Y,0,gray,0,0.09583627442724447,0.676095336888795,-0.7838879526530346,-0.1677101701184421
75852017,49.28167794,-123.0425872,5913.8118713914355,2.5,Y,0.01087267525035765,gray,0,0.8655470971844277,0.5605392329782671,-0.7324787300526215,-0.1677101701184421
75858239,45.46968,-122.7138217,1754.4187693430256,2.5,Y,0.036825578075934916,gray,0,-0.163484912811147,0.5605392329782671,-0.6097657336865153,-0.1677101701184421
75870572,49.2641516,-123.1681054,4630.29345703125,2.5,Y,0,melanic,1,0.548005210329603,0.5605392329782671,-0.7838879526530346,-0.1677101701184421
75899774,37.978280410000004,-122.5881761,444.6478576660156,5.5,Y,0.3839132915002853,melanic,1,-0.48752165586699564,1.0227636486203786,1.0313675762331254,-0.1677101701184421
75915759,51.07877419,-114.0837727,2638.3861905073613,-11.5,Y,8.56898029134533e-4,melanic,1,0.05520823540881037,-1.5965080400182536,-0.7798362854679798,-0.1677101701184421
75935418,51.05462921,-114.0374967,1263.757285527501,-11.5,Y,0,melanic,1,-0.28487434644497334,-1.5965080400182536,-0.7838879526530346,-0.1677101701184421
75935930,44.93215833,-123.0157556,1913.3256445175327,2.25,Y,0,gray,0,-0.12417142232081348,0.5220205316747579,-0.7838879526530346,-0.1677101701184421
75936943,47.78522695,-122.3258476,2070.139433180047,3.25,Y,0.02602348460806093,gray,0,-0.08537576050588694,0.676095336888795,-0.6608412247550207,-0.1677101701184421
75936953,47.78491959,-122.3265489,2069.8054701799138,3.25,Y,0.020919175911251975,gray,0,-0.08545838280410685,0.676095336888795,-0.6849759051324967,-0.1677101701184421
75936961,47.78521317,-122.3269197,2077.280940696851,3.25,Y,0.0181009844395046,gray,0,-0.08360895471135985,0.676095336888795,-0.6983011474822929,-0.1677101701184421
75937313,47.78544434,-122.3259976,2074.565236862063,3.25,Y,0.025990491283676694,gray,0,-0.08428081863648106,0.676095336888795,-0.6609972269456996,-0.1677101701184421
75938661,38.52746833,-121.7963333,164.65919670923242,4.25,Y,0,gray,0,-0.5567907264961788,0.8301701421028322,-0.7838879526530346,-0.1677101701184421
75943958,37.7730466,-122.4556943,6888.411132812499,7.25,Y,0.06444254348445966,gray,0,1.1066625225156899,1.2923945577449438,-0.4791845575230818,-0.1677101701184421
75948892,49.16317783,-123.1698217,2999.5132075670367,2.5,Y,0.003432494279176199,melanic,1,0.14455089937716997,0.5605392329782671,-0.7676581050387588,-0.1677101701184421
75949786,37.37622406,-122.0582259,2346.4037728321628,6.25,Y,0,gray,0,-0.017028085316852088,1.1383197525309066,-0.7838879526530346,-0.1677101701184421
75952634,37.77392099,-122.4626734,6888.411132812499,7.5,Y,0.09585121602288985,gray,0,1.1066625225156899,1.3309132590484531,-0.3306750692020245,-0.1677101701184421
75976219,37.36628335,-122.0760215,2364.34130859375,6,Y,0,gray,0,-0.012590346919386526,1.0998010512273972,-0.7838879526530346,-0.1677101701184421
75984485,50.86373115,-114.0187951,125.59089660644533,-12.5,Y,0.006872852233676976,gray,0,-0.5664562066264608,-1.750582845232291,-0.7513910756430068,-0.1677101701184421
75986733,49.13999167,-123.1210333,5060.54833984375,2,Y,0.00799771493858897,melanic,1,0.6544500776476054,0.48350183037124855,-0.746072392259189,-0.1677101701184421
75991561,49.04528427,-122.3166428,1693.4024511919704,1.25,Y,0.02083962549078828,gray,0,-0.17858032287916586,0.36794572646072066,-0.6853520430359479,-0.1677101701184421
75994267,48.48041131,-123.5482644,86.83695983886719,1.5,Y,0.8633633633633634,gray,0,-0.5760439134069387,0.40646442776423,3.2983492438206157,-0.1677101701184421
75995048,48.45108333,-123.3393867,4161.07080078125,3.5,Y,0.00685322672758423,gray,0,0.4319197331337569,0.7146140381923043,-0.7514838708372101,-0.1677101701184421
75995328,51.05264,-114.07568499999999,3136.9620581573186,-11,Y,0.013893083660525518,melanic,1,0.17855568409560485,-1.519470637411235,-0.7181973462416434,-0.1677101701184421
75996904,33.58227525,-101.9117256,1166.74906471368,-0.75,Y,0,gray,0,-0.30887413728007845,0.05979611603264629,-0.7838879526530346,-0.1677101701184421
75998975,51.0447331,-114.0718831,3014.2855810133547,-11,Y,0.0025758443045220303,gray,0,0.14820557802064407,-1.519470637411235,-0.7717085993489042,-0.1677101701184421
76002643,37.76997996,-122.4710025,6888.4111328125,7.5,Y,0.13275109170305677,gray,0,1.1066625225156899,1.3309132590484531,-0.15620154919995607,-0.1677101701184421
76003213,50.98304574,-114.089903,2107.111743561153,-11.5,Y,0.006534006534006531,melanic,1,-0.07622882730380194,-1.5965080400182536,-0.7529932382755178,-0.1677101701184421
76003474,50.98306722,-114.0899603,2103.748755934357,-11.5,Y,0.0065359477124182965,melanic,1,-0.07706082895218855,-1.5965080400182536,-0.7529840598101649,-0.1677101701184421
76015666,47.24264177,-122.3714548,767.325439453125,1.75,Y,0.004005722460658081,gray,0,-0.40769136514420357,0.4449831290677393,-0.7649477127476192,-0.1677101701184421
76019579,33.55587937,-101.8650561,1972.4442174061992,-0.75,Y,0,gray,0,-0.10954551358962515,0.05979611603264629,-0.7838879526530346,-0.1677101701184421
76019616,33.55587937,-101.8650561,1972.4442174061992,-0.75,Y,0,gray,0,-0.10954551358962515,0.05979611603264629,-0.7838879526530346,-0.1677101701184421
76031097,47.71198979,-122.3787604,2018.967041015625,3.25,Y,0.3826266804550155,gray,0,-0.09803578764766012,0.676095336888795,1.0252840988824843,-0.1677101701184421
76042925,49.21554111,-122.9596613,3886.5751953125,2,Y,0.06742857142857143,gray,0,0.3640096419977803,0.48350183037124855,-0.4650657347186532,-0.1677101701184421
76067498,49.1278879,-122.7057372,1548.42121476815,1,Y,0.03547925608011445,melanic,1,-0.21444861651444994,0.3294270251572114,-0.6161315420622129,-0.1677101701184421
76138595,37.54975424,-122.3349437,1585.106201171875,6.5,Y,0.09046803652968036,gray,0,-0.2053727671370265,1.1768384538344159,-0.3561283331404726,-0.1677101701184421
76154984,36.98178664,-121.9279321,1142.0469124097092,5.25,Y,0.102088948787062,gray,0,-0.31498543881203833,0.9842449473168694,-0.30118122478828024,-0.1677101701184421
76178583,49.16324167,-122.65532,1379.353311039186,1,Y,0.08984597832287507,melanic,1,-0.2562759409657682,0.3294270251572114,-0.35906960822573875,-0.1677101701184421
76180252,49.17128,-123.0934617,596.5795844220153,2.5,Y,0.4531160663236135,melanic,1,-0.44993381400400145,0.5605392329782671,1.3585787522812387,-0.1677101701184421
76180264,49.17123167,-123.095035,874.1051152238314,2.5,Y,0.4641120960823562,gray,0,-0.38127412068349303,0.5605392329782671,1.4105712314615007,-0.1677101701184421
76181403,51.07257045,-114.0889869,3138.0588378906245,-11.5,Y,0.00199657729606389,melanic,1,0.17882702691552982,-1.5965080400182536,-0.7744475449990946,-0.1677101701184421
76181407,51.0730836,-114.0914945,3123.2215889651116,-11.5,Y,0.00228963938179736,melanic,1,0.1751562981072558,-1.5965080400182536,-0.773061860827141,-0.1677101701184421
76183830,51.07328931,-114.0758364,3138.058837890625,-11,Y,0,melanic,1,0.17882702691552993,-1.519470637411235,-0.7838879526530346,-0.1677101701184421
76183989,51.08765207,-114.0785505,1471.930157307367,-11.5,Y,0,gray,0,-0.2333724702292606,-1.5965080400182536,-0.7838879526530346,-0.1677101701184421
76184015,51.08782996,-114.0788971,1448.9390434057473,-11.5,Y,0,melanic,1,-0.23906046161881442,-1.5965080400182536,-0.7838879526530346,-0.1677101701184421
76206385,48.99277662,-123.8130022,396.11171455904775,0.5,Y,0.030031376064545045,gray,0,-0.49952947616034543,0.25238962255019276,-0.641890729196174,-0.1677101701184421
76223321,47.71194921,-122.349969,2167.5941920030123,3.25,Y,0.0022792022792022704,gray,0,-0.06126549636522608,0.676095336888795,-0.7731112105334698,-0.1677101701184421
76237373,50.97570745,-114.0999806,1221.0601026620257,-11.5,Y,0.0029293299157817647,melanic,1,-0.2954376105624165,-1.5965080400182536,-0.7700372148867686,-0.1677101701184421
76241455,47.61818421,-122.3183527,5929.86572265625,3.25,Y,0,gray,0,0.8695188128722444,0.676095336888795,-0.7838879526530346,-0.1677101701184421
76255705,47.67171225,-122.3031689,4003.3837093245247,3.25,Y,0.02535612535612535,gray,0,0.3929080165945921,0.676095336888795,-0.6639966965728764,-0.1677101701184421
76264525,50.9335957,-114.0075988,2224.774161125775,-11.5,Y,0.006851448146994699,melanic,1,-0.047119197346529286,-1.5965080400182536,-0.7514922804919947,-0.1677101701184421
76280521,49.12944438,-122.8336624,2926.137485454576,1.5,Y,0.02597773337139594,melanic,1,0.12639777824681156,0.40646442776423,-0.6610575501262652,-0.1677101701184421
76286270,49.1718484,-123.0956661,1000.041474938026,2.5,Y,0.4629418472063854,gray,0,-0.3501175211054436,0.5605392329782671,1.4050379488445395,-0.1677101701184421
76286271,49.1718484,-123.0956661,1000.041474938026,2.5,Y,0.46347031963470325,gray,0,-0.3501175211054436,0.5605392329782671,1.4075367227046969,-0.1677101701184421
76299220,50.89709769,-114.0942394,3013.786865234375,-12.5,Y,0.00599486154724521,melanic,1,0.14808219595795633,-1.750582845232291,-0.755542475146857,-0.1677101701184421
76304985,50.97431864,-114.0327644,2174.4973098163373,-11.5,Y,0.022788203753351197,melanic,1,-0.05955766807768486,-1.5965080400182536,-0.6761385890011529,-0.1677101701184421
76311263,51.08447783,-114.193025,2135.389081192647,-11.5,Y,0.011072261072261067,gray,0,-0.06923302650634197,-1.5965080400182536,-0.7315350292881034,-0.1677101701184421
76315165,45.58821505,-122.7580713,1659.4966018852383,2.5,Y,0,gray,0,-0.1869686149705123,0.5605392329782671,-0.7838879526530346,-0.1677101701184421
76346046,47.744625,-122.3141033,1635.1636906387394,3.25,Y,0.07367218732153054,gray,0,-0.192988566428502,0.676095336888795,-0.4355440731329222,-0.1677101701184421
76374690,37.76713167,-122.4413383,7135.496718700355,7.25,Y,0.03419777714448561,gray,0,1.1677913869555276,1.2923945577449438,-0.6221907532813944,-0.1677101701184421
76380510,47.2471519,-122.5512348,1812.589111328125,2.25,Y,0.09798387096774193,gray,0,-0.14909359598524335,0.5220205316747579,-0.3205912461993862,-0.1677101701184421
76386486,37.42406654,-122.2102524,1571.8414844514502,6,Y,0.00400114318376679,melanic,1,-0.20865445217471104,1.0998010512273972,-0.7649693649224182,-0.1677101701184421
76398265,51.033391,-114.063839,2873.74853515625,-11.25,Y,0.004289390906491269,melanic,1,0.11343677516189146,-1.5579893387147443,-0.7636064444819206,-0.1677101701184421
76398272,51.034196,-114.065275,2873.74853515625,-11.25,Y,0.004004576659038896,melanic,1,0.11343677516189146,-1.5579893387147443,-0.7649531304363795,-0.1677101701184421
76398278,51.03419,-114.065285,2873.74853515625,-11.25,Y,0.004009163802978234,gray,0,0.11343677516189146,-1.5579893387147443,-0.7649314410638518,-0.1677101701184421
76402190,51.08648306,-114.0774918,1627.693918978587,-11.5,Y,0,melanic,1,-0.19483658462660625,-1.5965080400182536,-0.7838879526530346,-0.1677101701184421
76407128,50.97593211,-114.0308947,2122.6810716040786,-11.5,Y,0.027201632097925865,melanic,1,-0.07237698244633899,-1.5965080400182536,-0.6552705951566988,-0.1677101701184421
76417356,49.2361273,-122.9713764,3807.2538454864734,2,Y,0.14710585225455708,melanic,1,0.34438557520619956,0.48350183037124855,-0.08832799797405766,-0.1677101701184421
76420251,47.28252471,-122.205206,543.944246426679,1.75,Y,0.10967741935483871,gray,0,-0.4629557732959623,0.4449831290677393,-0.26530069275430057,-0.1677101701184421
76420261,47.28065259,-122.2007263,496.707275390625,1.75,Y,0.14722303849544519,gray,0,-0.47464217899476363,0.4449831290677393,-0.08777390678630476,-0.1677101701184421
76420313,47.28102351,-122.2056263,508.7972002085221,1.75,Y,0.12128348542831908,gray,0,-0.4716511369530943,0.4449831290677393,-0.21042378154819902,-0.1677101701184421
76424041,47.29913559,-122.2171655,1137.052001953125,2,Y,0,gray,0,-0.3162211774452431,0.48350183037124855,-0.7838879526530346,-0.1677101701184421
76424047,47.29981114,-122.2156968,1137.052001953125,2,Y,2.8677946659019213e-4,gray,0,-0.3162211774452431,0.48350183037124855,-0.7825319745615636,-0.1677101701184421
76424048,47.29914132,-122.215637,1137.052001953125,2,Y,0.0014363688595231217,gray,0,-0.3162211774452431,0.48350183037124855,-0.7770963760874514,-0.1677101701184421
76429148,47.37303868,-122.3244059,2214.8408203125,2.25,Y,0.20766442257897458,gray,0,-0.049576701461257394,0.5220205316747579,0.19801082393348887,-0.1677101701184421
76429995,50.89760855,-114.0134102,1659.6431541223842,-12.25,Y,0.047932330827067667,melanic,1,-0.18693235801199465,-1.7120641439287816,-0.5572497234679676,-0.1677101701184421
76431786,50.899444,-114.015556,1712.5858212287144,-12.25,Y,0.03971232020012508,gray,0,-0.17383436563418272,-1.7120641439287816,-0.5961163635880569,-0.1677101701184421
76433859,45.50747052,-122.7968596,2426.2598360591182,2.5,Y,0.01345548239335814,gray,0,0.002728269333132447,0.5605392329782671,-0.7202664543899154,-0.1677101701184421
76445487,49.1718484,-123.0956661,1000.041474938026,2.5,Y,0.465600913502712,gray,0,-0.3501175211054436,0.5605392329782671,1.4176108003267553,-0.1677101701184421
76445488,49.1718484,-123.0956661,1000.041474938026,2.5,Y,0.4630527817403709,melanic,1,-0.3501175211054436,0.5605392329782671,1.4055624801140212,-0.1677101701184421
76445492,49.1718484,-123.0956661,1000.041474938026,2.5,Y,0.4643980554761224,gray,0,-0.3501175211054436,0.5605392329782671,1.411923332006242,-0.1677101701184421
76455618,37.32242,-121.8609783,4309.412137052246,6,Y,0,melanic,1,0.46861931398202944,1.0998010512273972,-0.7838879526530346,-0.1677101701184421
76534109,49.29959706,-122.8654396,2035.8988703222385,1.5,Y,0.5454545454545454,gray,0,-0.09384686058142398,0.40646442776423,1.7951823773246263,-0.1677101701184421
76550128,51.08135492,-114.076548,2379.4318353246135,-11,Y,0,melanic,1,-0.00885695729432201,-1.519470637411235,-0.7838879526530346,-0.1677101701184421
76554992,49.18316224,-122.8091336,3876.076904296875,1.5,Y,0.19673071408087178,melanic,1,0.3614123694533779,0.40646442776423,0.14631301809600605,-0.1677101701184421
76554999,49.18788684,-122.8095807,3922.856180932675,1.5,Y,0.1259662181505869,melanic,1,0.3729855417604075,0.40646442776423,-0.18828243699830222,-0.1677101701184421
76567207,51.00889476,-114.0551381,2732.466653784863,-11.25,Y,0,melanic,1,0.07848370032701794,-1.5579893387147443,-0.7838879526530346,-0.1677101701184421
76571875,51.1477277,-114.1185578,3578.93994140625,-11.5,Y,2.8563267637817766e-4,melanic,1,0.28790081652592353,-1.5965080400182536,-0.7825373969246829,-0.1677101701184421
76576112,37.433593,-122.103687,1469.9559468446523,6,Y,0.002237851662404086,gray,0,-0.23386088902276225,1.0998010512273972,-0.773306728473139,-0.1677101701184421
76577103,49.032583,-123.073999,1509.1932373046875,2.5,Y,0.02946224256292906,gray,0,-0.22415360075299381,0.5605392329782671,-0.6445817606304998,-0.1677101701184421
76595117,47.92178057,-122.2500689,2402.4373065739983,2.25,Y,0.027738061195310252,gray,0,-0.0031654139032943176,0.5220205316747579,-0.652734199813164,-0.1677101701184421
76600176,51.10574341,-114.0243009,0.6771013140678406,-11.5,Y,0,gray,0,-0.5973598242197553,-1.5965080400182536,-0.7838879526530346,-0.1677101701184421
76600612,47.60863808,-122.1779558,2097.827198783093,2.25,Y,0.12235563178959404,gray,0,-0.0785258195669655,0.5220205316747579,-0.20535435662030985,-0.1677101701184421
76632027,47.3468627,-122.3213961,1837.62374906678,2.25,Y,0.15225424981522542,gray,0,-0.14290003770410079,0.5220205316747579,-0.06398485241536765,-0.1677101701184421
76654276,47.86800363,-122.2280298,1758.7628173828125,2.25,Y,0.07034601086645696,gray,0,-0.16241019725139436,0.5220205316747579,-0.4512712186467649,-0.1677101701184421
76660060,45.43653667,-122.6497417,1172.1653043093966,3.25,Y,0.19223859144807762,gray,0,-0.30753416200458616,0.676095336888795,0.12507293439442835,-0.1677101701184421
76698722,45.56815825,-122.6371529,2035.800229146944,3,Y,0.00829282241921647,gray,0,-0.09387126436447386,0.6375766355852857,-0.7446770368555475,-0.1677101701184421
76699661,47.63239209,-117.4146449,1594.5821393006922,-2,Y,0.023156089193825044,gray,0,-0.20302842424371154,-0.13279739048490022,-0.6743991178898321,-0.1677101701184421
76732751,49.05453823,-122.3442213,2191.2553734876738,1,Y,0.055491990846681924,melanic,1,-0.055411730552603,0.3294270251572114,-0.5215054162222409,-0.1677101701184421
76734461,50.90828346,-114.1270898,2745.092249915387,-12.5,Y,0.00143348623853211,melanic,1,0.08160726721402059,-1.750582845232291,-0.7771100059716138,-0.1677101701184421
76735558,47.15895692,-122.2858833,1209.1970041645318,1.25,Y,0.12463935372186959,gray,0,-0.29837253587294793,0.36794572646072066,-0.19455624424498277,-0.1677101701184421
76743590,51.03448533,-114.0657894,2873.74853515625,-11.25,Y,0.004291845493562223,gray,0,0.11343677516189146,-1.5579893387147443,-0.7635948384686609,-0.1677101701184421
76750279,51.075125,-114.087014,3013.511563709979,-11.5,Y,0.0022876751501286806,gray,0,0.1480140864828349,-1.5965080400182536,-0.7730711482951071,-0.1677101701184421
76769061,49.17157952,-123.0948616,848.9995478965931,2.5,Y,0.4627933600457928,melanic,1,-0.3874852269134151,0.5605392329782671,1.4043358576557168,-0.1677101701184421
76769330,33.5551469,-101.8656421,1977.0045495521824,-0.75,Y,0,gray,0,-0.10841728943785707,0.05979611603264629,-0.7838879526530346,-0.1677101701184421
76802288,37.77027215,-122.4777661,6888.4111328125,7.5,Y,0.1720902961008502,gray,0,1.1066625225156899,1.3309132590484531,0.029805838056716143,-0.1677101701184421
76810768,51.28380205,-113.9862061,1020.7255439637872,-12,Y,0,melanic,1,-0.34500029159569034,-1.6735454426252723,-0.7838879526530346,-0.1677101701184421
76815147,45.60581667,-122.41012,599.6017458788906,2.25,Y,0.27990897269180753,gray,0,-0.44918613259899837,0.5220205316747579,0.5396044127142404,-0.1677101701184421
76828823,37.4322455,-122.1733241,2169.225089489444,6,Y,0,gray,0,-0.06086201304989981,1.0998010512273972,-0.7838879526530346,-0.1677101701184421
76828835,37.4322455,-122.1733241,2169.225089489444,6,Y,0,melanic,1,-0.06086201304989981,1.0998010512273972,-0.7838879526530346,-0.1677101701184421
76838838,45.47923657,-122.8074368,2799.8254394531245,3.25,Y,0,gray,0,0.0951482340477996,0.676095336888795,-0.7838879526530346,-0.1677101701184421
76838846,45.47923657,-122.8074368,2799.8254394531245,3.25,Y,0,gray,0,0.0951482340477996,0.676095336888795,-0.7838879526530346,-0.1677101701184421
76838847,45.47923657,-122.8074368,2799.8254394531245,3.25,Y,0,gray,0,0.0951482340477996,0.676095336888795,-0.7838879526530346,-0.1677101701184421
76840370,49.16463172,-123.123895,4996.9183225215675,2,Y,0.01883561643835616,melanic,1,0.6387080395630462,0.48350183037124855,-0.6948275902308608,-0.1677101701184421
76853963,51.07209183,-114.1733066,2318.184181080121,-12,Y,0.01669817265280403,gray,0,-0.02400959980932864,-1.6735454426252723,-0.704934056287934,-0.1677101701184421
76861651,49.02279997,-122.656847,275.818568979683,1,Y,0.24914481185860893,gray,0,-0.5292899470625216,0.3294270251572114,0.3941423662563743,-0.1677101701184421
76862615,47.429034,-122.2094475,354.9617004394531,2.25,Y,0.208499714774672,gray,0,-0.509709971415766,0.5220205316747579,0.20196033235126157,-0.1677101701184421
76957925,45.52247167,-122.57798,2926.4401880779888,3,Y,0,gray,0,0.12647266674168545,0.6375766355852857,-0.7838879526530346,-0.1677101701184421
76961453,45.43947601,-122.5853195,1760.9599189155888,3.25,Y,0,gray,0,-0.16186663530594522,0.676095336888795,-0.7838879526530346,-0.1677101701184421
76971399,47.49482181,-122.2710073,1674.6107689108878,2.75,Y,0.01674848397343344,gray,0,-0.18322937674699516,0.5990579342817764,-0.7046961694917222,-0.1677101701184421
76985602,51.0285332,-114.1736264,2350.719816932685,-12,Y,0,gray,0,-0.015960297919262165,-1.6735454426252723,-0.7838879526530346,-0.1677101701184421
76986647,37.40602296,-121.95546,1474.7392950465758,6.5,Y,0,gray,0,-0.2326774907975957,1.1768384538344159,-0.7838879526530346,-0.1677101701184421
76992108,49.18589444,-122.8092833,3888.029340920963,1.5,Y,0.1507437070938215,gray,0,0.36436939697683385,0.40646442776423,-0.07112714492608464,-0.1677101701184421
77009164,33.54260399,-101.9116021,1532.7431330012582,-0.75,Y,0,gray,0,-0.2183273669950223,0.05979611603264629,-0.7838879526530346,-0.1677101701184421
77052213,49.21706275,-122.960593,3886.575195312501,2,Y,0.06203544882790166,gray,0,0.3640096419977805,0.48350183037124855,-0.4905660126084054,-0.1677101701184421
77053675,33.55559327,-101.866601,1983.0504014124645,-0.75,Y,0,gray,0,-0.10692154836715674,0.05979611603264629,-0.7838879526530346,-0.1677101701184421
77053676,33.55559327,-101.866601,1983.0504014124645,-0.75,Y,0,gray,0,-0.10692154836715674,0.05979611603264629,-0.7838879526530346,-0.1677101701184421
77070252,50.89035833,-113.9753583,2559.46728515625,-12.25,Y,0.00142775556824671,melanic,1,0.035683733201959465,-1.7120641439287816,-0.7771371022747379,-0.1677101701184421
77073467,47.36749393,-122.2977197,2214.8408203125,2.25,Y,0.12853470437017994,gray,0,-0.049576701461257394,0.5220205316747579,-0.17613787489480254,-0.1677101701184421
77096019,51.05856017,-114.0524153,1958.2510614656665,-11,Y,0,gray,0,-0.11305689407887833,-1.519470637411235,-0.7838879526530346,-0.1677101701184421
77120775,33.55403833,-101.8681667,1987.60009765625,-0.75,Y,0,gray,0,-0.10579595553287852,0.05979611603264629,-0.7838879526530346,-0.1677101701184421
77124102,38.61682115,-121.3124403,1603.393617118407,5.75,Y,0,gray,0,-0.2008484685368732,1.061282349923888,-0.7838879526530346,-0.1677101701184421
77137233,51.09039335,-114.1601859,2498.7841796875,-11.5,Y,0.003527336860670194,melanic,1,0.020670759803862387,-1.5965080400182536,-0.7672096612775177,-0.1677101701184421
77144112,48.46165001,-123.3577868,4161.07080078125,3.5,Y,0.05977011494252874,gray,0,0.4319197331337569,0.7146140381923043,-0.5012771808623789,-0.1677101701184421
77150633,47.90182621,-122.3220054,1376.32421875,2.75,Y,0.3274450667815597,gray,0,-0.2570253370556132,0.5990579342817764,0.7643691174757353,-0.1677101701184421
77185253,49.08571732,-122.8273487,2167.745849609375,1.5,Y,0.01937207748830995,melanic,1,-0.06122797634062689,0.40646442776423,-0.6922910438061325,-0.1677101701184421
77203191,48.46235897,-123.310832,2121.60400390625,3.5,Y,0.14641120960823564,gray,0,-0.07264344851742327,0.7146140381923043,-0.09161247374567642,-0.1677101701184421
77210575,47.626639,-122.318955,5495.843407831436,3.25,Y,0.02867794665901921,gray,0,0.7621418845441288,0.676095336888795,-0.648290143505944,-0.1677101701184421
77213635,47.85526557,-122.2226469,1669.0577732113748,2.25,Y,0.1043453401943968,gray,0,-0.18460318542195608,0.5220205316747579,-0.2905123392139118,-0.1677101701184421
77215197,47.83658612,-122.1866307,1273.2172199329812,2.25,Y,0.022044088176352703,gray,0,-0.2825339628657191,0.5220205316747579,-0.6796569874134565,-0.1677101701184421
77217884,45.47959014,-122.809529,2799.825439453125,3.25,Y,0,gray,0,0.0951482340477997,0.676095336888795,-0.7838879526530346,-0.1677101701184421
77220609,49.06403013,-122.8463765,1736.8692763112515,1.5,Y,0.2776493892373721,melanic,1,-0.16782664960923807,0.40646442776423,0.5289204341975952,-0.1677101701184421
77276298,37.74010171,-122.4382308,7742.720214843751,7.25,Y,0.017118402282453635,gray,0,1.3180182107787566,1.2923945577449438,-0.7029470863769882,-0.1677101701184421
77310402,50.9224813,-114.1018559,2853.135148386913,-12,Y,0.12800687285223367,melanic,1,0.10833703241105104,-1.6735454426252723,-0.1786336183412668,-0.1677101701184421
77316952,51.06432196,-114.1557491,2170.526123046875,-11.5,Y,0.04405422057917436,gray,0,-0.06054013792441205,-1.5965080400182536,-0.5755865751086281,-0.1677101701184421
77332956,50.97640472,-114.0336937,2197.1919207961055,-11.5,Y,0.02620967741935483,melanic,1,-0.05394303137958643,-1.5965080400182536,-0.6599608501037048,-0.1677101701184421
77342791,51.13608333,-114.0801278,3348.0144440384365,-11.5,Y,0,gray,0,0.23076995082376098,-1.5965080400182536,-0.7838879526530346,-0.1677101701184421
77353102,50.9743178,-114.0326618,2171.9554911093674,-11.5,Y,0.022757697456492625,melanic,1,-0.06018651289925017,-1.5965080400182536,-0.6762828317905129,-0.1677101701184421
77356858,49.2290368,-123.015801,6322.156200357903,2,Y,0.20206362854686158,melanic,1,0.9665713031917222,0.48350183037124855,0.17152861412716813,-0.1677101701184421
77382417,49.1680168,-123.1443964,4021.192962253208,2.5,Y,0.017468499427262304,gray,0,0.3973140178760524,0.5605392329782671,-0.7012917235858807,-0.1677101701184421
77387609,37.76816901,-122.4740836,6888.411132812499,7.5,Y,0.14002333722287047,gray,0,1.1066625225156899,1.3309132590484531,-0.12181622267043782,-0.1677101701184421
77387813,38.634875,-121.4623117,1860.7355334704312,5.75,Y,0,gray,0,-0.13718219248582578,1.061282349923888,-0.7838879526530346,-0.1677101701184421
77395907,36.97199709,-121.9139257,904.7549418534454,5.25,Y,0,gray,0,-0.37369136715939,0.9842449473168694,-0.7838879526530346,-0.1677101701184421
77399651,48.46598651,-123.3731568,4157.76831042104,3.5,Y,0.04309063893016344,melanic,1,0.4311026984823112,0.7146140381923043,-0.5801426739846657,-0.1677101701184421
77407495,49.22625,-123.0140695,6248.108188922104,2,Y,0.20235361653272102,gray,0,0.9482518579807299,0.48350183037124855,0.17289976304619825,-0.1677101701184421
77417574,49.17250099,-123.1987715,590.0400390625,2.5,Y,0.17948717948717952,melanic,1,-0.45155169462760614,0.5605392329782671,0.06478048926269166,-0.1677101701184421
77441384,33.56874775,-101.8942552,1907.105734708905,-0.75,Y,0,gray,0,-0.12571022525079173,0.05979611603264629,-0.7838879526530346,-0.1677101701184421
77461661,47.67720379,-122.3445185,3680.01959558021,3.25,Y,0.04901153212520592,gray,0,0.31290787816985977,0.676095336888795,-0.5521469407131143,-0.1677101701184421
77475755,33.5551469,-101.8656421,1977.0045495521824,-0.75,Y,0,gray,0,-0.10841728943785707,0.05979611603264629,-0.7838879526530346,-0.1677101701184421
77511695,49.173031,-123.197663,590.0400390625,2.5,Y,0.18954918032786885,gray,0,-0.45155169462760614,0.5605392329782671,0.11235660361481728,-0.1677101701184421
77514502,51.09982024,-114.1860857,2424.9470984910063,-11.5,Y,0.02925045703839122,gray,0,0.0024034986405894175,-1.5965080400182536,-0.645583145195366,-0.1677101701184421
77521586,49.0264442,-123.0905208,1509.1932373046875,2.5,Y,0.10491803278688523,melanic,1,-0.22415360075299381,0.5605392329782671,-0.2878044793458561,-0.1677101701184421
77523422,47.08125538,-122.9753815,348.4094543457031,2.25,Y,0.6042680643953575,gray,0,-0.5113309941953914,0.5220205316747579,2.073270080444644,-0.1677101701184421
77525779,37.37384419,-122.1197791,996.9530029296874,5.5,Y,0.02,melanic,1,-0.3508816077114897,1.0227636486203786,-0.6893220405538537,-0.1677101701184421
77527690,37.37364895,-122.1197661,996.9530029296876,5.5,Y,0.02,gray,0,-0.3508816077114897,1.0227636486203786,-0.6893220405538537,-0.1677101701184421
77540515,49.26074343,-122.920938,1638.7509288944373,2,Y,0.12575021434695627,melanic,1,-0.1921010852739134,0.48350183037124855,-0.18930376683366335,-0.1677101701184421
77540516,49.26074343,-122.920938,1638.7509288944373,2,Y,0.12360515021459229,melanic,1,-0.1921010852739134,0.48350183037124855,-0.19944626414307526,-0.1677101701184421
77552952,45.58529739,-122.3840038,87.28170013427734,2.25,Y,0.06174654513378418,gray,0,-0.575933884854964,0.5220205316747579,-0.4919320346755575,-0.1677101701184421
77649436,51.0411632,-114.0150403,464.8547973632813,-11.5,Y,0.0035438144329896816,melanic,1,-0.48252246794164755,-1.5965080400182536,-0.767131750444739,-0.1677101701184421
77674220,48.46644134,-123.3717289,4151.667405070491,3.5,Y,0.04363312555654497,gray,0,0.42959333720251874,0.7146140381923043,-0.5775776368533968,-0.1677101701184421
77709363,47.67306321,-122.3827094,3477.801025390625,3.25,Y,0,gray,0,0.2628790935286244,0.676095336888795,-0.7838879526530346,-0.1677101701184421
77715784,47.03433992,-122.5548083,0.12709978488523482,1.25,Y,0.0844062947067239,gray,0,-0.5974958943543134,0.36794572646072066,-0.384790040360354,-0.1677101701184421
77739441,51.07436627,-113.8889672,149.90756225585938,-11.5,Y,0,melanic,1,-0.5604402743219898,-1.5965080400182536,-0.7838879526530346,-0.1677101701184421
77739547,51.07905535,-113.9040412,149.90756225585938,-11.5,Y,0.007409602845287484,gray,0,-0.5604402743219898,-1.5965080400182536,-0.7488531600851697,-0.1677101701184421
77808606,47.07719943,-122.7135791,535.97637939453125,2.25,Y,0.0166369578134284,gray,0,-0.4649270200683413,0.5220205316747579,-0.705223498143912,-0.1677101701184421
77837018,44.57153376,-123.2642923,417.5037828243017,2.5,Y,0,gray,0,-0.49423708795252835,0.5605392329782671,-0.7838879526530346,-0.1677101701184421
77841821,49.244751,-122.935726,3195.548787687501,2,Y,0.14793082149474984,gray,0,0.19305001501561822,0.48350183037124855,-0.08442729954142782,-0.1677101701184421
77844352,37.77095,-122.4645937,6888.4111328125,7.5,Y,0.11912316123449669,gray,0,1.1066625225156899,1.3309132590484531,-0.22063843293913613,-0.1677101701184421
77859229,37.54150139,-122.5154032,225.3063702618909,7.25,Y,0.047042384722869104,gray,0,-0.5417866426381975,1.2923945577449438,-0.5614576517211001,-0.1677101701184421
77900398,36.98055196,-121.9455203,1392.234375,5.25,Y,0.020516214427531432,gray,0,-0.25308917145077575,0.9842449473168694,-0.6868812261449403,-0.1677101701184421
77910704,49.2067281,-123.9764278,1209.0383796534518,1.5,Y,0.07573366992742189,melanic,1,-0.2984117795066864,0.40646442776423,-0.4257967739877866,-0.1677101701184421
77913790,47.20914297,-122.528951,1734.43701171875,2.25,Y,0.05803316180674671,gray,0,-0.1684283907914385,0.5220205316747579,-0.5094900087403169,-0.1677101701184421
77926895,50.94090688,-114.0552521,2115.311767578125,-11.5,Y,0,gray,0,-0.07420014499626988,-1.5965080400182536,-0.7838879526530346,-0.1677101701184421
77946573,33.57981358,-101.8782302,1294.1655357438462,-0.75,Y,0,gray,0,-0.2773513588184458,0.05979611603264629,-0.7838879526530346,-0.1677101701184421
77962108,47.92281389,-122.2476056,2325.597817825775,2.25,Y,0.011996572407883464,gray,0,-0.02217546936419222,0.5220205316747579,-0.7271646120622662,-0.1677101701184421
77969220,51.1495366,-113.9199918,1244.4075710476322,-12,Y,0.0014740566037735761,melanic,1,-0.28966145723146136,-1.6735454426252723,-0.776918177291951,-0.1677101701184421
77970488,51.01865744,-113.990455,682.289772677904,-11.5,Y,8.571428571428571e-4,gray,0,-0.4287291514164185,-1.5965080400182536,-0.779835127848784,-0.1677101701184421
77981255,49.17107977,-123.9715908,1420.663786881432,1.5,Y,0.1311427740622274,melanic,1,-0.2460557475512807,0.40646442776423,-0.16380615043246763,-0.1677101701184421
77981289,49.17107977,-123.9715908,1420.663786881432,1.5,Y,0.13141862489120976,melanic,1,-0.2460557475512807,0.40646442776423,-0.16250184617016608,-0.1677101701184421
78005348,49.8704099,-119.4977536,1975.5829927990967,-3.75,Y,0.004186602870813379,gray,0,-0.10876898194853374,-0.4024282996094653,-0.7640924566992587,-0.1677101701184421
78017158,37.76964257,-122.4775341,6888.4111328125,7.5,Y,0.17081746264283623,gray,0,1.1066625225156899,1.3309132590484531,0.023787505211343908,-0.1677101701184421
78075306,47.60810134,-122.0614685,769.8764793557343,2.25,Y,0.34753031647441585,gray,0,-0.40706023900292393,0.5220205316747579,0.859338115322972,-0.1677101701184421
78155856,47.68396302,-117.2255985,671.6676137826917,-2,Y,0.08589856347112285,gray,0,-0.43135706881933233,-0.13279739048490022,-0.3777341525202288,-0.1677101701184421
78186671,47.15926149,-122.285088,1206.3926174479518,1.25,Y,0.125180688060133,gray,0,-0.2990663399037201,0.36794572646072066,-0.19199665547255848,-0.1677101701184421
78186675,47.16171708,-122.2836055,1173.663876801705,1.25,Y,0.12333911034084344,gray,0,-0.3071634158341593,0.36794572646072066,-0.2007041793088658,-0.1677101701184421
78187939,47.26825828,-122.2236306,515.0432907101743,1.75,Y,0.16050842447531777,gray,0,-0.4701058569312651,0.4449831290677393,-0.024956674647488696,-0.1677101701184421
78187940,47.26852947,-122.2238345,515.837376672967,1.75,Y,0.15482534043812907,gray,0,-0.4699094004160107,0.4449831290677393,-0.051827975923140944,-0.1677101701184421
78188939,47.53066094,-122.3975568,2702.920763020445,3.25,Y,0.23502567027952084,gray,0,0.07117406004669785,0.676095336888795,0.32738289118217756,-0.1677101701184421
78194638,37.32937222,-121.9364306,3717.574681887641,6,Y,0,gray,0,0.32219898987783,1.0998010512273972,-0.7838879526530346,-0.1677101701184421
78196937,48.73500833,-122.4788889,2256.623046875,1.5,Y,0.2309673726388094,gray,0,-0.03923979712765986,0.40646442776423,0.308194060283986,-0.1677101701184421
78216205,45.65674557,-122.8419394,28.3451365220282,2.25,Y,0.034548944337811895,gray,0,-0.5905147645718336,0.5220205316747579,-0.6205303309845839,-0.1677101701184421
78233338,49.20506072,-123.9827964,1219.905241686825,1.5,Y,0.030685402925150557,melanic,1,-0.29572332265584444,0.40646442776423,-0.6387982968656477,-0.1677101701184421
78258692,51.03505833,-114.01635,464.8547973632813,-11.5,Y,0.0018850141376060311,melanic,1,-0.48252246794164755,-1.5965080400182536,-0.7749750485909063,-0.1677101701184421
78285970,36.9758915,-122.047898,885.46124267578125,5.25,Y,0.027173913043478264,gray,0,-0.3784646197849387,0.9842449473168694,-0.655401659040017,-0.1677101701184421
78292757,51.05286944,-114.0644528,2955.058012527038,-11,Y,0.0080405002977963,melanic,1,0.13355270382690415,-1.519470637411235,-0.7458700904332924,-0.1677101701184421
78388249,51.073256,-114.090874,3118.2732935942477,-11.5,Y,0.0022857142857142802,melanic,1,0.1739320920255983,-1.5965080400182536,-0.7730804198416996,-0.1677101701184421
78414822,49.24483301,-122.9164752,3508.8329812561997,2,Y,0.30243204577968524,melanic,1,0.27055638565634366,0.48350183037124855,0.646100160205824,-0.1677101701184421
78419123,36.97933254,-121.9454381,1392.234375,5.25,Y,0.020313613684960794,gray,0,-0.25308917145077575,0.9842449473168694,-0.6878391823455986,-0.1677101701184421
78459712,47.83655369,-122.1828374,1229.2116037128735,2.25,Y,0.06959498003422704,gray,0,-0.29342093281519804,0.5220205316747579,-0.45482231442998633,-0.1677101701184421
78464130,49.1728526,-123.9553302,1406.4566097811187,1.5,Y,0.09499136442141624,melanic,1,-0.2495705968692494,0.40646442776423,-0.3347407017501891,-0.1677101701184421
78470102,49.02780833,-122.6594389,358.1386358413096,1,Y,0.2647903503733487,melanic,1,-0.5089239990053707,0.3294270251572114,0.4681190972528358,-0.1677101701184421
78474327,37.47821429,-122.2297875,1074.918191079158,6.25,Y,0,gray,0,-0.33159305471763534,1.1383197525309066,-0.7838879526530346,-0.1677101701184421
78478146,37.76862244,-122.4746069,6888.411132812499,7.5,Y,0.14060216311020168,gray,0,1.1066625225156899,1.3309132590484531,-0.11907936277133313,-0.1677101701184421
78511186,49.023548,-123.829323,48.33673444353874,1.5,Y,0.6024353120243531,melanic,1,-0.5855688521063673,0.40646442776423,2.064604285463845,-0.1677101701184421
78519975,47.554055,-122.1174145,1308.5581968780805,2.25,Y,0.15542857142857144,gray,0,-0.27379062083269196,0.5220205316747579,-0.04897572148225716,-0.1677101701184421
78525381,36.96102417,-122.0525554,885.46124267578125,5.25,Y,0.07899255867200916,melanic,1,-0.3784646197849387,0.9842449473168694,-0.4103877846597041,-0.1677101701184421
78533368,51.04211,-114.019515,484.31230255376903,-11.5,Y,0.006138933764135702,melanic,1,-0.4777086897811254,-1.5965080400182536,-0.754861259116937,-0.1677101701184421
78544291,49.00837081,-122.4490203,48.7810645772137,1,Y,0.07729745204695104,gray,0,-0.585458925028224,0.3294270251572114,-0.4184027498649034,-0.1677101701184421
78593549,48.43843467,-123.344602,4161.07080078125,3.5,Y,0.0017113519680547601,gray,0,0.4319197331337569,0.7146140381923043,-0.7757961746639433,-0.1677101701184421
78622938,37.475011,-122.171509,2118.804931640625,6.25,Y,0,melanic,1,-0.07333593775538456,1.1383197525309066,-0.7838879526530346,-0.1677101701184421
78624720,51.09260833,-114.0704617,740.8765192892586,-11.5,Y,0,gray,0,-0.4142348162705307,-1.5965080400182536,-0.7838879526530346,-0.1677101701184421
78643483,45.58163298,-122.6995168,1207.226998064318,2.25,Y,0,gray,0,-0.2988599145090302,0.5220205316747579,-0.7838879526530346,-0.1677101701184421
78648627,47.65244903,-122.3068702,4166.9521484375,3.25,Y,0.0017464198393293668,gray,0,0.43337477593728835,0.676095336888795,-0.7756303634023203,-0.1677101701184421
78653903,49.01891273,-123.0846743,1509.1932373046875,2.5,Y,0.028879813302217033,melanic,1,-0.22415360075299381,0.5605392329782671,-0.647335658344124,-0.1677101701184421
78653921,49.01905665,-123.0847712,1509.1932373046875,2.5,Y,0.029197080291970802,gray,0,-0.22415360075299381,0.5605392329782671,-0.6458355262308727,-0.1677101701184421
78658814,48.83194059,-124.0426932,13.204420315502848,0.5,Y,0.20106920106920104,gray,0,-0.5942605710509327,0.25238962255019276,0.16682666705509527,-0.1677101701184421
78659936,47.8813853,-122.2245366,1758.7628173828125,2.25,Y,0.08354792560801144,gray,0,-0.16241019725139436,0.5220205316747579,-0.38884866319722877,-0.1677101701184421
78666016,45.5097418,-122.6330583,2717.548700422598,3,Y,0,gray,0,0.07479300527685984,0.6375766355852857,-0.7838879526530346,-0.1677101701184421
78667607,49.2827291,-123.1207375,9235.7529296875,3,Y,0.005971931919976107,melanic,1,1.6873938427160646,0.6375766355852857,-0.7556508932026968,-0.1677101701184421
78667609,49.2827291,-123.1207375,9235.7529296875,3,Y,0.0059934072520227664,gray,0,1.6873938427160646,0.6375766355852857,-0.7555493514845656,-0.1677101701184421
78668387,47.86052103,-122.1818743,1595.5775153146687,2.25,Y,0.006074631183106735,gray,0,-0.20278216865900633,0.5220205316747579,-0.7551653007282039,-0.1677101701184421
78669305,47.83613397,-122.1862985,1271.7827316542914,2.25,Y,0.02347552247351846,gray,0,-0.2828888546300989,0.5220205316747579,-0.67288874291738,-0.1677101701184421
78700973,45.43928528,-122.5839996,1746.5844592668473,3.25,Y,0,gray,0,-0.1654231176518119,0.676095336888795,-0.7838879526530346,-0.1677101701184421
78711311,49.2501243,-123.0824216,5889.296011351441,2.5,Y,0,melanic,1,0.8594818842760105,0.5605392329782671,-0.7838879526530346,-0.1677101701184421
78774222,47.71193577,-122.3788596,2018.967041015625,3.25,Y,0.38322112894873117,gray,0,-0.09803578764766012,0.676095336888795,1.0280948270826946,-0.1677101701184421
78780669,49.29480333,-123.1442638,3566.120964747318,2.5,Y,0.4144345238095238,melanic,1,0.2847294073818994,0.5605392329782671,1.1756809848188317,-0.1677101701184421
78788461,51.0410838,-114.025609,475.60375387681034,-11.5,Y,0.007563819728963118,gray,0,-0.47986318086415913,-1.5965080400182536,-0.7481239770718757,-0.1677101701184421
78914066,49.01733366,-122.656393,146.77210171944387,1,Y,0.21212121212121213,gray,0,-0.5612159858690567,0.3294270251572114,0.21908384233827813,-0.1677101701184421
79006990,49.20875282,-123.9726559,1172.9444726177971,1.5,Y,0.17955615332885005,gray,0,-0.3073413961104168,0.40646442776423,0.06510661797511962,-0.1677101701184421
79049372,47.554055,-122.1174145,1308.5581968780805,2.25,Y,0.1504146411209608,gray,0,-0.27379062083269196,0.5220205316747579,-0.07268306611930346,-0.1677101701184421
79052027,49.31018706,-123.0520349,4747.3027736553695,2,Y,0.014511041009463713,melanic,1,0.5769532634036509,0.48350183037124855,-0.7152754612246068,-0.1677101701184421
79072195,47.73918635,-122.2222639,1706.6346435546875,3.25,Y,0.19485714285714287,gray,0,-0.17530668435316332,0.676095336888795,0.1374542195132709,-0.1677101701184421
79094187,47.83612954,-122.1863417,1272.2716281105577,2.25,Y,0.0231627108950529,gray,0,-0.2827679018634985,0.5220205316747579,-0.674367808529019,-0.1677101701184421
79096421,37.5496557,-122.3400733,1585.106201171875,6.5,Y,0.1445301342473579,melanic,1,-0.2053727671370265,1.1768384538344159,-0.10050675410711146,-0.1677101701184421
79101473,47.83612294,-122.1863263,1272.1365163023788,2.25,Y,0.0231627108950529,gray,0,-0.2828013284649601,0.5220205316747579,-0.674367808529019,-0.1677101701184421
79104971,33.51422833,-101.9093167,1486.9052938070924,-1,Y,0,gray,0,-0.22966762809623845,0.02127741472913699,-0.7838879526530346,-0.1677101701184421
79156259,49.20681667,-122.6608667,1364.9862060546875,1,Y,0.003973509933774826,melanic,1,-0.259830356371404,0.3294270251572114,-0.765100023096906,-0.1677101701184421
79163408,49.21016299,-123.9723211,1135.7908779085249,1.5,Y,0.24541284403669728,melanic,1,-0.31653317897494454,0.40646442776423,0.3764965192061808,-0.1677101701184421
79207277,37.50953949,-122.4821789,338.7619934082031,6.75,Y,0.06886045094454601,melanic,1,-0.5137177717555552,1.2153571551379252,-0.4582953850964397,-0.1677101701184421
79232061,37.03998617,-122.0638417,320.7749697219339,5.25,Y,0.5875464153099115,gray,0,-0.518167753443654,0.9842449473168694,1.9942051805662617,-0.1677101701184421
79243573,49.18588159,-121.7447564,139.11120605468753,-1.75,Y,0.6003521126760563,melanic,1,-0.5631112880611935,-0.0942786891813909,2.05475430314104,-0.1677101701184421
79243901,37.3639,-121.9135806,1844.4635009765627,6.25,Y,0,melanic,1,-0.14120788611301202,1.1383197525309066,-0.7838879526530346,-0.1677101701184421
79278233,47.78913517,-122.0320579,236.69067814112688,2.25,Y,0.4929979994284081,gray,0,-0.5389701699144223,0.5220205316747579,1.5471523212979095,-0.1677101701184421
79283455,47.5423288,-122.3622295,2620.7568414964658,3.25,Y,0.10040045766590389,gray,0,0.05084674227687695,0.676095336888795,-0.3091649099354645,-0.1677101701184421
79291624,45.51519098,-122.8125358,2406.0888573340185,2.5,Y,0,gray,0,-0.0022620218636397976,0.5605392329782671,-0.7838879526530346,-0.1677101701184421
79311398,37.976295,-122.53598,1950.1148681640625,6.25,Y,0.02312303739651727,gray,0,-0.11506978469571828,1.1383197525309066,-0.6745553965577783,-0.1677101701184421
79313931,48.46493397,-123.309349,2121.60400390625,3.5,Y,0.15413211323991993,gray,0,-0.07264344851742327,0.7146140381923043,-0.055105759037671266,-0.1677101701184421
79332009,47.66742,-122.3965217,3477.8010253906245,3.25,Y,0.021376085504342012,gray,0,0.26287909352862426,0.676095336888795,-0.6828155015116255,-0.1677101701184421
79347513,37.58119886,-122.3209422,2477.7480363533114,6.75,Y,0.004677268475210468,gray,0,0.015466427266244209,1.2153571551379252,-0.7617724446784834,-0.1677101701184421
79350908,49.0312501,-123.823254,43.516853172888666,1.5,Y,0.754787082023435,melanic,1,-0.5867612885965453,0.40646442776423,2.7849684899582354,-0.1677101701184421
79352850,51.04116454,-114.0150404,464.8547973632813,-11.5,Y,0.0035610229847847165,melanic,1,-0.48252246794164755,-1.5965080400182536,-0.7670503833249188,-0.1677101701184421
79353768,51.13414945,-114.1820254,2349.153076171875,-12,Y,0.00142816338189088,melanic,1,-0.016347908889103927,-1.6735454426252723,-0.7771351740112764,-0.1677101701184421
79400372,36.99074072,-122.0366248,1122.4386964244954,5.5,Y,0.2984009137635637,melanic,1,-0.3198365027563803,1.0227636486203786,0.6270397764109868,-0.1677101701184421
79484942,49.21659978,-122.9601887,3886.575195312501,2,Y,0.06303479749001711,gray,0,0.3640096419977805,0.48350183037124855,-0.4858407967215032,-0.1677101701184421
79597636,45.5300848,-122.7420182,1682.1455386380874,2.25,Y,0.7772701313535123,gray,0,-0.18136527805591074,0.5220205316747579,2.8912749932917174,-0.1677101701184421
79603998,48.41975784,-123.3641281,4161.07080078125,3.5,Y,0.036385688295936934,gray,0,0.4319197331337569,0.7146140381923043,-0.6118456625999461,-0.1677101701184421
79608149,46.52957189,-122.4851111,77.5735855102539,1.25,Y,0.09153318077803203,gray,0,-0.5783356681102919,0.36794572646072066,-0.35109201627234393,-0.1677101701184421
79662645,49.17251646,-123.1973728,590.0400390625,2.5,Y,0.17419354838709677,melanic,1,-0.45155169462760614,0.5605392329782671,0.03975063659789592,-0.1677101701184421
79665498,45.529495,-122.4980867,2939.1557859325326,3.25,Y,0,gray,0,0.1296185000153216,0.676095336888795,-0.7838879526530346,-0.1677101701184421
79688687,47.37984627,-122.0484097,343.97422532273663,1.75,Y,0.223034200526162,gray,0,-0.5124282678899711,0.4449831290677393,0.2706836774503716,-0.1677101701184421
79696507,45.52946944,-122.4980556,2939.1628083569976,3.25,Y,0,gray,0,0.1296202373600219,0.676095336888795,-0.7838879526530346,-0.1677101701184421
79704423,49.30420307,-123.0064803,1431.4222412109375,2,Y,0.16416666666666663,gray,0,-0.24339411071832917,0.48350183037124855,-0.007659424172258138,-0.1677101701184421
79737366,48.7184426,-122.5070072,2256.623046875,2.25,Y,0.03854389721627409,gray,0,-0.03923979712765986,0.5220205316747579,-0.6016410128473326,-0.1677101701184421
79737403,48.7184426,-122.5070072,2256.623046875,2.25,Y,0.03793843951324266,gray,0,-0.03923979712765986,0.5220205316747579,-0.6045037958435647,-0.1677101701184421
79772689,47.52309653,-122.1793284,1619.6297607421875,2.25,Y,0.30762639245929735,gray,0,-0.19683165380024067,0.5220205316747579,0.6706605667816675,-0.1677101701184421
79794294,45.38566421,-122.9287703,59.000827865928045,2.25,Y,0.3986872146118721,gray,0,-0.5829305601200154,0.5220205316747579,1.101223051949644,-0.1677101701184421
79797164,49.20791243,-123.9702376,1211.1098100255451,1.5,Y,0.15622641509433963,gray,0,-0.2978993085506925,0.40646442776423,-0.04520328078396105,-0.1677101701184421
79813712,45.49428005,-122.8670456,2831.58837890625,2.5,Y,0,gray,0,0.10300637119110562,0.5605392329782671,-0.7838879526530346,-0.1677101701184421
79816433,45.549855,-122.970925,41.80457305908203,2.25,Y,0,melanic,1,-0.5871849059378151,0.5220205316747579,-0.7838879526530346,-0.1677101701184421
79829665,49.2501243,-123.0824216,5889.296011351441,2.5,Y,0,melanic,1,0.8594818842760105,0.5605392329782671,-0.7838879526530346,-0.1677101701184421
79834181,38.54452896,-121.5011063,1977.1041839587328,5.75,Y,0,gray,0,-0.10839263992983467,1.061282349923888,-0.7838879526530346,-0.1677101701184421
79843999,48.46464009,-123.3739708,4161.07080078125,3.5,Y,0.03003270889087124,gray,0,0.4319197331337569,0.7146140381923043,-0.6418844271993137,-0.1677101701184421
79874582,49.246338,-123.131429,5607.546121940208,2.5,Y,0.052390495276266824,melanic,1,0.7897770865077763,0.5605392329782671,-0.5361702040966345,-0.1677101701184421
79884596,49.18051389,-122.7630222,2295.796142578125,1,Y,0.1933733219080263,gray,0,-0.029548390612299785,0.3294270251572114,0.1304382754410169,-0.1677101701184421
80011396,47.29911128,-122.2178236,1137.052001953125,2,Y,0,gray,0,-0.3162211774452431,0.48350183037124855,-0.7838879526530346,-0.1677101701184421
80019437,45.54985333,-122.8535233,1711.232232553136,2.25,Y,0,gray,0,-0.17416924287260763,0.5220205316747579,-0.7838879526530346,-0.1677101701184421
80026305,49.02435283,-122.65818,299.837101315801,1,Y,0.24450157097972008,gray,0,-0.5233477728076268,0.3294270251572114,0.372187750815958,-0.1677101701184421
80032647,49.16749378,-123.1455148,4068.848541942682,2.5,Y,0.01750861079219288,gray,0,0.4091039871701817,0.5605392329782671,-0.7011020651953704,-0.1677101701184421
80032934,49.16750816,-123.14539,4070.417064510402,2.5,Y,0.017498565691336777,gray,0,0.40949203895826325,0.5605392329782671,-0.7011495614015997,-0.1677101701184421
80044619,49.02435283,-122.6581583,300.12587852405807,1,Y,0.24434907010014303,melanic,1,-0.5232763294542907,0.3294270251572114,0.37146668157730145,-0.1677101701184421
80046984,49.244283,-122.935896,3244.563536100771,2,Y,0.1643454038997215,melanic,1,0.20517624204962842,0.48350183037124855,-0.006814301698762278,-0.1677101701184421
80060039,47.83612414,-122.1863095,1271.9488999680718,2.25,Y,0.02372784448256146,gray,0,-0.28284774466291573,0.5220205316747579,-0.6716956898709875,-0.1677101701184421
80061470,49.24445,-122.9310694,3321.5770787493407,2,Y,0.18895966029723993,melanic,1,0.22422935836833097,0.48350183037124855,0.10956917864495921,-0.1677101701184421
80061471,49.24658333,-122.9246444,3229.414523766935,2,Y,0.18342509417560127,melanic,1,0.20142838311230937,0.48350183037124855,0.08340011397665989,-0.1677101701184421
80066956,48.7184426,-122.5070072,2256.623046875,2.25,Y,0.03829634931997136,melanic,1,-0.03923979712765986,0.5220205316747579,-0.6028114924774377,-0.1677101701184421
80066957,48.7184426,-122.5070072,2256.623046875,2.25,Y,0.03836500537827178,melanic,1,-0.03923979712765986,0.5220205316747579,-0.602486866338722,-0.1677101701184421
80069389,48.45695597,-123.3241479,2868.9985835576736,3.75,Y,0.06077032810271041,gray,0,0.11226163924159153,0.7531327394958136,-0.49654787737306977,-0.1677101701184421
80123792,38.39503935,-121.3755043,1314.9482421875,5,Y,0,gray,0,-0.27220972645522223,0.9457262460133601,-0.7838879526530346,-0.1677101701184421
80159410,48.45422755,-123.3431076,4161.07080078125,3.5,Y,0.02085714285714286,melanic,1,0.4319197331337569,0.7146140381923043,-0.6852692157496031,-0.1677101701184421
80167759,49.0227055,-122.654525,296.7667617263639,1,Y,0.2569305515861675,melanic,1,-0.524107373461273,0.3294270251572114,0.43095564519154456,-0.1677101701184421
80167948,49.03257783,-122.661055,378.33975673839103,1,Y,0.2854681217690982,gray,0,-0.5039262506486093,0.3294270251572114,0.565889712863706,-0.1677101701184421
80171895,48.53744507,-123.5010122,54.72262346663844,1.75,Y,0.9432250512145156,gray,0,-0.583988985992291,0.4449831290677393,3.67595891149183,-0.1677101701184421
80204185,48.45640229,-123.3230285,2793.6735690019286,3.75,Y,0.06689536878216124,gray,0,0.09362626402469482,0.7531327394958136,-0.46758687444822705,-0.1677101701184421
80205066,48.53622242,-123.4996424,62.82515133067441,1.75,Y,0.9434126523505514,gray,0,-0.5819844241897848,0.4449831290677393,3.676845945118833,-0.1677101701184421
80207910,48.5373029,-123.500199,61.11799238218874,1.75,Y,0.9430823117338004,gray,0,-0.5824067745570239,0.4449831290677393,3.67528399703251,-0.1677101701184421
80208494,37.354567,-122.024113,4091.74267578125,6.25,Y,0,melanic,1,0.41476798573511825,1.1383197525309066,-0.7838879526530346,-0.1677101701184421
80211361,37.58180873,-122.3858564,2043.0989990234375,6.5,Y,0.02776187750429307,gray,0,-0.09206555193185854,1.1768384538344159,-0.6526215892640742,-0.1677101701184421
80296129,37.45569167,-122.24828,301.9458312988281,6,Y,0.0966542750929368,gray,0,-0.5228260739444192,1.0998010512273972,-0.326877968530599,-0.1677101701184421
80374714,38.55017167,-121.701545,277.34847484684025,5,Y,0,gray,0,-0.5289114490290442,0.9457262460133601,-0.7838879526530346,-0.1677101701184421
80421619,45.58209667,-122.7487867,1729.5637207031248,2.25,Y,0.007665772326561901,gray,0,-0.16963404082885203,0.5220205316747579,-0.7476419150527353,-0.1677101701184421
80455592,49.24272472,-122.9353892,3406.201947174676,2,Y,0.2184899845916795,gray,0,0.24516551331085087,0.48350183037124855,0.2491972812193732,-0.1677101701184421
80512432,36.97492584,-122.0174673,2149.3226565050704,5.5,Y,0,gray,0,-0.06578586614943643,1.0227636486203786,-0.7838879526530346,-0.1677101701184421
80528691,47.8864059,-121.9486391,174.7276609567341,2.25,Y,0.33104238258877433,gray,0,-0.55429979290371,0.5220205316747579,0.7813782899966379,-0.1677101701184421
80533336,33.55523563,-101.8672018,1985.9612428870405,-0.75,Y,0,gray,0,-0.10620140747643729,0.05979611603264629,-0.7838879526530346,-0.1677101701184421
80543077,49.24667727,-122.9154858,3394.394448523095,2,Y,0.2470689162138976,melanic,1,0.2422443433775563,0.48350183037124855,0.38432691800313207,-0.1677101701184421
80543183,49.24034136,-122.9263721,3527.224853515625,2,Y,0.42334027984519207,gray,0,0.2751065267020115,0.48350183037124855,1.2177900319411192,-0.1677101701184421
80647228,51.02325833,-114.1111055,2985.0473409193446,-11.5,Y,0,gray,0,0.1409720503798315,-1.5965080400182536,-0.7838879526530346,-0.1677101701184421
80649289,47.67607381,-122.2527777,2548.874053872864,3.25,Y,0.009624639076034646,gray,0,0.03306297247739068,0.676095336888795,-0.7383798140105029,-0.1677101701184421
80665132,45.58203833,-122.7487117,1729.563720703125,2.25,Y,0.008409785932721701,gray,0,-0.16963404082885197,0.5220205316747579,-0.7441239987887001,-0.1677101701184421
80686232,45.56672,-122.8333283,1613.0933837890625,2.25,Y,0.00827861832714815,gray,0,-0.19844875056150868,0.5220205316747579,-0.7447441980016465,-0.1677101701184421
80695854,44.56752377,-123.2651372,521.6466897459744,2.5,Y,0,gray,0,-0.4684721789364476,0.5605392329782671,-0.7838879526530346,-0.1677101701184421
80697674,44.93691477,-123.0301975,1366.4399290021156,2.25,Y,0,gray,0,-0.25947070595850313,0.5220205316747579,-0.7838879526530346,-0.1677101701184421
80746778,47.75787856,-122.1182895,385.2096201232418,2.25,Y,0.20991926182237602,gray,0,-0.5022266494919342,0.5220205316747579,0.2086723704179531,-0.1677101701184421
80751431,37.32930278,-121.9362722,3717.408493920781,6,Y,0,gray,0,0.3221578750484837,1.0998010512273972,-0.7838879526530346,-0.1677101701184421
80752901,44.9365023,-123.0339424,1317.072021484375,2.25,Y,0,gray,0,-0.2716843043984385,0.5220205316747579,-0.7838879526530346,-0.1677101701184421
80768005,49.05453823,-122.3442213,2191.2553734876738,1,Y,0.05585792036665712,gray,0,-0.055411730552603,0.3294270251572114,-0.5197751932812174,-0.1677101701184421
80796037,37.7677096,-122.4693109,6888.411132812499,7.5,Y,0.11962833914053426,gray,0,1.1066625225156899,1.3309132590484531,-0.21824980246629627,-0.1677101701184421
80802619,37.7677096,-122.4693109,6888.411132812499,7.5,Y,0.118398142774231,gray,0,1.1066625225156899,1.3309132590484531,-0.2240665345383246,-0.1677101701184421
80802662,37.7677096,-122.4693109,6888.411132812499,7.5,Y,0.11778357992457208,gray,0,1.1066625225156899,1.3309132590484531,-0.22697236935933793,-0.1677101701184421
80838457,49.25593186,-123.1347067,7997.590992136786,2.5,Y,0,melanic,1,1.3810731281218234,0.5605392329782671,-0.7838879526530346,-0.1677101701184421
80879191,49.2426967,-122.935397,3408.556933044227,2,Y,0.21534195933456565,gray,0,0.24574813577124344,0.48350183037124855,0.23431248723186168,-0.1677101701184421
80921739,37.289425,-121.8775861,3678.503707519601,6,Y,0,gray,0,0.31253284813550963,1.0998010512273972,-0.7838879526530346,-0.1677101701184421
80930885,47.7410142,-122.1007376,655.92572021484375,2.25,Y,0.2572163475278651,gray,0,-0.4352516063111797,0.5220205316747579,0.43230697288658837,-0.1677101701184421
80961887,45.50826813,-122.6327096,2624.868506614296,3,Y,0,gray,0,0.05186396640473013,0.6375766355852857,-0.7838879526530346,-0.1677101701184421
80982121,51.12777671,-114.1388234,3053.902004567425,-12,Y,0.00572409845449341,gray,0,0.15800666364984428,-1.6735454426252723,-0.7568227230883006,-0.1677101701184421
80992671,48.46505784,-123.3739173,4161.07080078125,3.5,Y,0.03293768545994065,gray,0,0.4319197331337569,0.7146140381923043,-0.62814883925527365,-0.1677101701184421
80992675,48.46460839,-123.3735434,4161.07080078125,3.5,Y,0.027275422472576333,gray,0,0.4319197331337569,0.7146140381923043,-0.6549216924525507,-0.1677101701184421
80995112,49.24357662,-122.9333032,3363.547462078058,2,Y,0.2176578786020846,melanic,1,0.23461281260249917,0.48350183037124855,0.24526283812591151,-0.1677101701184421
80997703,49.243894,-122.9353726,3294.481458441572,2,Y,0.18061129978388393,gray,0,0.21752591391302123,0.48350183037124855,0.07009566232104442,-0.1677101701184421
81040403,49.2501243,-123.0824216,5889.296011351441,2.5,Y,0,gray,0,0.8594818842760105,0.5605392329782671,-0.7838879526530346,-0.1677101701184421
81040657,49.2501243,-123.0824216,5889.296011351441,2.5,Y,0,melanic,1,0.8594818842760105,0.5605392329782671,-0.7838879526530346,-0.1677101701184421
81040873,49.2501243,-123.0824216,5889.296011351441,2.5,Y,0,melanic,1,0.8594818842760105,0.5605392329782671,-0.7838879526530346,-0.1677101701184421
81137973,48.46488562,-123.3736613,4161.07080078125,3.5,Y,0.031703703703703706,gray,0,0.4319197331337569,0.7146140381923043,-0.6339834697698885,-0.1677101701184421
81141847,47.66675069,-122.3974827,3477.8010253906245,3.25,Y,0.045348449483161045,gray,0,0.26287909352862426,0.676095336888795,-0.5694670782700969,-0.1677101701184421
81189670,49.17120551,-122.8048311,3876.0769042968745,1.5,Y,0.07738435179897202,melanic,1,0.3614123694533778,0.40646442776423,-0.4179918621493506,-0.1677101701184421
81226390,49.15519591,-122.6321744,1359.2589469781171,1,Y,0.03435442313197824,melanic,1,-0.261247277728615,0.3294270251572114,-0.6214500847471984,-0.1677101701184421
81240884,45.4772384,-122.6707324,1785.0022519642791,2.5,Y,0.03563852354688163,gray,0,-0.15591857276530852,0.5605392329782671,-0.6153784783990848,-0.1677101701184421
81240886,45.4772384,-122.6707324,1785.0022519642791,2.5,Y,0.04056879966541196,gray,0,-0.15591857276530852,0.5605392329782671,-0.5920666754966032,-0.1677101701184421
81314486,49.20296699,-123.9707634,1348.0665091215544,1.5,Y,0.013441955193482681,melanic,1,-0.2640162818938182,0.40646442776423,-0.720330414989634,-0.1677101701184421
81384217,51.10690764,-114.1417489,2233.4529584780207,-11.5,Y,0.002576581734898367,gray,0,-0.0449720667280438,-1.5965080400182536,-0.7717051125600969,-0.1677101701184421
81400651,49.26613337,-123.2455904,1884.2208251953125,2.5,Y,0.03777904979965655,gray,0,-0.1313719417218176,0.5605392329782671,-0.6052574375257896,-0.1677101701184421
81447684,49.20745276,-123.969596,1228.2268347789502,1.5,Y,0.1426344505066251,gray,0,-0.29366456421299914,0.40646442776423,-0.10947010720681064,-0.1677101701184421
81464521,37.58955,-122.3206017,2941.220225441807,6.75,Y,0.026757934038581194,gray,0,0.13012924143495247,1.2153571551379252,-0.6573685307406271,-0.1677101701184421
81465957,47.7070219,-122.3759464,2688.40635100527,3.25,Y,0.2647058823529412,gray,0,0.06758320094695952,0.676095336888795,0.46771970748318337,-0.1677101701184421
81472117,51.02940539,-114.0095325,464.8547973632813,-11.5,Y,0.014188971299580773,gray,0,-0.48252246794164755,-1.5965080400182536,-0.7167983020183367,-0.1677101701184421
81486621,45.49948667,-122.62593,2410.1462317968567,3.25,Y,0.0057012542759407,gray,0,-0.0012582292197699679,0.676095336888795,-0.7569307371173501,-0.1677101701184421
81502139,51.04883056,-114.0411667,1059.0939587575683,-11.5,Y,0.00544959128065395,gray,0,-0.3355079627806658,-1.5965080400182536,-0.7581206741518953,-0.1677101701184421
81560133,47.83613404,-122.1863148,1271.9590146775674,2.25,Y,0.02253922967189729,gray,0,-0.28284524228826935,0.5220205316747579,-0.6773158120562401,-0.1677101701184421
81604548,47.85402727,-121.9804396,686.0655455705174,2.25,Y,0.011190817790530843,gray,0,-0.42779502687621596,0.5220205316747579,-0.7309744580781701,-0.1677101701184421
81604551,47.85402727,-121.9804396,686.0655455705174,2.25,Y,0.011177987962166801,gray,0,-0.42779502687621596,0.5220205316747579,-0.7310351212992362,-0.1677101701184421
81613611,37.475011,-122.171509,2118.804931640625,6.25,Y,0,gray,0,-0.07333593775538456,1.1383197525309066,-0.7838879526530346,-0.1677101701184421
81615087,37.475011,-122.171509,2118.804931640625,6.25,Y,0,gray,0,-0.07333593775538456,1.1383197525309066,-0.7838879526530346,-0.1677101701184421
81625531,48.40866,-122.3284467,236.0033264160156,2,Y,0.034324942791762,gray,0,-0.5391402204265792,0.48350183037124855,-0.6215894765102757,-0.1677101701184421
81635565,37.29836329,-121.8107065,3574.76481969751,6,Y,0,gray,0,0.2868678932656034,1.0998010512273972,-0.7838879526530346,-0.1677101701184421
81643144,47.83614124,-122.186339,1272.1866067312303,2.25,Y,0.02280501710376283,gray,0,-0.2827889361150624,0.5220205316747579,-0.6760590905102969,-0.1677101701184421
81643985,47.66862515,-122.3508113,3802.103266259572,3.25,Y,0.04828002414001207,gray,0,0.343111324188211,0.676095336888795,-0.5556057267044989,-0.1677101701184421
81701833,49.24456667,-122.9362611,3207.0889522039956,2,Y,0.14666666666666667,gray,0,0.1959050466023754,0.48350183037124855,-0.09040459725904125,-0.1677101701184421
81725377,44.95203259,-123.01065,2033.1288150391963,2.25,Y,0,gray,0,-0.09453217103075467,0.5220205316747579,-0.7838879526530346,-0.1677101701184421
81738892,45.5097418,-122.6330583,2717.548700422598,3,Y,0,gray,0,0.07479300527685984,0.6375766355852857,-0.7838879526530346,-0.1677101701184421
81750304,47.20920197,-122.528589,1734.4370117187498,2.25,Y,0.052466495580268044,gray,0,-0.16842839079143856,0.5220205316747579,-0.53581085219325,-0.1677101701184421
81752505,48.54582977,-123.4238815,410.39022270834465,2.5,Y,0.4219554030874786,gray,0,-0.4959969795724723,0.5605392329782671,1.2112419252542128,-0.1677101701184421
81801331,49.29999924,-123.1500015,2089.77685546875,2.5,Y,0.7075019952114925,melanic,1,-0.080517470935006,0.5605392329782671,2.561390621805221,-0.1677101701184421
81819488,49.02873573,-123.0860369,1509.1932373046875,2.5,Y,0.08812589413447783,melanic,1,-0.22415360075299381,0.5605392329782671,-0.36720267473389695,-0.1677101701184421
81876571,49.21248851,-123.9767334,1058.205016928404,1.5,Y,0.33130787037037035,gray,0,-0.3357278865952203,0.40646442776423,0.7826335947075287,-0.1677101701184421
81881822,49.032583,-123.073999,1509.1932373046875,2.5,Y,0.02911789894376248,gray,0,-0.22415360075299381,0.5605392329782671,-0.6462099190516007,-0.1677101701184421
81914186,45.47374667,-122.6703867,1758.3847341417925,2.5,Y,0.058041112454655375,gray,0,-0.16250373487765546,0.5605392329782671,-0.5094524157267538,-0.1677101701184421
81918658,48.9178883,-122.7446219,82.61721345849175,1.5,Y,0.03376277210128831,melanic,1,-0.5770878767912436,0.40646442776423,-0.6242475857152792,-0.1677101701184421
81924230,37.44201103,-122.1430195,3112.059326171875,6,Y,0,melanic,1,0.17239475923934588,1.0998010512273972,-0.7838879526530346,-0.1677101701184421
81925410,49.30745485,-123.0011001,1431.4222412109375,2,Y,0.24864655839133798,gray,0,-0.24339411071832917,0.48350183037124855,0.39178647657692145,-0.1677101701184421
81942180,45.38626167,-122.837645,290.0013380788708,2.5,Y,0.010656682027649769,gray,0,-0.5257811362732137,0.5605392329782671,-0.7335000098582521,-0.1677101701184421
81952267,49.0173338,-122.6563929,146.77545879646038,1,Y,0.2122425629290618,gray,0,-0.5612151553296907,0.3294270251572114,0.21965762482969192,-0.1677101701184421
81959624,49.21697668,-122.9579967,3886.5751953125,2,Y,0.05392296718972896,gray,0,0.3640096419977803,0.48350183037124855,-0.5289242238834884,-0.1677101701184421
82035366,49.02938082,-122.6568682,437.87821771845023,1,Y,0.2845224395857307,gray,0,-0.4891964617897056,0.3294270251572114,0.5614182479524015,-0.1677101701184421
82039704,37.28336711,-121.9233573,2874.5189561830302,6,Y,0,gray,0,0.11362737698246478,1.0998010512273972,-0.7838879526530346,-0.1677101701184421
82053195,47.554055,-122.1174145,1308.5581968780805,2.25,Y,0.14804229779937125,gray,0,-0.27379062083269196,0.5220205316747579,-0.08390020662022932,-0.1677101701184421
82068019,37.50624097,-122.2780993,1653.7639505937034,6.25,Y,0.02604464796794504,gray,0,-0.1883868703593157,1.1383197525309066,-0.6607411581334945,-0.1677101701184421
82116145,48.417511,-123.344963,4161.07080078125,3.5,Y,0.03918179199078075,gray,0,0.4319197331337569,0.7146140381923043,-0.5986248577886064,-0.1677101701184421
82122541,49.24480152,-122.9373359,3163.4469042462724,2,Y,0.12092011190550203,melanic,1,0.18510802327987616,0.48350183037124855,-0.21214191897909337,-0.1677101701184421
82122553,49.24473591,-122.9297912,3317.7756814630047,2,Y,0.19638009049773755,melanic,1,0.2232888943644782,0.48350183037124855,0.1446551661488775,-0.1677101701184421
82148727,47.66076197,-122.3445694,4283.315080762779,3.25,Y,0.02485004284490145,gray,0,0.4621629138222819,0.676095336888795,-0.6663896042864431,-0.1677101701184421
82162730,47.42701588,-120.3001636,695.7882404325127,-2,Y,0.003495145631067956,gray,0,-0.42538963647647576,-0.13279739048490022,-0.7673618709269642,-0.1677101701184421
82162759,47.42701588,-120.3001636,695.7882404325127,-2,Y,0.003493788819875775,gray,0,-0.42538963647647576,-0.13279739048490022,-0.7673682863313609,-0.1677101701184421
82173422,47.03564717,-122.90245,1091.1493786787155,1.25,Y,0.10799701046337819,gray,0,-0.32757746609919913,0.36794572646072066,-0.2732461627303274,-0.1677101701184421
82191728,37.5243938,-122.3653846,47.58537885801033,6.25,Y,0.6482670089858793,melanic,1,-0.5857547371452247,1.1383197525309066,2.2813100967748445,-0.1677101701184421
82208956,47.67124523,-122.3028439,4016.891867669412,3.25,Y,0.02544311034877071,melanic,1,0.3962499289822749,0.676095336888795,-0.663585405814454,-0.1677101701184421
82211555,47.63294667,-122.3073883,5031.974967553457,3.25,Y,0.11111111111111112,gray,0,0.6473810380067616,0.676095336888795,-0.2585217743242517,-0.1677101701184421
82212449,45.52571333,-122.71415,3838.39306640625,2.25,Y,0.3746068058335717,gray,0,0.3520894046607883,0.5220205316747579,0.9873637609575889,-0.1677101701184421
82220603,48.46516667,-123.31215,2121.60400390625,3.5,Y,0.14224384659416142,gray,0,-0.07264344851742327,0.7146140381923043,-0.11131699796939244,-0.1677101701184421
82224294,45.47923158,-122.8071195,2799.825439453125,3.25,Y,0,gray,0,0.0951482340477997,0.676095336888795,-0.7838879526530346,-0.1677101701184421
82235190,47.554055,-122.1174145,1308.5581968780805,2.25,Y,0.15476870359794406,gray,0,-0.27379062083269196,0.5220205316747579,-0.052095771645666464,-0.1677101701184421
82235254,47.554055,-122.1174145,1308.5581968780805,2.25,Y,0.1492579908675799,gray,0,-0.27379062083269196,0.5220205316747579,-0.07815205042883917,-0.1677101701184421
82261966,48.46497005,-123.3737913,4161.07080078125,3.5,Y,0.03213329366260041,gray,0,0.4319197331337569,0.7146140381923043,-0.6319522414553027,-0.1677101701184421
82360360,47.554055,-122.1174145,1308.5581968780805,2.25,Y,0.15413211323991993,gray,0,-0.27379062083269196,0.5220205316747579,-0.055105759037671266,-0.1677101701184421
82393140,37.76696826,-122.4678663,6888.411132812499,7.5,Y,0.11230412071967498,gray,0,1.1066625225156899,1.3309132590484531,-0.2528808722354053,-0.1677101701184421
82393715,38.53671414,-121.5735128,886.0620605878617,5.25,Y,0,gray,0,-0.3783159776997737,0.9842449473168694,-0.7838879526530346,-0.1677101701184421
82440649,50.907495,-114.0780555,2564.998424150353,-12.25,Y,0,melanic,1,0.037052134537688866,-1.7120641439287816,-0.7838879526530346,-0.1677101701184421
82452231,47.84053802,-122.2132187,1322.0760498046875,2.25,Y,0.09347392419492732,gray,0,-0.27044631000978836,0.5220205316747579,-0.34191560770388474,-0.1677101701184421
82506797,45.48148333,-122.6304033,2407.790476616796,3.25,Y,0.011781609195402295,gray,0,-0.0018410420072417053,0.676095336888795,-0.7281810216750688,-0.1677101701184421
82591416,45.5051064,-122.6750261,2956.661835459256,2.25,Y,0.02261221734728316,gray,0,0.1339494889095174,0.5220205316747579,-0.6769707047514969,-0.1677101701184421
82591421,45.5051064,-122.6750261,2956.661835459256,2.25,Y,0.023247978436657674,gray,0,0.1339494889095174,0.5220205316747579,-0.6739646383868034,-0.1677101701184421
82591431,45.5051064,-122.6750261,2956.661835459256,2.25,Y,0.022941970310391354,gray,0,0.1339494889095174,0.5220205316747579,-0.6754115352653102,-0.1677101701184421
82591436,45.5189524,-122.7052686,3838.39306640625,2.25,Y,0.25471698113207547,gray,0,0.3520894046607883,0.5220205316747579,0.420489229742194,-0.1677101701184421
82592171,37.61450333,-122.4149083,2043.0989990234375,7,Y,0.05756625819321744,gray,0,-0.09206555193185854,1.2538758564414345,-0.5116976670441069,-0.1677101701184421
82600872,47.09865833,-122.2077867,204.03753137750203,1.25,Y,0.11998803111909037,gray,0,-0.5470485439518041,0.36794572646072066,-0.2165490724649504,-0.1677101701184421
82612622,49.3310637,-123.0429839,1160.6617006502215,2,Y,0.1415903890160183,melanic,1,-0.3103801484514463,0.48350183037124855,-0.1144067385641537,-0.1677101701184421
82637865,47.83612864,-122.1863175,1272.0140450415008,2.25,Y,0.02318259874069834,gray,0,-0.2828316278006218,0.5220205316747579,-0.6742737729158615,-0.1677101701184421
82694814,49.20951226,-123.9721328,1154.638758338412,1.5,Y,0.2072072072072072,melanic,1,-0.3118702217100081,0.40646442776423,0.19584897450064145,-0.1677101701184421
82741333,51.025375,-114.0012194,464.8547973632813,-11.5,Y,0.013827781269641726,melanic,1,-0.48252246794164755,-1.5965080400182536,-0.7185061152494525,-0.1677101701184421
82746695,47.34612353,-122.5043655,253.5812835693359,3.25,Y,0.8583690987124464,gray,0,-0.5347914416174329,0.676095336888795,3.2747348842216826,-0.1677101701184421
82765736,49.33411583,-123.0326609,948.61767578125,1.5,Y,0.2619251642387889,melanic,1,-0.3628397462257011,0.40646442776423,0.4545716502454072,-0.1677101701184421
82770875,37.39174819,-122.2704009,45.306883397034376,5.5,Y,0.8127319440479589,gray,0,-0.5863184359124366,1.0227636486203786,3.05894892639875,-0.1677101701184421
82772014,45.538445,-122.8806617,2194.2549618173484,2.25,Y,0.00884955752212389,gray,0,-0.05466963372926492,0.5220205316747579,-0.7420446287153439,-0.1677101701184421
82778555,37.2870535,-121.8403112,3364.596585417298,6,Y,0,gray,0,0.2348723652516536,1.0998010512273972,-0.7838879526530346,-0.1677101701184421
82781675,47.971138,-122.1899719,794.5856015258296,2.25,Y,0,gray,0,-0.40094721312917386,0.5220205316747579,-0.7838879526530346,-0.1677101701184421
82793869,49.16067667,-122.6422915,1364.9862060546875,1,Y,0.06443298969072164,melanic,1,-0.259830356371404,0.3294270251572114,-0.47922973068402397,-0.1677101701184421
82856107,49.20979104,-123.9721375,1146.9221527804175,1.5,Y,0.22233300099700895,gray,0,-0.3137793065050412,0.40646442776423,0.2673681987984779,-0.1677101701184421
82866623,51.17818354,-113.9144351,841.0713287982733,-12.25,Y,0.01330511037193831,melanic,1,-0.38944666480453705,-1.7120641439287816,-0.7209774577579036,-0.1677101701184421
82869863,37.23550833,-121.9739028,1096.8614501953125,5.25,Y,0.0017518248175182427,melanic,1,-0.32616430213759434,0.9842449473168694,-0.775604807067705,-0.1677101701184421
82911468,48.46632036,-123.3693756,4161.07080078125,3.5,Y,0.03769664588898782,gray,0,0.4319197331337569,0.7146140381923043,-0.605647067574436,-0.1677101701184421
82928755,49.244145,-122.9354467,3266.97180291175,2,Y,0.17324290998766953,gray,0,0.21072003732727662,0.48350183037124855,0.03525573723197878,-0.1677101701184421
83011523,49.2094904,-123.9721037,1155.408927431642,1.5,Y,0.20986009327115254,gray,0,-0.31167968221768344,0.40646442776423,0.20839260401725132,-0.1677101701184421
83030769,51.035449,-114.064814,2873.74853515625,-11.25,Y,0.00171477565018576,melanic,1,0.11343677516189146,-1.5579893387147443,-0.7757799864827705,-0.1677101701184421
83030781,51.035382,-114.0645725,2873.74853515625,-11.25,Y,0.0017113519680547595,gray,0,0.11343677516189146,-1.5579893387147443,-0.7757961746639433,-0.1677101701184421
83030787,51.034885,-114.064628,2873.74853515625,-11.25,Y,0.002,melanic,1,0.11343677516189146,-1.5579893387147443,-0.7744313614431164,-0.1677101701184421
83030840,51.027761,-114.063807,2873.74853515625,-11.25,Y,0.004593741027849549,melanic,1,0.11343677516189146,-1.5579893387147443,-0.7621673871407335,-0.1677101701184421
83030991,51.035465,-114.068091,2873.74853515625,-11.25,Y,0.004288164665523151,melanic,1,0.11343677516189146,-1.5579893387147443,-0.7636122425117008,-0.1677101701184421
83036004,49.03094279,-122.6691856,194.98468476215368,1,Y,0.2661104718066743,melanic,1,-0.5492882141922019,0.3294270251572114,0.4743610216240415,-0.1677101701184421
83057221,47.73112243,-122.6302098,683.1579005818023,2.75,Y,0.1573836046843759,gray,0,-0.4285143769577501,0.5990579342817764,-0.039731746331288176,-0.1677101701184421
83078115,45.532945,-122.6057301,3254.53125,2.25,Y,0,gray,0,0.20764225005058723,0.5220205316747579,-0.7838879526530346,-0.1677101701184421
83082523,48.46470556,-123.3736528,4161.07080078125,3.5,Y,0.02944675788221297,gray,0,0.4319197331337569,0.7146140381923043,-0.6446549767782739,-0.1677101701184421
83086981,37.326366,-122.04739,2228.4597762945928,5.5,Y,0,gray,0,-0.046207377787235715,1.0227636486203786,-0.7838879526530346,-0.1677101701184421
83100468,49.2625,-123.1875,4630.29345703125,2.5,Y,0.006008583690987122,gray,0,0.548005210329603,0.5605392329782671,-0.7554775927949116,-0.1677101701184421
83132132,45.55922833,-122.8425833,1615.919992024282,2.25,Y,0.0028579594169762705,gray,0,-0.1977494489368737,0.5220205316747579,-0.7703746757025943,-0.1677101701184421
83132317,45.55916667,-122.84265,1616.226857116776,2.25,Y,0.0028498147620404602,gray,0,-0.1976735306489939,0.5220205316747579,-0.7704131860387312,-0.1677101701184421
83172033,48.46571011,-123.374103,4159.97591745412,3.5,Y,0.04158004158004157,gray,0,0.4316488594838793,0.7146140381923043,-0.5872852247961097,-0.1677101701184421
83315849,37.40636098,-122.2717761,172.4592831539547,5.5,Y,0.9248141795311606,gray,0,-0.554860988566768,1.0227636486203786,3.5889068678279576,-0.1677101701184421
83331532,45.47996902,-122.8127975,2799.825439453125,3.25,Y,0,gray,0,0.0951482340477997,0.676095336888795,-0.7838879526530346,-0.1677101701184421
83343215,49.30737135,-123.1516964,2089.77685546875,2.5,Y,0.8614697120158887,gray,0,-0.080517470935006,0.5605392329782671,3.2893955004770263,-0.1677101701184421
83346854,37.51484426,-122.2879029,2218.080629816394,6.25,Y,0.03683609366076527,gray,0,-0.048775174025883994,1.1383197525309066,-0.6097160128929784,-0.1677101701184421
83349616,38.03085,-121.24807,2487.280029296875,4.75,Y,0,gray,0,0.017824638095883836,0.9072075447098508,-0.7838879526530346,-0.1677101701184421
83349626,38.03123167,-121.2480983,2487.280029296875,4.75,Y,0,melanic,1,0.017824638095883836,0.9072075447098508,-0.7838879526530346,-0.1677101701184421
83351465,48.82294779,-122.3961522,96.58826245669842,1.5,Y,0.40011431837667905,gray,0,-0.5736314454610837,0.40646442776423,1.1079708204086012,-0.1677101701184421
83358278,47.75520843,-122.0838863,464.91504171962754,2.25,Y,0.20443349753694579,gray,0,-0.48250756351458796,0.5220205316747579,0.182734055257312,-0.1677101701184421
83358279,47.75520843,-122.0838863,464.91504171962754,2.25,Y,0.20534890869966188,gray,0,-0.48250756351458796,0.5220205316747579,0.187062389834713,-0.1677101701184421
83396821,49.2029634,-123.9718104,1342.5518891118802,1.5,Y,0.016494054468738,melanic,1,-0.26538059644012113,0.40646442776423,-0.7058991874005456,-0.1677101701184421
83434689,36.96926167,-121.9915,2321.5029296875,5.25,Y,0.005300353356890455,gray,0,-0.023188542874739006,0.9842449473168694,-0.7588263151709195,-0.1677101701184421
83435760,49.16383333,-123.1417528,4710.058702285288,2,Y,0.017518667432510043,melanic,1,0.5677390966533384,0.48350183037124855,-0.7010545144271582,-0.1677101701184421
83447754,49.28623833,-123.0160222,1431.4222412109375,2,Y,0.03592085235920853,gray,0,-0.24339411071832917,0.48350183037124855,-0.6140435443166061,-0.1677101701184421
83461454,45.51967,-122.7060467,3838.39306640625,2.25,Y,0.25918541726003985,gray,0,0.3520894046607883,0.5220205316747579,0.44161731664708814,-0.1677101701184421
83467051,37.7700645,-122.4708464,6888.4111328125,7.5,Y,0.1312190864125691,gray,0,1.1066625225156899,1.3309132590484531,-0.1634453230817429,-0.1677101701184421
83467066,37.76932068,-122.4753571,6888.4111328125,7.5,Y,0.14749780509218613,gray,0,1.1066625225156899,1.3309132590484531,-0.086474729094545,-0.1677101701184421
83472509,47.27049085,-122.2206401,496.707275390625,1.75,Y,0.18874074074074074,gray,0,-0.47464217899476363,0.4449831290677393,0.1085340622681245,-0.1677101701184421
83510305,37.768869,-122.477472,6888.4111328125,7.5,Y,0.16866764275256224,gray,0,1.1066625225156899,1.3309132590484531,0.01362252127270786,-0.1677101701184421
83513830,49.21052135,-123.9813388,1080.617357309796,1.5,Y,0.19315895372233396,gray,0,-0.3301830835180572,0.40646442776423,0.12942467929076476,-0.1677101701184421
83535691,47.07840283,-122.7089917,535.97637939453125,2.25,Y,0.016568047337278107,gray,0,-0.4649270200683413,0.5220205316747579,-0.7055493272454292,-0.1677101701184421
83541228,38.61683517,-121.3097384,1514.4500620814194,5.75,Y,0,gray,0,-0.22285306463306542,1.061282349923888,-0.7838879526530346,-0.1677101701184421
83559543,37.29190799,-121.9342106,2627.598876953125,6,Y,0,melanic,1,0.05253945881645088,1.0998010512273972,-0.7838879526530346,-0.1677101701184421
83649382,36.96848665,-121.9608636,1392.234375,5.25,Y,0,melanic,1,-0.25308917145077575,0.9842449473168694,-0.7838879526530346,-0.1677101701184421
83682024,47.7410064,-122.1008557,655.92572021484375,2.25,Y,0.25787063537492844,gray,0,-0.4352516063111797,0.5220205316747579,0.4354006392382361,-0.1677101701184421
83687716,48.77573555,-122.4056935,610.8015608632753,1.5,Y,0.27652173913043476,melanic,1,-0.44641530333564156,0.40646442776423,0.5235885711530318,-0.1677101701184421
83733382,49.24447222,-122.9356306,3228.353335108846,2,Y,0.16410098522167488,melanic,1,0.20116584550861905,0.48350183037124855,-0.007969985459939988,-0.1677101701184421
83749688,37.411081,-122.261195,558.3875252884377,5.5,Y,0.5522174535050072,gray,0,-0.4593825125068528,1.0227636486203786,1.8271594057363667,-0.1677101701184421
83802734,49.20307649,-123.9720221,1338.3912417959407,1.5,Y,0.01681314482231562,melanic,1,-0.2664099387420775,0.40646442776423,-0.7043904338841396,-0.1677101701184421
83806696,49.02668739,-123.0726035,1509.1932373046875,2.5,Y,0.0374821173104435,gray,0,-0.22415360075299381,0.5605392329782671,-0.6066614221095051,-0.1677101701184421
83874019,37.76695667,-122.4721367,6888.411132812499,7.5,Y,0.1256575102279369,gray,0,1.1066625225156899,1.3309132590484531,-0.18974209931218428,-0.1677101701184421
83886983,47.8020382,-122.6493178,88.21889404062222,2.75,Y,0.5017142857142858,gray,0,-0.5757020234979005,0.5990579342817764,1.5883654994349896,-0.1677101701184421
83960378,37.51139952,-122.4808799,338.7619934082031,6.75,Y,0.1504882251579552,gray,0,-0.5137177717555552,1.2153571551379252,-0.07233513904058772,-0.1677101701184421
83968475,37.45785765,-122.3436991,10.822207273015776,5.75,Y,0.8642081189251001,gray,0,-0.5948499295018425,1.061282349923888,3.30234349783044,-0.1677101701184421
84008243,47.8120379,-122.6582078,176.0220742665037,2.75,Y,0.4745390693590869,gray,0,-0.5539795556245595,0.5990579342817764,1.4598730433788918,-0.1677101701184421
84029789,49.23933098,-122.9713188,3631.022056687806,2,Y,0.12535976974736168,melanic,1,0.3007859087636846,0.48350183037124855,-0.19114990431790643,-0.1677101701184421
84052553,47.70128632,-122.17733,1095.941866875224,2.75,Y,0.03659233847913093,gray,0,-0.3263918066434231,0.5990579342817764,-0.610868559446986,-0.1677101701184421
84068169,48.8891151,-123.3834341,15.308740615844728,2.5,Y,0.8871847307430131,gray,0,-0.593739963141267,0.5605392329782671,3.410983710505928,-0.1677101701184421
84085444,44.59046003,-123.2682486,729.8136599861112,2.5,Y,0.04029722777936552,gray,0,-0.4169717627590483,0.5605392329782671,-0.5933507476518269,-0.1677101701184421
84143187,37.43089,-122.17546,1974.5377578482069,6,Y,0,melanic,1,-0.1090275726121337,1.0998010512273972,-0.7838879526530346,-0.1677101701184421
84189395,49.20529669,-123.9826516,1213.9133467248091,1.5,Y,0.03036379260956746,melanic,1,-0.29720571481382757,0.40646442776423,-0.6403189655073288,-0.1677101701184421
84248058,49.30435632,-123.1364682,2089.77685546875,2.5,Y,0.7017045454545454,melanic,1,-0.080517470935006,0.5605392329782671,2.533978565599477,-0.1677101701184421
84249240,49.28245457,-123.0398056,5444.990868837935,2,Y,0.011171584073331416,gray,0,0.7495609889350818,0.48350183037124855,-0.7310654007786712,-0.1677101701184421
84249291,37.7693224,-122.4830707,6888.4111328125,7.5,Y,0.18301610541727673,gray,0,1.1066625225156899,1.3309132590484531,0.0814662942281963,-0.1677101701184421
84312699,49.20313298,-123.970966,1342.5978508470428,1.5,Y,0.014308426073131944,melanic,1,-0.26536922552721226,0.40646442776423,-0.7162334845375633,-0.1677101701184421
84320867,38.5783677,-121.342041,1484.5683680117324,5.75,Y,0,gray,0,-0.23024578250228042,1.061282349923888,-0.7838879526530346,-0.1677101701184421
84342816,47.41061333,-122.4603917,118.81134033203124,3.25,Y,0.5286861732644865,gray,0,-0.5681334658440382,0.676095336888795,1.7158965567960534,-0.1677101701184421
84383819,47.76586533,-122.1819,1290.5045166015625,2.75,Y,0.09236488418644552,gray,0,-0.2782570933316759,0.5990579342817764,-0.347159476701713,-0.1677101701184421
84423208,45.54076167,-122.8799667,1893.6962962647776,2.25,Y,0.00713877784123358,gray,0,-0.12902771437877936,0.5220205316747579,-0.7501337007615508,-0.1677101701184421
84438428,49.05453823,-122.3442213,2191.2553734876738,1,Y,0.05541273921736647,gray,0,-0.055411730552603,0.3294270251572114,-0.5218801413528189,-0.1677101701184421
84506302,45.51783333,-122.7065883,3838.39306640625,2.25,Y,0.30120137299771166,gray,0,0.3520894046607883,0.5220205316747579,0.6402811754996756,-0.1677101701184421
84559429,49.20833443,-123.9702242,1198.995994192405,1.5,Y,0.17759764185703755,gray,0,-0.30089626121894436,0.40646442776423,0.055846196790686684,-0.1677101701184421
84655393,49.04364167,-122.31041,1454.0363264651492,1.25,Y,0.03503473270915132,melanic,1,-0.23779939604904426,0.36794572646072066,-0.6182333799634394,-0.1677101701184421
84659117,49.01334722,-121.9641607,0.9194630937716056,-1.5,Y,0.8528571428571429,melanic,1,-0.5972998640228717,-0.055759987877881605,3.2486727275763227,-0.1677101701184421
84726011,47.86561584,-122.2836456,2182.070068359375,2.25,Y,2.955082742316785e-4,gray,0,-0.05768417097039881,0.5220205316747579,-0.7824907021787559,-0.1677101701184421
84892186,47.65600411,-122.2932304,4051.7146106806063,3.25,Y,0.0019201228878648153,gray,0,0.40486506016973617,0.676095336888795,-0.7748090440413622,-0.1677101701184421
84930845,37.58726753,-122.3191012,2883.394478969224,6.75,Y,0.021706208985360922,gray,0,0.11582317738611998,1.2153571551379252,-0.68125458010723,-0.1677101701184421
85013643,37.35340833,-122.1804183,73.676300048828125,5.25,Y,0.8185979971387697,gray,0,-0.5792998548061641,0.9842449473168694,3.0866853594464874,-0.1677101701184421
85043211,36.95692362,-122.0461297,885.46124267578125,5.5,Y,0.0012738853503184713,gray,0,-0.3784646197849387,1.0227636486203786,-0.777864646149902,-0.1677101701184421
85047978,47.8120379,-122.6582078,176.0220742665037,2.75,Y,0.4733597534125936,gray,0,-0.5539795556245595,0.5990579342817764,1.4542968889722292,-0.1677101701184421
85058272,37.76912805,-122.4749826,6888.4111328125,7.5,Y,0.14448669201520914,gray,0,1.1066625225156899,1.3309132590484531,-0.10071216182245,-0.1677101701184421
85119018,37.32299408,-122.0321823,2729.486611408591,6,Y,0,gray,0,0.07774643916388896,1.0998010512273972,-0.7838879526530346,-0.1677101701184421
85122041,47.695103,-122.211158,1773.857354294187,3.25,Y,0.07236842105263158,gray,0,-0.15867581550944876,0.676095336888795,-0.441708665452051,-0.1677101701184421
85139494,51.06336505,-114.1591981,2170.526123046875,-11.5,Y,0.047972763850201175,melanic,1,-0.06054013792441205,-1.5965080400182536,-0.5570585441823902,-0.1677101701184421
85156825,38.56730686,-121.4771559,3115.225830078125,6,Y,0,gray,0,0.1731781509023514,1.0998010512273972,-0.7838879526530346,-0.1677101701184421
85157058,45.53008333,-122.8860467,2641.626953125,2.25,Y,0.03023388476896748,gray,0,0.05600999864410181,0.5220205316747579,-0.6409332081790874,-0.1677101701184421
85208750,47.71803048,-122.1383227,483.811945077665,2.25,Y,0.09267734553775746,gray,0,-0.4778324779989542,0.5220205316747579,-0.3456820670675852,-0.1677101701184421
85229519,37.7697197,-122.470994,6888.4111328125,7.5,Y,0.13366336633663367,gray,0,1.1066625225156899,1.3309132590484531,-0.15188804505949877,-0.1677101701184421
85378496,37.29397921,-121.8953517,3701.12939453125,6.25,Y,0,gray,0,0.3181304330744426,1.1383197525309066,-0.7838879526530346,-0.1677101701184421
85479421,49.20765535,-123.9693508,1223.7858180803084,1.5,Y,0.15074980268350432,melanic,1,-0.2947632697759758,0.40646442776423,-0.07109832317617777,-0.1677101701184421
85575559,37.45003865,-122.1424797,3112.0593261718755,6,Y,0,gray,0,0.172394759239346,1.0998010512273972,-0.7838879526530346,-0.1677101701184421
85689399,47.07728056,-122.7115472,535.97637939453125,2.25,Y,0.016898903053661422,gray,0,-0.4649270200683413,0.5220205316747579,-0.7039849436157782,-0.1677101701184421
85707631,47.62621484,-122.5003472,324.36224365234375,3.25,Y,0.05687693898655635,gray,0,-0.5172802634631575,0.676095336888795,-0.5149569720193764,-0.1677101701184421
85708019,49.2442144,-122.9355235,3258.23707235543,2,Y,0.17144619179771817,gray,0,0.20855906885889283,0.48350183037124855,0.026760322511081774,-0.1677101701184421
85736664,47.66071812,-122.3374551,4206.195228934019,3.25,Y,0.00371853546910755,gray,0,0.44308349665951663,0.676095336888795,-0.766305617737569,-0.1677101701184421
85801216,36.99243164,-121.9438248,1392.234375,5.25,Y,0.15604458416690484,gray,0,-0.25308917145077575,0.9842449473168694,-0.04606303115899659,-0.1677101701184421
85804732,44.5905202,-123.2682513,730.0070930826178,2.5,Y,0.04737442922374429,gray,0,-0.41692390749670255,0.5605392329782671,-0.559887647166961,-0.1677101701184421
85820779,37.33391275,-121.9217679,3701.12939453125,6.25,Y,0,melanic,1,0.3181304330744426,1.1383197525309066,-0.7838879526530346,-0.1677101701184421
85859513,47.86362457,-122.2798386,2182.070068359375,2.25,Y,0.017383618149675893,gray,0,-0.05768417097039881,0.5220205316747579,-0.7016930673576357,-0.1677101701184421
85994911,36.97534672,-121.9904882,2321.5029296875,5.25,Y,0.004886461626904281,gray,0,-0.023188542874739006,0.9842449473168694,-0.760783317618742,-0.1677101701184421
86045992,49.2090246,-123.9723163,1167.2214275344854,1.5,Y,0.18424611223799864,gray,0,-0.3087572749275633,0.40646442776423,0.08728213007268537,-0.1677101701184421
86054705,45.6734418,-122.6898828,594.369871079905,2.25,Y,0.017628205128205128,gray,0,-0.45048049610549024,0.5220205316747579,-0.7005365878220258,-0.1677101701184421
86228927,47.87111333,-122.1646945,1923.7540973713,2.25,Y,0,gray,0,-0.12159142770670225,0.5220205316747579,-0.7838879526530346,-0.1677101701184421
86237371,47.11881169,-122.2216825,293.86075751766083,1.25,Y,0.3851548801870251,gray,0,-0.5248263176145593,0.36794572646072066,1.037238174563804,-0.1677101701184421
86249419,49.01741,-123.812309,48.42620468139648,1.5,Y,0.6559741024131842,melanic,1,-0.5855467172091747,0.40646442776423,2.317751512754179,-0.1677101701184421
86282982,49.20614518,-123.9836695,1183.535385510261,1.5,Y,0.03118741058655222,gray,0,-0.30472120895473465,0.40646442776423,-0.6364246562465865,-0.1677101701184421
86296768,45.34533658,-122.6017817,398.3051941827487,3.25,Y,0.0974007426449586,gray,0,-0.4989868102735963,0.676095336888795,-0.32334844928512974,-0.1677101701184421
86332151,49.2501243,-123.0824216,5889.296011351441,2.5,Y,0,melanic,1,0.8594818842760105,0.5605392329782671,-0.7838879526530346,-0.1677101701184421
86345922,47.655886,-122.305869,4166.9521484375,3.25,Y,0.0015356265356265256,gray,0,0.43337477593728835,0.676095336888795,-0.7766270564537732,-0.1677101701184421
86367036,37.3783846,-121.8469115,2187.880368561733,6,Y,0,gray,0,-0.05624670527547189,1.0998010512273972,-0.7838879526530346,-0.1677101701184421
86380416,47.68768667,-122.3581783,3590.0627864457983,3.25,Y,0,gray,0,0.290652603459041,0.676095336888795,-0.7838879526530346,-0.1677101701184421
86458416,45.34541608,-122.6071525,338.0879564123864,3.25,Y,0.08765288293535235,gray,0,-0.5138845282095857,0.676095336888795,-0.36943921150781833,-0.1677101701184421
86493457,37.26923576,-122.0209497,1563.0316051472182,5.25,Y,0,gray,0,-0.21083401241002223,0.9842449473168694,-0.7838879526530346,-0.1677101701184421
86502871,47.038139,-122.9251727,1050.8122876716277,1.25,Y,0.09402205455600697,gray,0,-0.33755684453687457,0.36794572646072066,-0.3393238853266472,-0.1677101701184421
86649316,47.554055,-122.1174145,1308.5581968780805,2.25,Y,0.15439497716894976,gray,0,-0.27379062083269196,0.5220205316747579,-0.05386286067733727,-0.1677101701184421
86667206,47.19251576,-122.4573356,1774.9584281725752,2.25,Y,0.022060957910014507,gray,0,-0.1584034103199336,0.5220205316747579,-0.6795772223259265,-0.1677101701184421
86678570,47.07475477,-122.7146398,535.97637939453125,2.25,Y,0.017286844418400227,gray,0,-0.4649270200683413,0.5220205316747579,-0.702150642165902,-0.1677101701184421
86731595,37.7670979,-122.4768015,6888.411132812499,7.5,Y,0.15658778848962898,gray,0,1.1066625225156899,1.3309132590484531,-0.04349460054726526,-0.1677101701184421
86774058,47.554055,-122.1174145,1308.5581968780805,2.25,Y,0.15058688806183795,gray,0,-0.27379062083269196,0.5220205316747579,-0.07186863166578643,-0.1677101701184421
86807433,37.57007756,-122.3799009,1230.7806036415675,6.5,Y,0.22104661138118387,gray,0,-0.293032762928223,1.1768384538344159,0.2612857684317072,-0.1677101701184421
86890135,47.6737709,-117.4727097,547.34320068359375,-2.25,Y,0.25953079178885635,gray,0,-0.4621148735192248,-0.1713160917884095,0.443250349513756,-0.1677101701184421
86943492,49.03195167,-123.8234983,42.78907377397358,1.5,Y,0.7676277476448758,gray,0,-0.5869413408972837,0.40646442776423,2.845682952780843,-0.1677101701184421
86975176,37.20205,-121.882832,1827.6048687889092,4.5,Y,0.7820284697508897,gray,0,-0.14537870424445856,0.8686888434063414,2.913773823822945,-0.1677101701184421
86980804,37.42539923,-122.1567651,3013.564778277731,6,Y,0,melanic,1,0.14802725174331197,1.0998010512273972,-0.7838879526530346,-0.1677101701184421
87068263,47.65825559,-122.3077802,4166.9521484375,3.25,Y,0.001439263097294179,gray,0,0.43337477593728835,0.676095336888795,-0.7770826912757188,-0.1677101701184421
87079202,48.464575,-123.3105867,2121.60400390625,3.5,Y,0.15118605315804515,gray,0,-0.07264344851742327,0.7146140381923043,-0.06903560197474509,-0.1677101701184421
87089619,47.560355,-122.304695,1686.2553540564636,3.25,Y,0.03428571428571428,gray,0,-0.18034851154288273,0.676095336888795,-0.6217749604830102,-0.1677101701184421
87214506,47.67174912,-122.3123779,3953.7319307156927,3.25,Y,0.02547953048955053,gray,0,0.380624188572533,0.676095336888795,-0.6634132006228728,-0.1677101701184421
87227191,37.42434297,-122.15603779999999,2882.661872311304,6,Y,0,melanic,1,0.11564193082364321,1.0998010512273972,-0.7838879526530346,-0.1677101701184421
87229156,37.46219856,-122.2861968,127.08819571506714,6.25,Y,0.37706788362806615,gray,0,-0.5660857754905937,1.1383197525309066,0.9990004642767594,-0.1677101701184421
87295046,47.34724679,-122.5037605,253.5812835693359,3.25,Y,0.8676258992805754,gray,0,-0.5347914416174329,0.676095336888795,3.3185037736639496,-0.1677101701184421
87339392,49.05453823,-122.3442213,2191.2553734876738,1,Y,0.05566714490674319,gray,0,-0.055411730552603,0.3294270251572114,-0.5206772360498625,-0.1677101701184421
87351883,47.33291568,-122.6256324,395.5486362498136,2.25,Y,0.5228440890919475,gray,0,-0.49966878148449256,0.5220205316747579,1.688273455879236,-0.1677101701184421
87450381,48.02813756,-122.7747549,149.21591413535572,2.75,Y,0.1169908466819222,gray,0,-0.5606113877604626,0.5990579342817764,-0.23072064646646434,-0.1677101701184421
87496062,37.769805,-122.47017,6888.4111328125,7.5,Y,0.12583551293228715,gray,0,1.1066625225156899,1.3309132590484531,-0.18890044990753413,-0.1677101701184421
87572315,49.20848091,-123.9727701,1180.0029094909669,1.5,Y,0.16526422080107708,gray,0,-0.3055951419563077,0.40646442776423,-0.0024698637823205517,-0.1677101701184421
87577357,49.27888833,-123.0494,6161.1484375,2.5,Y,0.009433962264150941,melanic,1,0.9267380540196342,0.5605392329782671,-0.7392813903421002,-0.1677101701184421
87593567,47.31677297,-122.406105,1592.30908203125,2.25,Y,0.5380453161988503,gray,0,-0.20359077760474809,0.5220205316747579,1.7601493511987891,-0.1677101701184421
87657982,37.51048199,-122.2777212,1866.546798764109,6.25,Y,0.035458964826994566,gray,0,-0.13574448802773406,1.1383197525309066,-0.6162274851051588,-0.1677101701184421
87658538,37.51047831,-122.3004955,1719.0203609450891,6.25,Y,0.09899856938483548,melanic,1,-0.17224246336015225,1.1383197525309066,-0.31579345213348387,-0.1677101701184421
87718931,49.2501243,-123.0824216,5889.296011351441,2.5,Y,0,melanic,1,0.8594818842760105,0.5605392329782671,-0.7838879526530346,-0.1677101701184421
87719209,49.2501243,-123.0824216,5889.296011351441,2.5,Y,0,gray,0,0.8594818842760105,0.5605392329782671,-0.7838879526530346,-0.1677101701184421
87750960,49.24593297,-123.2050557,3076.4408672769587,2.5,Y,0.7390557939914163,melanic,1,0.1635827682949146,0.5605392329782671,2.7105863098960965,-0.1677101701184421
87793334,45.42023833,-122.7324367,1810.3144809795965,2.5,Y,0.06934931506849315,gray,0,-0.14965633852534865,0.5605392329782671,-0.4559838910077583,-0.1677101701184421
87863958,49.21542718,-123.9927632,1021.743408203125,1.5,Y,0.40137812230835485,melanic,1,-0.3447484724339976,0.40646442776423,1.1139464589842738,-0.1677101701184421
87864730,49.21722369,-123.983845,1021.743408203125,1.5,Y,0.5865356833285178,gray,0,-0.3447484724339976,0.40646442776423,1.9894261409808465,-0.1677101701184421
87893405,49.2831,-122.817375,1549.1314697265625,1.5,Y,0.06310679611650485,melanic,1,-0.2142728997525251,0.40646442776423,-0.4855003659323181,-0.1677101701184421
87914596,47.20548333,-122.5073467,1521.593773959501,2.25,Y,0.08566533409480297,gray,0,-0.22108571348053518,0.5220205316747579,-0.37883692995522944,-0.1677101701184421
87943040,49.26431718,-123.2035479,4245.112429102044,2.5,Y,0.0732548118356794,melanic,1,0.4527115947329065,0.5605392329782671,-0.4375175478082898,-0.1677101701184421
87950033,36.9719362,-122.0113353,2321.5029296875,5.5,Y,0,gray,0,-0.023188542874739006,1.0227636486203786,-0.7838879526530346,-0.1677101701184421
87953263,49.3048384,-123.0015066,1431.4222412109375,2,Y,0.206113941639648,melanic,1,-0.24339411071832917,0.48350183037124855,0.19067969172249824,-0.1677101701184421
87996600,49.57385086,-119.6237187,314.24704745397275,-1.75,Y,0.00238379022646007,gray,0,-0.5197827585195596,-0.0942786891813909,-0.7726166878021191,-0.1677101701184421
88038159,47.55287891,-122.0249869,1443.3948974609375,2.25,Y,0.13398225021471513,gray,0,-0.24043208086838397,0.5220205316747579,-0.1503802678202739,-0.1677101701184421
88072180,48.41222142,-123.3627779,4161.07080078125,3.5,Y,0.04510489510489511,gray,0,0.4319197331337569,0.7146140381923043,-0.5706186753664203,-0.1677101701184421
88079557,45.39542398,-122.2593221,724.89666748046875,2.25,Y,0.2684180468303827,gray,0,-0.4181882245257236,0.5220205316747579,0.48527191846675505,-0.1677101701184421
88079558,45.39507939,-122.2593371,724.89666748046875,2.25,Y,0.2632180623035153,gray,0,-0.4181882245257236,0.5220205316747579,0.460684854482513,-0.1677101701184421
88123898,49.12561122,-123.1792239,4514.5361328125,2.5,Y,0.018095987411487005,gray,0,0.519366899621758,0.5605392329782671,-0.6983247749079062,-0.1677101701184421
88323950,47.55996667,-122.39377,3277.76318359375,3.25,Y,0.026807980049875314,gray,0,0.21338982012524232,0.676095336888795,-0.6571318984053793,-0.1677101701184421
88339244,49.89852172,-119.455254,1589.925446231753,-4.75,Y,0.001443001443001439,gray,0,-0.20418048804511155,-0.5565031048235025,-0.7770650152721413,-0.1677101701184421
88415532,36.98193134,-121.9447976,1392.2343750000002,5.25,Y,0.0215625,gray,0,-0.2530891714507757,0.9842449473168694,-0.6819340786711051,-0.1677101701184421
88421655,47.67462167,-122.1308888,1327.8572208541923,2.25,Y,0.00801832760595647,gray,0,-0.26901605085436725,0.5220205316747579,-0.7459749294746688,-0.1677101701184421
88432060,48.64764667,-123.4039,2149.6535604086416,2.5,Y,0,gray,0,-0.06570400067035018,0.5605392329782671,-0.7838879526530346,-0.1677101701184421
88438275,45.58677179,-122.7230942,1729.563720703125,2.5,Y,0.0100143061516452,gray,0,-0.16963404082885197,0.5605392329782671,-0.7365373528894963,-0.1677101701184421
88443883,47.86329356,-122.2776453,2182.070068359375,2.25,Y,0.02567094515752625,gray,0,-0.05768417097039881,0.5220205316747579,-0.6625081354895586,-0.1677101701184421
88464955,47.11225201,-122.2176708,261.7620933889747,1.25,Y,0.4197199880845993,gray,0,-0.5327675128938052,0.36794572646072066,1.200672222320839,-0.1677101701184421
88464965,47.15851417,-122.2844386,1223.3133355435127,1.25,Y,0.1345433592624604,gray,0,-0.2948801617461739,0.36794572646072066,-0.14772717837591726,-0.1677101701184421
88559657,38.56730028,-121.4947992,2913.0175188809894,6,Y,0,gray,0,0.12315190433130119,1.0998010512273972,-0.7838879526530346,-0.1677101701184421
88559892,49.20544886,-123.9799161,1225.6108542526206,1.5,Y,0.035301097597152185,gray,0,-0.2943117566358054,0.40646442776423,-0.6169739280341895,-0.1677101701184421
88608926,47.59842167,-117.414925,942.70440673828125,-2,Y,0.16432865731462926,gray,0,-0.3643026863661591,-0.13279739048490022,-0.006893484503451973,-0.1677101701184421
88615802,37.23557523,-121.7642005,1169.295166015625,5,Y,0,gray,0,-0.30824423294641434,0.9457262460133601,-0.7838879526530346,-0.1677101701184421
88653919,37.58153119,-122.3857296,2043.0989990234375,6.5,Y,0.02777777777777777,gray,0,-0.09206555193185854,1.1768384538344159,-0.652546408070839,-0.1677101701184421
88657969,49.27084188,-123.1986452,4630.29345703125,2.5,Y,0.014694800301431795,melanic,1,0.548005210329603,0.5605392329782671,-0.7144065929720237,-0.1677101701184421
88696984,37.43983639,-122.1485542,3112.0593261718755,6,Y,0,gray,0,0.172394759239346,1.0998010512273972,-0.7838879526530346,-0.1677101701184421
88721253,44.55989667,-123.270125,1220.582851970448,2.5,Y,0.002639296187683283,gray,0,-0.29555568217199435,0.5605392329782671,-0.7714085800886266,-0.1677101701184421
88754588,47.37475165,-122.2561616,1298.6380615234375,2.25,Y,0.00858369098712446,gray,0,-0.2762448579228071,0.5220205316747579,-0.7433017242842873,-0.1677101701184421
88786135,36.9950791,-122.059586,688.1372201514477,5.25,Y,0.28673527730131504,gray,0,-0.427282495503064,0.9842449473168694,0.5718811987974864,-0.1677101701184421
88886877,37.42118127,-121.9280653,1442.3414149177167,7,Y,0,melanic,1,-0.24069271198267125,1.2538758564414345,-0.7838879526530346,-0.1677101701184421
88893966,36.97939282,-121.9453625,1392.234375,5.25,Y,0.01975308641975309,gray,0,-0.25308917145077575,0.9842449473168694,-0.6904895209501398,-0.1677101701184421
88902897,47.68005371,-122.0297035,465.4317321777344,2.25,Y,0.4461934745277618,gray,0,-0.4823797345242505,0.5220205316747579,1.3258466919179872,-0.1677101701184421
88951978,37.53496397,-122.2761694,2352.2392578125,6.25,Y,0,gray,0,-0.015584388919015072,1.1383197525309066,-0.7838879526530346,-0.1677101701184421
89006814,37.28292442,-121.9584452,2624.2039654330933,6,Y,0,gray,0,0.05169955921102651,1.0998010512273972,-0.7838879526530346,-0.1677101701184421
89071158,49.20602121,-123.9735036,1246.7946977662375,1.5,Y,0.07630662020905923,melanic,1,-0.28907088313925766,0.40646442776423,-0.42308769568926075,-0.1677101701184421
89111177,37.76962111,-122.4646437,6888.411132812499,7.5,Y,0.12052023121387283,gray,0,1.1066625225156899,1.3309132590484531,-0.2140326730958317,-0.1677101701184421
89127756,48.7277899,-122.2822047,88.84316492209263,-0.25,Y,0.9450486548368632,gray,0,-0.5755475791585027,0.1368335186396649,3.6845814484845634,-0.1677101701184421
89148687,49.2361273,-122.9713764,3807.2538454864734,2,Y,0.14883423826253595,melanic,1,0.34438557520619956,0.48350183037124855,-0.08015567800885848,-0.1677101701184421
89203559,49.20504563,-123.9801124,1236.173503873779,1.5,Y,0.0313888066331063,gray,0,-0.29169856180091785,0.40646442776423,-0.6354723962048087,-0.1677101701184421
89203914,49.20502084,-123.9830606,1219.506205032253,1.5,Y,0.031464530892448515,gray,0,-0.29582204414733176,0.40646442776423,-0.6351143495221722,-0.1677101701184421
89206913,51.02915896,-114.1516474,2958.951580046714,-11.5,Y,0,melanic,1,0.13451597070563517,-1.5965080400182536,-0.7838879526530346,-0.1677101701184421
89247680,49.018038,-123.0818253,1509.1932373046875,2.5,Y,0.021416333523700745,melanic,1,-0.22415360075299381,0.5605392329782671,-0.6826251969785834,-0.1677101701184421
89255134,47.554055,-122.1174145,1308.5581968780805,2.25,Y,0.15426290276589677,gray,0,-0.27379062083269196,0.5220205316747579,-0.054487347496820306,-0.1677101701184421
89271925,49.26104517,-123.1742197,4630.29345703125,2.5,Y,0,melanic,1,0.548005210329603,0.5605392329782671,-0.7838879526530346,-0.1677101701184421
89338057,48.46098102,-123.3363553,3770.601160046796,3.5,Y,0.03992015968063872,gray,0,0.3353177170729656,0.7146140381923043,-0.5951336370858072,-0.1677101701184421
89339913,51.10036053,-114.1322118,1783.5811257960886,-11.5,Y,0.00142897970848813,melanic,1,-0.15627015874947292,-1.5965080400182536,-0.7771313141778146,-0.1677101701184421
89349223,45.539445,-122.8779833,2133.886822316879,2.25,Y,0.007439198855507861,gray,0,-0.06960468468640298,0.5220205316747579,-0.7487132214001203,-0.1677101701184421
89390473,47.69890052,-122.3703539,3421.6842940556453,3.25,Y,0.021434695627322094,gray,0,0.24899583906739606,0.676095336888795,-0.6825383755247327,-0.1677101701184421
89418597,49.04537964,-122.3071747,1549.324250961579,1.25,Y,0.04111245465538089,melanic,1,-0.214225205760423,0.36794572646072066,-0.5894961139969191,-0.1677101701184421
89434902,49.16680278,-122.7653944,2043.4835731118976,1,Y,0.05771428571428572,gray,0,-0.09197040847281751,0.3294270251572114,-0.5109977491668268,-0.1677101701184421
89435971,37.76811103,-122.4738586,6888.411132812501,7.5,Y,0.13797135340543704,gray,0,1.1066625225156903,1.3309132590484531,-0.1315186087358554,-0.1677101701184421
89498110,49.20641736,-123.9772588,1213.1535944348066,1.5,Y,0.06114885731933292,gray,0,-0.2973936771936505,0.40646442776423,-0.49475807934176497,-0.1677101701184421
89546455,48.41391287,-123.3653233,4161.07080078125,3.5,Y,0.04127999999999999,melanic,1,0.4319197331337569,0.7146140381923043,-0.5887039100803253,-0.1677101701184421
89546748,37.0607664,-122.0571469,394.1843470193992,4.5,Y,0.34802518603319976,gray,0,-0.5000063060354414,0.8686888434063414,0.861678004882798,-0.1677101701184421
89564699,49.2501243,-123.0824216,5889.296011351441,2.5,Y,0,gray,0,0.8594818842760105,0.5605392329782671,-0.7838879526530346,-0.1677101701184421
89577014,49.30585929,-123.0033292,1431.4222412109375,2,Y,0.22231044065105202,gray,0,-0.24339411071832917,0.48350183037124855,0.26726152681384335,-0.1677101701184421
89644549,48.41388333,-123.3652283,4161.07080078125,3.5,Y,0.04135941006732927,melanic,1,0.4319197331337569,0.7146140381923043,-0.5883284358079827,-0.1677101701184421
89650624,49.20800181,-123.970237,1208.5261003378528,1.5,Y,0.16368381804623414,gray,0,-0.2985385171823224,0.40646442776423,-0.009942475182109625,-0.1677101701184421
89712687,51.13625467,-114.1525197,2496.2038512738254,-12,Y,0,gray,0,0.02003238769792592,-1.6735454426252723,-0.7838879526530346,-0.1677101701184421
89732978,37.58172927,-122.3857922,2043.0989990234375,6.5,Y,0.02774599542334096,gray,0,-0.09206555193185854,1.1768384538344159,-0.6526966844376377,-0.1677101701184421
89733085,37.58144889,-122.3860347,2043.0989990234375,6.5,Y,0.027722206344669903,gray,0,-0.09206555193185854,1.1768384538344159,-0.6528091662337641,-0.1677101701184421
89750990,49.05273454,-122.3288311,2237.757080078125,1.25,Y,0,gray,0,-0.04390722895177316,0.36794572646072066,-0.7838879526530346,-0.1677101701184421
89750993,49.04397955,-122.3055003,1405.2738229609004,1.25,Y,0.035897435897435895,melanic,1,-0.24986321780435797,0.36794572646072066,-0.6141542642698893,-0.1677101701184421
89797576,49.20682006,-123.9900051,1129.1984028549698,1.5,Y,0.06866952789699571,gray,0,-0.3181641543813961,0.40646442776423,-0.4591981257030572,-0.1677101701184421
89798271,49.20537544,-123.9806409,1223.4705317023845,1.5,Y,0.032825322391559206,melanic,1,-0.2948412714861386,0.40646442776423,-0.6286801250576615,-0.1677101701184421
89820491,49.16516117,-123.1236888,4955.652370913738,2,Y,0.01803091013165426,gray,0,0.6284988614244201,0.48350183037124855,-0.6986324795241222,-0.1677101701184421
89829020,47.65773333,-122.307045,4166.9521484375,3.25,Y,0.0014434180138568125,gray,0,0.43337477593728835,0.676095336888795,-0.7770630456019967,-0.1677101701184421
89841757,47.65297755,-122.306535,4166.9521484375,3.25,Y,0.0017289073305670763,gray,0,0.43337477593728835,0.676095336888795,-0.7757131677205328,-0.1677101701184421
89843711,37.40072454,-122.3736337,9.684350392600786,6,Y,0.4715795487003713,gray,0,-0.5951314347897568,1.0998010512273972,1.4458795548555012,-0.1677101701184421
89854919,37.56315613,-122.2915039,3209.865478515625,6.75,Y,0,melanic,1,0.1965919579813106,1.2153571551379252,-0.7838879526530346,-0.1677101701184421
89870511,37.31834722,-121.9506833,3724.807861328125,6,Y,0,gray,0,0.32398847526564645,1.0998010512273972,-0.7838879526530346,-0.1677101701184421
89921098,49.20529785,-123.981395,1221.2789172349248,1.5,Y,0.031041485349579342,melanic,1,-0.2953834759340603,0.40646442776423,-0.637114633903218,-0.1677101701184421
89985587,37.43082,-122.1496055,3112.059326171875,6,Y,0,gray,0,0.17239475923934588,1.0998010512273972,-0.7838879526530346,-0.1677101701184421
90002719,47.81778,-122.325745,2337.0458984375,2.75,Y,8.571428571428571e-4,gray,0,-0.01934321929466332,0.5990579342817764,-0.779835127848784,-0.1677101701184421
90080908,49.33720779,-123.03349300000001,948.61767578125,1.5,Y,0.18197424892703865,gray,0,-0.3628397462257011,0.40646442776423,0.07654008876440553,-0.1677101701184421
90087613,49.33977841,-123.0470405,1144.588735256039,0.5,Y,0.18966009711511,gray,0,-0.31435659296639723,0.25238962255019276,0.11288105097244579,-0.1677101701184421
90095828,49.28792894,-123.1076388,8968.219329772894,3,Y,0.004784688995215294,melanic,1,1.6212061486686087,0.6375766355852857,-0.7612645287058621,-0.1677101701184421
90162268,49.32227674,-124.2660289,219.14256286621097,2.5,Y,0.5900584795321637,gray,0,-0.5433115658560772,0.5605392329782671,2.006082962787712,-0.1677101701184421
90162274,49.32227674,-124.2660289,219.14256286621097,2.5,Y,0.598813056379822,gray,0,-0.5433115658560772,0.5605392329782671,2.0474771900197704,-0.1677101701184421
90198185,38.7632345,-121.1638361,410.7756958007812,5,Y,0.2661431064572426,gray,0,-0.4959016137002459,0.9457262460133601,0.47451532789889295,-0.1677101701184421
90219380,38.57618713,-121.4883652,3115.2258300781245,6,Y,0,gray,0,0.17317815090235128,1.0998010512273972,-0.7838879526530346,-0.1677101701184421
90261319,49.265,-122.8963889,2120.5179473160524,2,Y,0.24799771167048057,melanic,1,-0.07291213843649573,0.48350183037124855,0.38871853747839924,-0.1677101701184421
90271082,49.20546115,-123.9820753,1212.5374031485014,1.5,Y,0.03152111046847888,melanic,1,-0.2975461226447852,0.40646442776423,-0.6348468245614973,-0.1677101701184421
90273670,49.20297035,-123.9735797,1332.7454659192538,1.5,Y,0.02142092109960728,gray,0,-0.2678067011917509,0.40646442776423,-0.682603505563587,-0.1677101701184421
90343973,47.33315,-122.328365,2061.775214667506,1.75,Y,0.0953062392673154,gray,0,-0.08744506445885146,0.4449831290677393,-0.3332518804002119,-0.1677101701184421
90360590,49.33774548,-124.3851741,595.85760498046875,1.5,Y,0.21475363144403303,gray,0,-0.4501124313978573,0.40646442776423,0.23153069905278148,-0.1677101701184421
90403105,49.21034991,-123.9805388,1088.445769322093,1.5,Y,0.18435432844406097,gray,0,-0.32824633785578256,0.40646442776423,0.08779380828419522,-0.1677101701184421
90456634,37.67833931,-122.3994427,1260.7909504289687,7.25,Y,0.10293653299652669,melanic,1,-0.28560821643366463,1.2923945577449438,-0.29717359609583566,-0.1677101701184421
90459762,45.5219468,-123.1022305,1171.3807559546915,2.25,Y,0,melanic,1,-0.3077282589198268,0.5220205316747579,-0.7838879526530346,-0.1677101701184421
90476995,37.42875641,-122.2518307,687.227566905462,5.5,Y,0.18506864988558352,gray,0,-0.42750754331296076,1.0227636486203786,0.09117133121667435,-0.1677101701184421
90485221,47.74025889,-122.3305844,1986.7475238876184,3.25,Y,0,gray,0,-0.1060068819053756,0.676095336888795,-0.7838879526530346,-0.1677101701184421
90491038,47.62198833,-122.3509667,4712.54150390625,3.25,Y,0,gray,0,0.5683533406739819,0.676095336888795,-0.7838879526530346,-0.1677101701184421
90498256,37.58785886,-122.0386223,3151.052978515625,6.25,Y,0,melanic,1,0.18204177154712625,1.1383197525309066,-0.7838879526530346,-0.1677101701184421
90499996,51.1318779,-114.1335907,3377.619185109274,-12,Y,0.01026811180832858,melanic,1,0.2380941506438067,-1.6735454426252723,-0.7353372847184866,-0.1677101701184421
90568971,37.77043636,-122.4771264,6888.411132812501,7.5,Y,0.16243061641834647,gray,0,1.1066625225156903,1.3309132590484531,-0.015867982931378404,-0.1677101701184421
90573080,47.56249237,-122.6615601,1526.2240296839975,2.75,Y,0.041523482245131735,gray,0,-0.2199401902664332,0.5990579342817764,-0.5875526540507833,-0.1677101701184421
90626509,45.445694,-122.8292903,1632.2279311832283,2.5,Y,8.581235697940503e-4,gray,0,-0.1937148720166611,0.5605392329782671,-0.7798304907494655,-0.1677101701184421
90676160,49.21473831,-123.9937565,1021.743408203125,1.5,Y,0.35263612791702675,gray,0,-0.3447484724339976,0.40646442776423,0.8834799011268187,-0.1677101701184421
90681921,50.7147599,-113.9831943,1241.394287109375,-12.5,Y,0.001437194596148309,melanic,1,-0.2904069423422928,-1.750582845232291,-0.7770924717605957,-0.1677101701184421
90682198,50.71727073,-113.9833427,1241.394287109375,-12.5,Y,0.0014351320321469496,melanic,1,-0.2904069423422928,-1.750582845232291,-0.7771022241728982,-0.1677101701184421
90692509,37.99210333,-122.5903167,444.6478576660156,5.5,Y,0.0752073205604804,melanic,1,-0.48752165586699564,1.0227636486203786,-0.428285509386169,-0.1677101701184421
90702882,45.54511333,-122.93056,155.94136256787073,2.25,Y,0,gray,0,-0.5589475147989904,0.5220205316747579,-0.7838879526530346,-0.1677101701184421
90705014,37.76681286,-122.4717382,6888.411132812501,7.5,Y,0.12503651767455448,gray,0,1.1066625225156903,1.3309132590484531,-0.19267833567305462,-0.1677101701184421
90797578,47.70796437,-122.3767193,2456.2348615563305,3.25,Y,0.2852233676975945,gray,0,0.010144077356152527,0.676095336888795,0.5647324432631192,-0.1677101701184421
90797579,47.70796972,-122.3767499,2455.941580632402,3.25,Y,0.28440716736561195,gray,0,0.010071519785555247,0.676095336888795,0.56087320682064,-0.1677101701184421
90799098,37.98294149,-122.5956409,444.6478576660157,5.5,Y,0.23993144815766923,melanic,1,-0.48752165586699564,1.0227636486203786,0.3505788591623319,-0.1677101701184421
90855679,45.426428,-122.823232,472.0176001228117,2.5,Y,0.13175192912260647,gray,0,-0.480750393713508,0.5605392329782671,-0.16092588523773874,-0.1677101701184421
90899156,49.20687141,-123.9766528,1203.5752213151566,1.5,Y,0.07711677683349072,melanic,1,-0.2997633624582981,0.40646442776423,-0.4192570356826329,-0.1677101701184421
90911484,47.87104401,-122.1647643,1923.4632994397784,2.25,Y,0,gray,0,-0.12166337098607849,0.5220205316747579,-0.7838879526530346,-0.1677101701184421
90949690,45.46559833,-122.6611017,1520.88662202682,3.25,Y,0.06986100950987563,gray,0,-0.22126066255526933,0.676095336888795,-0.45356444842948757,-0.1677101701184421
90966556,47.287405,-122.3854367,503.2387854493219,2.25,Y,0.10682407140800461,gray,0,-0.4730262863010201,0.5220205316747579,-0.27879216531073514,-0.1677101701184421
90995322,48.37722223,-123.7925,70.60498809814453,0.75,Y,0.5326283987915408,melanic,1,-0.5800596960215516,0.2909083238537021,1.7345365644293813,-0.1677101701184421
91034553,37.28990271,-121.895956,3701.12939453125,6,Y,0,gray,0,0.3181304330744426,1.0998010512273972,-0.7838879526530346,-0.1677101701184421
91040218,37.79321289,-122.4249878,8545.7060546875,7.25,Y,0,gray,0,1.5166765516711966,1.2923945577449438,-0.7838879526530346,-0.1677101701184421
91057525,49.29044667,-123.138175,6184.462182113177,2.5,Y,0.09484609878310667,melanic,1,0.9325058641042366,0.5605392329782671,-0.33542756062935986,-0.1677101701184421
91067168,49.25838579,-122.7252349,1050.689246882315,1,Y,0.03378378378378377,gray,0,-0.3375872847736186,0.3294270251572114,-0.6241482362692831,-0.1677101701184421
91126074,36.98709803,-121.9566438,1392.234375,5.25,Y,0.03828571428571428,gray,0,-0.25308917145077575,0.9842449473168694,-0.602861778063174,-0.1677101701184421
91128490,49.20589643,-123.9797781,1213.4341060619208,1.5,Y,0.04293751850755107,gray,0,-0.29732427874142575,0.40646442776423,-0.5808666726059332,-0.1677101701184421
91188649,45.47764004,-122.6552984,2271.888815389734,3.25,Y,0.014208909370199689,gray,0,-0.03546305276293325,0.676095336888795,-0.716704028926658,-0.1677101701184421
91268537,37.46480333,-122.2733167,333.1092169352867,6.25,Y,0.2220950200343446,gray,0,-0.515116266149633,1.1383197525309066,0.2662429544586481,-0.1677101701184421
91289882,45.538045,-122.879455,2276.4583380791655,2.25,Y,0.013443935926773452,gray,0,-0.03433255487478938,0.5220205316747579,-0.7203210494971206,-0.1677101701184421
91342074,44.56904145,-123.2645748,455.77751179327726,2.5,Y,0,gray,0,-0.48476818436859576,0.5605392329782671,-0.7838879526530346,-0.1677101701184421
91343261,49.23108659,-122.9123757,3527.224853515625,2,Y,0.14473308592634884,melanic,1,0.2751065267020115,0.48350183037124855,-0.09954713857531948,-0.1677101701184421
91350003,37.54974408,-122.3348946,1585.106201171875,6.5,Y,0.08798405466970387,gray,0,-0.2053727671370265,1.1768384538344159,-0.3678733336517974,-0.1677101701184421
91374913,37.42488238,-122.2378953,691.321533203125,6,Y,0.21908026278206227,gray,0,-0.42649469786537286,1.0998010512273972,0.2519882909926632,-0.1677101701184421
91374938,37.42488238,-122.1637376,2713.459811732627,6,Y,0,gray,0,0.0737814160271645,1.0998010512273972,-0.7838879526530346,-0.1677101701184421
91374948,37.42051986,-122.19395,1625.5228271484375,6,Y,0.03022526375819789,gray,0,-0.19537371178315305,1.0998010512273972,-0.6409739708664195,-0.1677101701184421
91424890,49.20669619,-123.9755095,1215.359958258046,1.5,Y,0.079961152476529615,melanic,1,-0.29684782376164587,0.40646442776423,-0.4058079868307995,-0.1677101701184421
91426166,49.20805332,-123.9697229,1210.0535314137103,1.5,Y,0.16306861989205862,melanic,1,-0.2981606314111157,0.40646442776423,-0.012851313910676638,-0.1677101701184421
91490483,49.26643336,-123.2414705,1884.2208251953125,2.5,Y,0.08839463929284289,gray,0,-0.1313719417218176,0.5605392329782671,-0.3659319681827454,-0.1677101701184421
91490580,49.2663485,-123.2415932,1884.2208251953125,2.5,Y,0.0844990008564088,gray,0,-0.1313719417218176,0.5605392329782671,-0.38435169828024623,-0.1677101701184421
91492837,37.44476677,-122.1400417,3112.059326171875,6,Y,0,melanic,1,0.17239475923934588,1.0998010512273972,-0.7838879526530346,-0.1677101701184421
91494327,37.33762421,-121.8137764,3777.1146240524095,5.5,Y,0,melanic,1,0.33692914518117434,1.0227636486203786,-0.7838879526530346,-0.1677101701184421
91494606,49.28270247,-123.1207377,9235.7529296875,3,Y,0.005977286312014343,melanic,1,1.6873938427160646,0.6375766355852857,-0.7556255760543552,-0.1677101701184421
91575085,49.20981735,-123.9769059,1120.2626662067994,1.5,Y,0.19964402254523883,gray,0,-0.32037485166781743,0.40646442776423,0.16008800170396276,-0.1677101701184421
91576070,47.6890564,-122.3311615,3712.344970703125,3.25,Y,0.0033731984053971156,gray,0,0.32090516164859906,0.676095336888795,-0.7679384734581405,-0.1677101701184421
91582698,37.45417298,-122.2331398,628.6783847435747,6,Y,0,gray,0,-0.44199258503069905,1.0998010512273972,-0.7838879526530346,-0.1677101701184421
91586773,37.48445723,-122.190038,1587.9840742891522,6.25,Y,0,gray,0,-0.20466078260329115,1.1383197525309066,-0.7838879526530346,-0.1677101701184421
91586878,49.88722222,-119.4875,2142.25341796875,-3.75,Y,5.897965202005307e-4,gray,0,-0.06753479263022169,-0.4024282996094653,-0.7810992203587502,-0.1677101701184421
91586968,37.31891199,-121.9416228,3724.807861328125,6,Y,0,gray,0,0.32398847526564645,1.0998010512273972,-0.7838879526530346,-0.1677101701184421
91587053,37.31891199,-121.9416228,3724.807861328125,6,Y,0,gray,0,0.32398847526564645,1.0998010512273972,-0.7838879526530346,-0.1677101701184421
91599225,36.97958691,-121.9455976,1392.234375,5.25,Y,0.01952580195258019,gray,0,-0.25308917145077575,0.9842449473168694,-0.691564189097349,-0.1677101701184421
91601882,47.34406385,-122.5055647,253.5812835693359,3.25,Y,0.8432942522161854,gray,0,-0.5347914416174329,0.676095336888795,3.203456553787979,-0.1677101701184421
91637547,45.5185146,-122.5870268,2841.982657553648,2.25,Y,0.06028571428571428,gray,0,0.10557791112170717,0.5220205316747579,-0.498839274754075,-0.1677101701184421
91646461,49.20674233,-123.9755082,1214.0301341946874,1.5,Y,0.08492089118501776,melanic,1,-0.29717682164554016,0.40646442776423,-0.3823568760937097,-0.1677101701184421
91684934,47.63535058,-117.4123538,1616.8089599609375,-2,Y,0.023103251568739297,gray,0,-0.19752951866333748,-0.13279739048490022,-0.6746489498003014,-0.1677101701184421
91704508,49.26417033,-121.9490667,9.141938894277676,1,Y,0.6324750830564784,gray,0,-0.5952656271540441,0.3294270251572114,2.206641202809019,-0.1677101701184421
91721680,49.29557835,-123.1411445,3495.397459097796,2.5,Y,0.4198576753642833,gray,0,0.26723244342900443,0.5605392329782671,1.2013232484802276,-0.1677101701184421
91722783,49.2950753,-123.1446471,3419.4076479233377,2.5,Y,0.440652818991098,melanic,1,0.24843259782327717,0.5605392329782671,1.2996488346953876,-0.1677101701184421
91761760,36.97079086,-121.96521,1392.234375,5.25,Y,0,melanic,1,-0.25308917145077575,0.9842449473168694,-0.7838879526530346,-0.1677101701184421
91776831,49.33934866,-123.1598121,877.4970703125,1,Y,0.04887110603029437,gray,0,-0.3804349524978776,0.3294270251572114,-0.5528109168005062,-0.1677101701184421
91812726,50.93719777,-114.0099311,2113.57292837046,-11.5,Y,0.0037453183520599173,gray,0,-0.07463033304558925,-1.5965080400182536,-0.7661789803498172,-0.1677101701184421
91813826,37.21582626,-121.9853298,694.6642368583158,5.25,Y,0.4428244711263579,gray,0,-0.4256677144625715,0.9842449473168694,1.3099170479420372,-0.1677101701184421
91834308,37.45000458,-122.1423616,3112.059326171875,6,Y,0,gray,0,0.17239475923934588,1.0998010512273972,-0.7838879526530346,-0.1677101701184421
91880086,47.65450725,-122.4178001,3477.8010253906255,4.25,Y,0.22126661454261143,gray,0,0.2628790935286245,0.8301701421028322,0.2623260084129622,-0.1677101701184421
91904811,47.59699,-122.5188875,324.36224365234375,3.25,Y,0.6733374384236454,gray,0,-0.5172802634631575,0.676095336888795,2.3998504980998696,-0.1677101701184421
91905284,50.90040713,-114.0774184,2652.4518398041814,-12.25,Y,0,gray,0,0.05868807081092023,-1.7120641439287816,-0.7838879526530346,-0.1677101701184421
91970288,49.31616211,-123.0284271,1084.0708144066762,2,Y,0.17695961995249407,gray,0,-0.32932869976286805,0.48350183037124855,0.05282944062356613,-0.1677101701184421
92003730,33.55569881,-101.8694407,1987.60009765625,-0.75,Y,0,gray,0,-0.10579595553287852,0.05979611603264629,-0.7838879526530346,-0.1677101701184421
92025588,47.07792004,-122.7115411,535.97637939453125,2.25,Y,0.0166270783847981,gray,0,-0.4649270200683413,0.5220205316747579,-0.7052702110028841,-0.1677101701184421
92030658,44.59042947,-123.2682231,729.9223737138484,2.5,Y,0.03575514874141877,gray,0,-0.4169448670309883,0.5605392329782671,-0.6148270400043272,-0.1677101701184421
92039846,49.05453823,-122.3442213,2191.2553734876738,1,Y,0.05555555555555556,melanic,1,-0.055411730552603,0.3294270251572114,-0.5212048634886431,-0.1677101701184421
92047699,47.77395333,-122.3425667,2247.3362683232863,3.25,Y,0.030600461893764433,gray,0,-0.041537342025435325,0.676095336888795,-0.6391999231710314,-0.1677101701184421
92121061,46.20398,-119.77063,75.56761444949919,-1.5,Y,0,gray,0,-0.5788319444616723,-0.055759987877881605,-0.7838879526530346,-0.1677101701184421
92123219,49.20952455,-123.9712226,1159.4314444574316,1.5,Y,0.21824440619621344,melanic,1,-0.3106845132882906,0.40646442776423,0.24803611397141806,-0.1677101701184421
92156740,47.62050626,-122.3492774,4712.54150390625,3.25,Y,0,gray,0,0.5683533406739819,0.676095336888795,-0.7838879526530346,-0.1677101701184421
92177657,51.09699836,-114.2238949,1891.2775878906248,-12,Y,0.08458646616541353,melanic,1,-0.12962610175856845,-1.6735454426252723,-0.3839381364440928,-0.1677101701184421
92197087,37.7685838,-122.4414907,7159.206619005067,7.25,Y,0.03424657534246575,gray,0,1.1736572057826393,1.2923945577449438,-0.6219600209763549,-0.1677101701184421
92206900,49.29581392,-123.1402773,3467.390896049139,2.5,Y,0.4120569725074528,melanic,1,0.2603036321433305,0.5605392329782671,1.1644392194466848,-0.1677101701184421
92206947,49.29590503,-123.1402561,3430.866834573357,2.5,Y,0.4136904761904762,melanic,1,0.251267595521758,0.5605392329782671,1.1721629077318088,-0.1677101701184421
92207040,49.29557835,-123.1411445,3495.397459097796,2.5,Y,0.4158516020236088,melanic,1,0.26723244342900443,0.5605392329782671,1.182381349510373,-0.1677101701184421
92240469,51.0386492,-114.0631065,2847.9678046093427,-11.25,Y,0,melanic,1,0.10705863385065706,-1.5579893387147443,-0.7838879526530346,-0.1677101701184421
92240734,51.03864923,-114.0631066,2847.972573860129,-11.25,Y,0,gray,0,0.1070598137611879,-1.5579893387147443,-0.7838879526530346,-0.1677101701184421
92252496,50.93315,-113.9835806,2366.413518454523,-11.5,Y,0.004585753592173638,melanic,1,-0.012077683118238772,-1.5965080400182536,-0.7622051540977348,-0.1677101701184421
92285275,49.2568155,-122.8255126,2744.4560593091,1.5,Y,0.5524274633725941,gray,0,0.0814498739399861,0.40646442776423,1.8281523944702758,-0.1677101701184421
92332927,47.99351376,-122.1979434,1701.2761424257326,2.25,Y,0,gray,0,-0.17663237515756852,0.5220205316747579,-0.7838879526530346,-0.1677101701184421
92368748,51.4648101,-112.7092937,138.30449748155203,-15,Y,0,gray,0,-0.5633108674046523,-2.1357698582673836,-0.7838879526530346,-0.1677101701184421
92371166,49.20298941,-123.9716865,1342.5287000303929,1.5,Y,0.014067995310668227,melanic,1,-0.2653863334086037,0.40646442776423,-0.7173703122550175,-0.1677101701184421
92398725,37.24195865,-121.9416694,1092.140380859375,5.25,Y,0.03083952027412907,gray,0,-0.32733229259891805,0.9842449473168694,-0.6380695844818247,-0.1677101701184421
92416966,37.77082491,-122.4582267,6888.4111328125,7.25,Y,0.07042656742055539,gray,0,1.1066625225156899,1.2923945577449438,-0.4508903234460706,-0.1677101701184421
92417541,37.97679167,-122.5339967,1950.1148681640625,6.25,Y,0.01142204454597372,gray,0,-0.11506978469571828,1.1383197525309066,-0.7298811496266605,-0.1677101701184421
92425164,48.46588792,-123.3744701,4151.922809739125,3.5,Y,0.04391691394658753,gray,0,0.42965652420434286,0.7146140381923043,-0.5762358014560202,-0.1677101701184421
92431548,36.97939082,-121.9454183,1392.234375,5.25,Y,0.019108280254777066,gray,0,-0.25308917145077575,0.9842449473168694,-0.6935383551060464,-0.1677101701184421
92526946,45.5703,-122.6464389,2174.8540896534846,3,Y,0.008280982295830948,gray,0,-0.05946940090410014,0.6375766355852857,-0.7447330204589135,-0.1677101701184421
92527308,49.2662667,-123.2073213,3953.0661844522374,2.5,Y,0.0571182548794489,melanic,1,0.3804594832420142,0.5605392329782671,-0.5138159591436058,-0.1677101701184421
92543801,37.6343798,-121.7697043,134.2365160630887,4.75,Y,0.04680365296803653,melanic,1,-0.5643172842046428,0.9072075447098508,-0.562586446028239,-0.1677101701184421
92595018,37.42100333,-122.1151972,2081.4728660803485,6,Y,0,melanic,1,-0.08257187422935211,1.0998010512273972,-0.7838879526530346,-0.1677101701184421
92608185,49.267475,-123.2365283,1884.2208251953125,2.5,Y,0.21258941344778257,melanic,1,-0.1313719417218176,0.5605392329782671,0.2212976366129371,-0.1677101701184421
92617974,47.16493883,-122.2935117,1167.0943603515625,1.25,Y,0.050201961915753025,gray,0,-0.30878871129230195,0.36794572646072066,-0.5465182367664582,-0.1677101701184421
92622783,48.0683615,-122.7936514,98.2175750732422,2.75,Y,0.6114285714285714,gray,0,-0.5732283542418654,0.5990579342817764,2.1071270743790675,-0.1677101701184421
92635781,36.96513333,-122.0336612,886.3370264452076,5.5,Y,0,gray,0,-0.3782479512685317,1.0227636486203786,-0.7838879526530346,-0.1677101701184421
92636744,50.87129512,-114.0278548,125.5908966064453,-12.5,Y,0.0069144338807260106,gray,0,-0.5664562066264608,-1.750582845232291,-0.7511944653240178,-0.1677101701184421
92680440,49.20579724,-123.9820813,1202.7816197115692,1.5,Y,0.03191489361702127,gray,0,-0.29995969914329984,0.40646442776423,-0.6329849014309374,-0.1677101701184421
92683174,49.20929345,-123.9709111,1167.6776058832888,1.5,Y,0.20321790835956627,melanic,1,-0.3086444166062485,0.40646442776423,0.17698639029247268,-0.1677101701184421
92700146,49.37346504,-123.0743975,1257.5248934041,0.5,Y,0.8483981693363846,melanic,1,-0.28641623749409423,0.25238962255019276,3.2275893826754922,-0.1677101701184421
92709646,47.039374,-122.9264876,1049.8621630865848,1.25,Y,0.06915351506456242,gray,0,-0.3377919049381171,0.36794572646072066,-0.45690969130579495,-0.1677101701184421
92728887,44.59062908,-123.2675927,735.2614684346373,2.5,Y,0.03977110157367668,gray,0,-0.41562397736336243,0.5605392329782671,-0.5958384278778395,-0.1677101701184421
92748149,37.28159703,-121.8135796,1661.0302346137128,5.5,Y,0,gray,0,-0.18658919491319675,1.0227636486203786,-0.7838879526530346,-0.1677101701184421
92753086,44.06586777,-123.1119502,1679.4408014775915,2.5,Y,0,gray,0,-0.18203442883067258,0.5605392329782671,-0.7838879526530346,-0.1677101701184421
92786250,37.24795176,-121.9364722,1092.140380859375,5.25,Y,0,gray,0,-0.32733229259891805,0.9842449473168694,-0.7838879526530346,-0.1677101701184421
92786566,37.24795176,-121.9364722,1092.140380859375,5.25,Y,0,gray,0,-0.32733229259891805,0.9842449473168694,-0.7838879526530346,-0.1677101701184421
92790662,51.0550571,-114.0751782,3138.058837890625,-11,Y,0.013867952969550791,melanic,1,0.17882702691552993,-1.519470637411235,-0.7183161715773289,-0.1677101701184421
92792929,51.05632305,-114.069319,3128.166195151253,-11,Y,0.012022843402464676,melanic,1,0.17637959148624796,-1.519470637411235,-0.7270403950340499,-0.1677101701184421
92796066,49.20726075,-123.9685066,1240.232983819142,1.5,Y,0.13272120200333892,gray,0,-0.29069424826160456,0.40646442776423,-0.15634287653576548,-0.1677101701184421
92797031,49.20923695,-123.9709402,1169.1026002753788,1.5,Y,0.20652173913043478,melanic,1,-0.3082918736252057,0.40646442776423,0.19260787880589872,-0.1677101701184421
92817990,37.24795176,-121.9364722,1092.140380859375,5.25,Y,0,gray,0,-0.32733229259891805,0.9842449473168694,-0.7838879526530346,-0.1677101701184421
92878415,47.07277208,-122.7127288,535.97637939453125,2.25,Y,0.02163110201695411,gray,0,-0.4649270200683413,0.5220205316747579,-0.6816097080558496,-0.1677101701184421
92909513,38.54852833,-122.801995,300.1328711993171,4.25,Y,0,gray,0,-0.5232745994695307,0.8301701421028322,-0.7838879526530346,-0.1677101701184421
92918825,38.5459738,-121.5055858,1772.0800357236965,5.75,Y,0,gray,0,-0.159115523336077,1.061282349923888,-0.7838879526530346,-0.1677101701184421
92924164,49.20927746,-123.9720706,1161.527297603857,1.5,Y,0.19993199591975522,melanic,1,-0.3101660001487512,0.40646442776423,0.16144962494503382,-0.1677101701184421
92924436,49.20942166,-123.9708051,1164.6786915463065,1.5,Y,0.21136521136521136,melanic,1,-0.30938634668409315,0.40646442776423,0.21550924728633397,-0.1677101701184421
92925657,44.59070276,-123.2675471,735.7273177812058,2.5,Y,0.0408688196627608,gray,0,-0.41550872644148673,0.5605392329782671,-0.5906480922617389,-0.1677101701184421
92969914,47.6248425,-122.5170342,320.2677282649496,3.25,Y,0.05335556481867444,gray,0,-0.5182932447553015,0.676095336888795,-0.5316070700207888,-0.1677101701184421
92982518,49.21785004,-122.9089744,3390.1309705911176,2,Y,0.04516866781017724,melanic,1,0.2411895608267669,0.48350183037124855,-0.5703171391643184,-0.1677101701184421
92986168,48.46479888,-123.3734056,4161.07080078125,3.5,Y,0.03144467517057253,gray,0,0.4319197331337569,0.7146140381923043,-0.6352082332446516,-0.1677101701184421
92996637,37.2570858,-121.876404,2973.885498046875,6,Y,0,gray,0,0.1382106154001332,1.0998010512273972,-0.7838879526530346,-0.1677101701184421
92998999,36.97746667,-121.95977,1392.234375,5.25,Y,0.0066168009205983865,gray,0,-0.25308917145077575,0.9842449473168694,-0.7526017619412803,-0.1677101701184421
93000815,48.48066909,-122.3274974,629.3402709960936,1.75,Y,0.10577472841623783,gray,0,-0.4418288346651751,0.4449831290677393,-0.28375376916680056,-0.1677101701184421
93002559,37.40798694,-121.8560549,1518.8067300555529,6,Y,0,melanic,1,-0.22177522690714863,1.0998010512273972,-0.7838879526530346,-0.1677101701184421
93045160,47.7313652,-122.3601608,2018.967041015625,3.25,Y,0.15092699884125146,gray,0,-0.09803578764766012,0.676095336888795,-0.07026048736228634,-0.1677101701184421
93092980,37.36570649,-121.9921163,3586.090785377062,6.25,Y,0,gray,0,0.2896699321550342,1.1383197525309066,-0.7838879526530346,-0.1677101701184421
93107793,37.358975,-122.015518,4083.70009871478,6.25,Y,0,gray,0,0.4127782557333595,1.1383197525309066,-0.7838879526530346,-0.1677101701184421
93109578,37.38105504,-122.2053765,160.20319709560377,5.25,Y,0.07988587731811697,gray,0,-0.5578931388256827,0.9842449473168694,-0.4061639100314846,-0.1677101701184421
93110856,45.88239141,-122.8082428,462.54738128684,1.5,Y,0.2978811798919817,gray,0,-0.4830933216563078,0.40646442776423,0.6245823210302373,-0.1677101701184421
93147051,47.75535248,-122.2079157,1565.0629210367151,2.75,Y,0.1670958512160229,gray,0,-0.21033146575924389,0.5990579342817764,0.006190626258577122,-0.1677101701184421
93155691,49.26469249,-123.0910818,7791.865925997006,3,Y,0,gray,0,1.330176837936596,0.6375766355852857,-0.7838879526530346,-0.1677101701184421
93167420,49.21507156,-123.9931232,1021.743408203125,1.5,Y,0.38089758342922897,gray,0,-0.3447484724339976,0.40646442776423,1.01710841701491,-0.1677101701184421
93263018,49.17138771,-123.9711445,1422.5717678517387,1.5,Y,0.1282646546720836,gray,0,-0.24558371390484776,0.40646442776423,-0.17741474969543206,-0.1677101701184421
93283273,44.59063328,-123.2675042,735.8083721547066,2.5,Y,0.04028571428571428,gray,0,-0.4154886736254061,0.5605392329782671,-0.5934051868532559,-0.1677101701184421
93293651,51.0520094,-114.0641598,2943.3405944479755,-11,Y,0.008040500297796307,melanic,1,0.13065381978732682,-1.519470637411235,-0.7458700904332923,-0.1677101701184421
93315692,47.82864435,-122.1658915,1028.8983019328457,2.25,Y,0.33743560389238697,gray,0,-0.34297835489632766,0.5220205316747579,0.8116073301880401,-0.1677101701184421
93324615,50.9003469,-114.0773016,2646.8018848811657,-12.25,Y,0,gray,0,0.057290274467037286,-1.7120641439287816,-0.7838879526530346,-0.1677101701184421
93366953,49.20636655,-123.9834222,1178.6594832904257,1.5,Y,0.03480741797432239,gray,0,-0.30592750500291244,0.40646442776423,-0.6193081912250736,-0.1677101701184421
93436286,47.45236477,-122.3723119,1352.3837571038312,3.25,Y,0.13208685162846803,gray,0,-0.2629481966564157,0.676095336888795,-0.15934227262527165,-0.1677101701184421
93436696,38.0210514,-122.5363622,1137.2863920951822,6,Y,0.0877644368210406,gray,0,-0.31616318942798033,1.0998010512273972,-0.3689117517604025,-0.1677101701184421
93485090,49.20934389,-123.9711187,1165.0759516277487,1.5,Y,0.2138668506381511,gray,0,-0.3092880647160108,0.40646442776423,0.22733773726576795,-0.1677101701184421
93499799,49.170756,-123.971652,1417.8748393710837,1.5,Y,0.13445867287543653,gray,0,-0.24674573192927388,0.40646442776423,-0.148127600647482,-0.1677101701184421
93499858,49.16867828,-123.9695816,1393.7136666786328,1.5,Y,0.12427409988385599,melanic,1,-0.252723195345107,0.40646442776423,-0.1962832723619569,-0.1677101701184421
93533025,49.21746826,-122.5871506,2080.85888671875,1,Y,0.01113967437874892,melanic,1,-0.08272377245129471,0.3294270251572114,-0.7312162792473212,-0.1677101701184421
93592923,45.52160333,-122.70398,3838.39306640625,2.25,Y,0.16971951917572983,gray,0,0.3520894046607883,0.5220205316747579,0.018596103941331224,-0.1677101701184421
93597385,49.21133144,-123.9761128,1086.4658554404168,1.5,Y,0.28262799644865344,gray,0,-0.3287361676726075,0.40646442776423,0.5524607607935141,-0.1677101701184421
93597783,49.20935809,-123.9710474,1165.0833540141389,1.5,Y,0.21113043478260868,melanic,1,-0.3092862333688986,0.40646442776423,0.21439915420266642,-0.1677101701184421
93636883,37.77378197,-122.45925,6888.4111328125,7.5,Y,0.06984036488027366,gray,0,1.1066625225156899,1.3309132590484531,-0.45366206234090056,-0.1677101701184421
93637362,49.07209015,-121.9775085,860.8819513410655,1.5,Y,0.5837398373983739,gray,0,-0.38454552556755717,0.40646442776423,1.9762065549572043,-0.1677101701184421
93727298,49.27152716,-123.2507114,1884.2208251953125,3,Y,0.1391657438169066,melanic,1,-0.1313719417218176,0.6375766355852857,-0.12587117780269863,-0.1677101701184421
93734495,49.20956183,-123.971294,1157.9891570095942,1.5,Y,0.2220703792278784,melanic,1,-0.3110413345636609,0.40646442776423,0.2661264454417313,-0.1677101701184421
93750022,44.59043329,-123.2682298,729.8786854791371,2.5,Y,0.041154615604458426,gray,0,-0.41695567548089324,0.5605392329782671,-0.5892967645666948,-0.1677101701184421
93794218,37.76856306,-122.4690961,6888.411132812499,7.5,Y,0.11790266512166858,gray,0,1.1066625225156899,1.3309132590484531,-0.2264092993452909,-0.1677101701184421
93796000,47.554055,-122.1174145,1308.5581968780805,2.25,Y,0.1524163568773234,gray,0,-0.27379062083269196,0.5220205316747579,-0.06321836230611691,-0.1677101701184421
93796449,37.76848333,-122.4703183,6888.4111328125,7.5,Y,0.12769051774287377,gray,0,1.1066625225156899,1.3309132590484531,-0.18012943881445953,-0.1677101701184421
93798544,37.49787808,-122.2587347,1541.2816162109373,6.25,Y,0,gray,0,-0.21621495003322025,1.1383197525309066,-0.7838879526530346,-0.1677101701184421
93802937,48.0315094,-121.944458,59.88950921435479,1.25,Y,0.7575584711922418,gray,0,-0.5827107007482799,0.36794572646072066,2.798072437184736,-0.1677101701184421
93807595,50.95881629,-114.099166,2131.450927581467,-11.5,Y,0,gray,0,-0.07020732396435049,-1.5965080400182536,-0.7838879526530346,-0.1677101701184421
93810324,37.4038071,-121.9544086,1483.1426879419612,6.5,Y,0,melanic,1,-0.23059849511967762,1.1768384538344159,-0.7838879526530346,-0.1677101701184421
93815548,51.02111053,-114.1139679,3012.1671265523983,-11.5,Y,0,gray,0,0.14768147332590664,-1.5965080400182536,-0.7838879526530346,-0.1677101701184421
93873790,49.20930645,-123.9709282,1167.214195767059,1.5,Y,0.20793818054092025,gray,0,-0.3087590640636194,0.40646442776423,0.19930523250177914,-0.1677101701184421
93880648,47.56094293,-122.0580241,1202.5951802599225,2.25,Y,0.14364207221350078,gray,0,-0.3000058241810069,0.5220205316747579,-0.10470577391872901,-0.1677101701184421
93932846,48.98750543,-123.8137838,548.3549128958743,0.5,Y,0.17784050811573746,melanic,1,-0.4618645763662994,0.25238962255019276,0.056994540254290287,-0.1677101701184421
93937780,47.6656007,-117.4077125,1942.2378368823615,-2,Y,0,gray,0,-0.11701855874369535,-0.13279739048490022,-0.7838879526530346,-0.1677101701184421
93944160,49.0962793,-121.9543599,1143.7652587890625,1.5,Y,0.29020556227327693,gray,0,-0.3145603206793608,0.40646442776423,0.5882897319783693,-0.1677101701184421
93955548,37.58154018,-122.3859266,2043.0989990234375,6.5,Y,0.02765896777872826,melanic,1,-0.09206555193185854,1.1768384538344159,-0.6531081768671699,-0.1677101701184421
93960728,47.66616962,-122.3981843,3477.801025390625,3.75,Y,0.06626706626706627,gray,0,0.2628790935286244,0.7531327394958136,-0.4705576744689353,-0.1677101701184421
94004057,49.2154039,-123.9815416,1021.743408203125,1.5,Y,0.48413156376226196,gray,0,-0.3447484724339976,0.40646442776423,1.5052291925060184,-0.1677101701184421
94004342,49.21540776,-123.9797571,1021.743408203125,1.5,Y,0.502593659942363,gray,0,-0.3447484724339976,0.40646442776423,1.5925234407327216,-0.1677101701184421
94032082,37.23088177,-121.9507353,1093.9873318648367,5.25,Y,0.11628571428571428,gray,0,-0.32687535773873916,0.9842449473168694,-0.23405472087636844,-0.1677101701184421
94059751,37.50014598,-122.1127414,0,6.25,Y,0,gray,0,-0.597527338784763,1.1383197525309066,-0.7838879526530346,-0.1677101701184421
94072894,37.95766422,-122.5560035,607.039732759381,6.25,Y,0.04868270332187859,melanic,1,-0.44734597794129544,1.1383197525309066,-0.5537017404986709,-0.1677101701184421
94084251,49.09597987,-121.9548757,1143.7652587890625,1.5,Y,0.2902542372881356,gray,0,-0.3145603206793608,0.40646442776423,0.5885198818371968,-0.1677101701184421
94113073,48.71005,-122.5154717,2256.623046875,2.25,Y,0.08726899383983573,gray,0,-0.03923979712765986,0.5220205316747579,-0.37125435263094125,-0.1677101701184421
94124409,49.0953676,-121.9524753,1143.7652587890625,1.5,Y,0.32775410833840535,gray,0,-0.3145603206793608,0.40646442776423,0.7658303573107182,-0.1677101701184421
94139128,37.7713,-122.46402,6888.4111328125,7.5,Y,0.11534025374855825,gray,0,1.1066625225156899,1.3309132590484531,-0.23852513777886555,-0.1677101701184421
94158006,37.44641876,-122.1457138,3112.059326171875,6,Y,0,gray,0,0.17239475923934588,1.0998010512273972,-0.7838879526530346,-0.1677101701184421
94168517,37.330425,-121.8686,4851.3125,6,Y,0,gray,0,0.6026852236039973,1.0998010512273972,-0.7838879526530346,-0.1677101701184421
94168784,37.72861678,-122.4427104,7742.720214843749,7.25,Y,0.00171330668189605,gray,0,1.3180182107787561,1.2923945577449438,-0.7757869321990786,-0.1677101701184421
94177964,37.55372669,-122.3369127,1585.1062011718752,6.5,Y,0.0588403313339046,gray,0,-0.20537276713702643,1.1768384538344159,-0.5056734726125994,-0.1677101701184421
94185568,48.785095,-123.962936,5.090316295623779,-0.5,Y,0.5995850622406639,gray,0,-0.5962679967892639,0.09831481733615559,2.051127461938592,-0.1677101701184421
94222427,49.20953698,-123.9712587,1158.8807761175062,1.5,Y,0.21487603305785125,gray,0,-0.31082074839153084,0.40646442776423,0.232109450065438,-0.1677101701184421
94254473,47.77609995,-122.3796029,2292.552734375,3.25,Y,0.0500428939090649,gray,0,-0.03035080836426802,0.676095336888795,-0.5472703573233713,-0.1677101701184421
94270094,51.4619484,-112.7107576,129.53529976353113,-15,Y,0,melanic,1,-0.5654803630335651,-2.1357698582673836,-0.7838879526530346,-0.1677101701184421
94272987,47.83870076,-122.1837099,1228.2952761916383,2.25,Y,0.06078767123287671,gray,0,-0.2936476318378335,0.5220205316747579,-0.49646587392692826,-0.1677101701184421
94277607,47.83941812,-122.1847985,1237.7430498291933,2.25,Y,0.03118741058655222,gray,0,-0.2913102568271742,0.5220205316747579,-0.6364246562465865,-0.1677101701184421
94288529,50.93778624,-114.0094867,2099.963432578004,-11.5,Y,0.004395604395604393,melanic,1,-0.07799731627288758,-1.5965080400182536,-0.7631042357081598,-0.1677101701184421
94316290,49.28424631,-122.756319,1102.3125934582797,1.25,Y,0.242156303479749,gray,0,-0.3248156917102937,0.36794572646072066,0.36109863280339144,-0.1677101701184421
94323743,37.33176238,-122.1355519,12.016577705674164,4.5,Y,0.9171665238503285,gray,0,-0.5945544427861501,0.8686888434063414,3.552746491084039,-0.1677101701184421
94328274,47.69583657,-122.2118923,1760.1461294188207,3.25,Y,0.07068062827225131,gray,0,-0.16206796646677255,0.676095336888795,-0.4496890486376046,-0.1677101701184421
94381888,49.2501243,-123.0824216,5889.296011351441,2.5,Y,0,gray,0,0.8594818842760105,0.5605392329782671,-0.7838879526530346,-0.1677101701184421
94395878,37.67811941,-122.3995255,1278.243678952322,7.25,Y,0.10549313358302123,gray,0,-0.28129041913207065,1.2923945577449438,-0.2850852327790778,-0.1677101701184421
94403874,45.4820296,-122.6298823,2410.055908203125,3.25,Y,0.011171584073331419,gray,0,-0.0012805752368275916,0.676095336888795,-0.7310654007786712,-0.1677101701184421
94406959,48.554884,-123.431756,354.41324187026214,2.5,Y,0.38024550385383954,gray,0,-0.5098456598227059,0.5605392329782671,1.0140251920245127,-0.1677101701184421
94449019,49.20845733,-123.9724683,1182.4189339290201,1.5,Y,0.16649607642442854,gray,0,-0.3049974185811201,0.40646442776423,0.003354713747516231,-0.1677101701184421
94449096,49.20938427,-123.9710526,1164.3191381146455,1.5,Y,0.21278065630397236,gray,0,-0.3094753000437313,0.40646442776423,0.22220188936933913,-0.1677101701184421
94451876,37.35512726,-121.8644124,4579.6361465086675,6.25,Y,0,gray,0,0.5354726141577357,1.1383197525309066,-0.7838879526530346,-0.1677101701184421
94471008,47.77584,-122.3661283,2292.552734375,3.25,Y,0.017714285714285707,gray,0,-0.03035080836426802,0.676095336888795,-0.7001295733651887,-0.1677101701184421
94591145,49.2075942,-123.9698109,1222.8510740135966,1.5,Y,0.14224640497473764,gray,0,-0.29499452504379986,0.40646442776423,-0.11130490118975808,-0.1677101701184421
94591410,49.20940718,-123.9711251,1163.2647181667492,1.5,Y,0.21048975338659257,gray,0,-0.30973616307151985,0.40646442776423,0.2113698231737044,-0.1677101701184421
94594298,48.49379075,-122.6587158,350.4723815917969,2.75,Y,0.36508841985168283,gray,0,-0.5108206269090012,0.5990579342817764,0.94235801835312,-0.1677101701184421
94604567,47.554055,-122.1174145,1308.5581968780805,2.25,Y,0.153824200913242,gray,0,-0.27379062083269196,0.5220205316747579,-0.05656165953861523,-0.1677101701184421
94608555,45.56538,-122.69493,1772.663912238601,2.25,Y,0,gray,0,-0.15897107254506487,0.5220205316747579,-0.7838879526530346,-0.1677101701184421
94608720,48.445305,-123.3553467,4161.07080078125,3.5,Y,0.009711510996858042,melanic,1,0.4319197331337569,0.7146140381923043,-0.7379690578890792,-0.1677101701184421
94649733,49.27593056,-123.1354944,9235.7529296875,2.5,Y,0.0017331022530329247,melanic,1,1.6873938427160646,0.5605392329782671,-0.7756933328870744,-0.1677101701184421
94734647,49.31997772,-123.072414,5281.47412109375,2,Y,0.0014289797084881303,melanic,1,0.7091070180141147,0.48350183037124855,-0.7771313141778146,-0.1677101701184421
94754552,37.26364234,-121.79384,533.8710068929179,5.5,Y,0,gray,0,-0.46544788829213524,1.0227636486203786,-0.7838879526530346,-0.1677101701184421
94759817,48.4655278,-123.3103889,2121.60400390625,3.5,Y,0.1491554537646722,gray,0,-0.07264344851742327,0.7146140381923043,-0.07863687616186286,-0.1677101701184421
94772849,49.09575159,-121.9518906,1143.7652587890625,1.5,Y,0.33475091130012147,gray,0,-0.3145603206793608,0.40646442776423,0.798913310003365,-0.1677101701184421
94773896,49.26452178,-123.2501735,1884.2208251953127,3,Y,0.10968494749124853,gray,0,-0.13137194172181754,0.6375766355852857,-0.26526509750000044,-0.1677101701184421
94773974,49.26646443,-123.2516651,1884.2208251953127,3,Y,0.1258094357076781,melanic,1,-0.13137194172181754,0.6375766355852857,-0.1890237507340426,-0.1677101701184421
94774083,49.25753035,-123.2473582,1884.2208251953127,2.5,Y,0.1630042636930141,melanic,1,-0.13137194172181754,0.5605392329782671,-0.013155609043770704,-0.1677101701184421
94776609,49.17840278,-122.8950972,3603.9989527274424,2,Y,0.056522980302597774,melanic,1,0.2941004048205834,0.48350183037124855,-0.5166305933090748,-0.1677101701184421
94783793,45.52541351,-122.6432343,3347.1201171875,3,Y,0.0022883295194508,gray,0,0.2305486947572067,0.6375766355852857,-0.7730680542435173,-0.1677101701184421
94784626,37.26502601,-121.8209289,3246.7056217145164,5.5,Y,0,gray,0,0.20570619308109242,1.0227636486203786,-0.7838879526530346,-0.1677101701184421
94784816,37.26471803,-121.8208839,3249.6123473813727,5.5,Y,0,melanic,1,0.20642531572280615,1.0227636486203786,-0.7838879526530346,-0.1677101701184421
94809867,47.83613892,-122.1863112,1271.8967039667536,2.25,Y,0.02317596566523605,gray,0,-0.28286065793050846,0.5220205316747579,-0.6743051360574172,-0.1677101701184421
94855962,47.66785,-117.4023133,1809.2361407029657,-2,Y,0,gray,0,-0.1499231194318646,-0.13279739048490022,-0.7838879526530346,-0.1677101701184421
94868656,49.86971466,-124.5229014,21.585347067143807,2.5,Y,0.21924237344954745,melanic,1,-0.59218713348702,0.5605392329782671,0.25275479814925034,-0.1677101701184421
94874266,37.37415309,-122.1193738,996.9530029296876,5.5,Y,0.02,gray,0,-0.3508816077114897,1.0227636486203786,-0.6893220405538537,-0.1677101701184421
94888557,37.433658,-122.0982781,1631.8085980453584,6,Y,0.0026385224274406292,gray,0,-0.19381861484912083,1.0998010512273972,-0.7714122386557811,-0.1677101701184421
94889221,49.27031735,-123.2586263,1884.2208251953125,3,Y,0.18785975928833068,gray,0,-0.1313719417218176,0.6375766355852857,0.1043685215386436,-0.1677101701184421
94948787,48.4622986,-123.3058709,2121.60400390625,3.5,Y,0.16506270049577138,gray,0,-0.07264344851742327,0.7146140381923043,-0.003422711356207536,-0.1677101701184421
94958684,44.58198587,-123.2919813,347.6664123535156,2.25,Y,0.11865373645179692,gray,0,-0.5115148224549408,0.5220205316747579,-0.22285801207603434,-0.1677101701184421
94975593,49.2684068,-123.2560655,1884.2208251953125,3,Y,0.15695792880258902,gray,0,-0.1313719417218176,0.6375766355852857,-0.04174446773227815,-0.1677101701184421
94976987,49.26310458,-123.2513388,1884.2208251953127,3,Y,0.10831781502172563,melanic,1,-0.13137194172181754,0.6375766355852857,-0.2717293039470424,-0.1677101701184421
94977227,49.26181607,-123.250576,1884.2208251953125,3,Y,0.10658307210031348,melanic,1,-0.1313719417218176,0.6375766355852857,-0.27993168127808926,-0.1677101701184421
94977331,49.26171543,-123.2505194,1884.2208251953125,3,Y,0.10943396226415095,gray,0,-0.1313719417218176,0.6375766355852857,-0.26645182984619564,-0.1677101701184421
94977377,37.72793597,-122.4559477,7742.72021484375,7.25,Y,0,gray,0,1.3180182107787561,1.2923945577449438,-0.7838879526530346,-0.1677101701184421
94977513,49.26138864,-123.2501559,1884.2208251953125,3,Y,0.10995589161940768,melanic,1,-0.1313719417218176,0.6375766355852857,-0.2639839935696361,-0.1677101701184421
94978284,49.26134193,-123.2532076,1884.2208251953125,3,Y,0.1383357041251778,gray,0,-0.1313719417218176,0.6375766355852857,-0.12979585082904155,-0.1677101701184421
94978445,49.26157051,-123.253138,1884.2208251953125,3,Y,0.13564111621335218,melanic,1,-0.1313719417218176,0.6375766355852857,-0.14253665900970236,-0.1677101701184421
94978893,49.26457025,-123.2532643,1884.2208251953125,3,Y,0.13560432361611532,melanic,1,-0.1313719417218176,0.6375766355852857,-0.1427106252855124,-0.1677101701184421
94979231,49.26427426,-123.2541732,1884.2208251953125,3,Y,0.1408981830647926,gray,0,-0.1313719417218176,0.6375766355852857,-0.11767969292106073,-0.1677101701184421
94981799,37.51835632,-122.2785492,2282.376982411536,6.25,Y,0.03630646083476273,gray,0,-0.0328682848901157,1.1383197525309066,-0.6122202734564083,-0.1677101701184421
94982443,37.72792833,-122.4560083,7742.72021484375,7.25,Y,0,gray,0,1.3180182107787561,1.2923945577449438,-0.7838879526530346,-0.1677101701184421
94993938,49.26417488,-123.2519987,1884.2208251953125,3,Y,0.12472851380701212,gray,0,-0.1313719417218176,0.6375766355852857,-0.19413466900626553,-0.1677101701184421
94994656,37.33894798,-121.8911032,3892.392881725395,6.25,Y,0,gray,0,0.3654489350379205,1.1383197525309066,-0.7838879526530346,-0.1677101701184421
95002119,37.76809444,-122.4738306,6888.4111328125,7.5,Y,0.13726635514018692,gray,0,1.1066625225156899,1.3309132590484531,-0.13485204893494127,-0.1677101701184421
95044427,45.34947259,-122.609899,448.6083497882274,3.25,Y,0.09096671949286847,gray,0,-0.4865418318712584,0.676095336888795,-0.35377041267736226,-0.1677101701184421
95052800,49.14087034,-122.8391625,3079.3636244209733,1.5,Y,0.03110730593607305,melanic,1,0.16430585711697213,0.40646442776423,-0.636803414713384,-0.1677101701184421
95073589,49.2185549,-122.9105589,3421.291224200306,2,Y,0.043465827852444947,melanic,1,0.24889859375939438,0.48350183037124855,-0.5783686698524126,-0.1677101701184421
95077797,49.26333667,-123.2511833,1884.2208251953125,3,Y,0.10844854070660523,melanic,1,-0.1313719417218176,0.6375766355852857,-0.27111119426577096,-0.1677101701184421
95083288,47.69250064,-117.2608181,807.9269111288646,-2,Y,0.025709219858156024,gray,0,-0.3976465790462777,-0.13279739048490022,-0.6623271613907896,-0.1677101701184421
95085790,49.1701392,-122.8061572,3876.076904296875,1.5,Y,0.09192121039109334,gray,0,0.3614123694533779,0.40646442776423,-0.3492572975583122,-0.1677101701184421
95093720,37.76933764,-122.4748162,6888.4111328125,7.5,Y,0.14285714285714285,gray,0,1.1066625225156899,1.3309132590484531,-0.10841715194459955,-0.1677101701184421
95102109,47.82363636,-122.2100805,1322.0760498046875,2.25,Y,0.07988587731811696,gray,0,-0.27044631000978836,0.5220205316747579,-0.40616391003148467,-0.1677101701184421
95145511,33.58293667,-101.8803633,1145.9584834543434,-0.75,Y,0,melanic,1,-0.3140177178692118,0.05979611603264629,-0.7838879526530346,-0.1677101701184421
95179872,47.403625,-122.32982,2046.9315185546875,2.25,Y,0.05914718019257221,gray,0,-0.09111738829840749,0.5220205316747579,-0.5042226005027747,-0.1677101701184421
95230502,48.4632821,-123.3123621,2121.60400390625,3.5,Y,0.13673993719668856,gray,0,-0.07264344851742327,0.7146140381923043,-0.13734110858355617,-0.1677101701184421
95233122,37.333255,-122.1014945,15.708592414855955,5.25,Y,0.6597142857142857,gray,0,-0.5936410399834068,0.9842449473168694,2.3354362050185182,-0.1677101701184421
95278646,44.58962641,-123.2626625,738.46466064453125,2.5,Y,0.00400572246065808,gray,0,-0.41483150903029575,0.5605392329782671,-0.7649477127476192,-0.1677101701184421
95296556,48.42358074,-123.3246179,4161.07080078125,3.75,Y,0.02940336854125035,gray,0,0.4319197331337569,0.7531327394958136,-0.6448601344084496,-0.1677101701184421
95298997,37.72817014,-122.4555701,7742.720214843749,7.25,Y,2.8628685943315205e-4,gray,0,1.3180182107787561,1.2923945577449438,-0.7825343037538193,-0.1677101701184421
95300575,49.26417156,-123.2519749,1884.2208251953125,3,Y,0.12334258402713538,melanic,1,-0.1313719417218176,0.6375766355852857,-0.2006877546932386,-0.1677101701184421
95303181,49.26804953,-123.2525871,1884.2208251953125,3,Y,0.13113113113113115,melanic,1,-0.1313719417218176,0.6375766355852857,-0.16386120165239892,-0.1677101701184421
95304384,49.26752787,-123.2517251,1884.2208251953125,3,Y,0.126813880126183,gray,0,-0.1313719417218176,0.6375766355852857,-0.18427444060460027,-0.1677101701184421
95304584,49.26743268,-123.2514886,1884.2208251953125,3,Y,0.12496124031007752,melanic,1,-0.1313719417218176,0.6375766355852857,-0.19303426930466394,-0.1677101701184421
95417356,49.2095025221,-123.9708799604,1161.9878882911978,1.5,Y,0.21866295264623956,gray,0,-0.31005205021683774,0.40646442776423,0.2500151253115478,-0.1677101701184421
95417904,49.207895268,-123.9700872451,1212.4902520590786,1.5,Y,0.15578078078078078,gray,0,-0.29755778780341097,0.40646442776423,-0.04731037155018028,-0.1677101701184421
95419630,49.2049104423,-123.982954188,1223.339256747872,1.5,Y,0.032073310423825885,melanic,1,-0.2948737488517037,0.40646442776423,-0.6322358599395715,-0.1677101701184421
95426005,49.2442741394,-122.9355316162,3251.681757460492,2,Y,0.16435826408125578,gray,0,0.20693728685921364,0.48350183037124855,-0.006753494958934714,-0.1677101701184421
95453938,48.0589447021,-122.1604537964,571.7964679623219,2.25,Y,0.00485714285714285,gray,0,-0.4560651460322036,0.5220205316747579,-0.7609219454289479,-0.1677101701184421
95454207,49.0957440382,-121.952196459,1143.7652587890625,1.5,Y,0.3278837420526794,gray,0,-0.3145603206793608,0.40646442776423,0.7664433038321747,-0.1677101701184421
95454647,49.0974495373,-121.9508462011,1128.8061818962735,1.5,Y,0.3121995192307692,gray,0,-0.31826118967274447,0.40646442776423,0.6922836619961384,-0.1677101701184421
95500926,37.769705516,-122.4709282815,6888.411132812499,7.5,Y,0.13148688046647228,gray,0,1.1066625225156899,1.3309132590484531,-0.16217911363363835,-0.1677101701184421
95500966,37.7283167418,-122.4555701472,7742.72021484375,7.25,Y,5.720823798627003e-4,gray,0,1.3180182107787561,1.2923945577449438,-0.7811829780506553,-0.1677101701184421
95501847,45.4866666667,-122.8906783333,2633.1570357115743,2.25,Y,8.583690987124463e-4,gray,0,0.05391454482990434,0.5220205316747579,-0.7798293298161598,-0.1677101701184421
95586094,49.2657,-123.25357,1884.2208251953125,3,Y,0.1381512605042017,melanic,1,-0.1313719417218176,0.6375766355852857,-0.13066795479146548,-0.1677101701184421
95590147,33.5721600049,-101.9004004876,1633.6157588866968,-0.75,Y,0,gray,0,-0.19337152405791097,0.05979611603264629,-0.7838879526530346,-0.1677101701184421
95599600,37.3265035586,-121.8680925537,4777.900598404062,6,Y,0,gray,0,0.5845231516854614,1.0998010512273972,-0.7838879526530346,-0.1677101701184421
95603402,49.1890846,-123.9834386,1448.4805908203125,1.5,Y,0.05372963703915404,gray,0,-0.2391738825852639,0.40646442776423,-0.5298383459847578,-0.1677101701184421
95605826,47.6685752869,-117.4027328491,1840.6172306657409,-2,Y,0,gray,0,-0.1421594516832348,-0.13279739048490022,-0.7838879526530346,-0.1677101701184421
95662720,37.7544923712,-122.4357927251,7150.013619233754,7.25,Y,0,gray,0,1.1713828617135718,1.2923945577449438,-0.7838879526530346,-0.1677101701184421
95675532,50.7216853971,-113.9850904783,1241.394287109375,-12.5,Y,0.002594407610262322,melanic,1,-0.2904069423422928,-1.750582845232291,-0.7716208265519588,-0.1677101701184421
95688557,47.6685714722,-117.4004211426,1738.4145670494868,-2,Y,0,gray,0,-0.16744434536547456,-0.13279739048490022,-0.7838879526530346,-0.1677101701184421
95695963,50.2886334929,-107.7990607233,514.3255466200683,-14,Y,0,melanic,1,-0.4702834265010518,-1.9816950530533466,-0.7838879526530346,-0.1677101701184421
95702348,37.3208062726,-122.0607589669,2077.664581981662,5.5,Y,0,gray,0,-0.08351404202752809,1.0227636486203786,-0.7838879526530346,-0.1677101701184421
95703202,37.4464793792,-122.1119554065,987.67218017578125,6,Y,0,melanic,1,-0.3531776791475272,1.0998010512273972,-0.7838879526530346,-0.1677101701184421
95727384,37.4029716667,-122.0107277833,1643.5417552390172,6.5,Y,0,gray,0,-0.19091583695956799,1.1768384538344159,-0.7838879526530346,-0.1677101701184421
95789777,37.2490085647,-121.9050197839,2266.264883068191,5.5,Y,0,gray,0,-0.03685441112674517,1.0227636486203786,-0.7838879526530346,-0.1677101701184421
95822916,37.4274745,-122.169719,2333.527420410899,6,Y,0,melanic,1,-0.020213689199047993,1.0998010512273972,-0.7838879526530346,-0.1677101701184421
95862912,49.2096781655,-123.9760764333,1128.3721595825018,1.5,Y,0.19981889526109262,gray,0,-0.3183685666008121,0.40646442776423,0.16091485159776148,-0.1677101701184421
95877029,47.5540550027,-122.1174144932,1308.5581191865483,2.25,Y,0.15028571428571427,gray,0,-0.2737906400535426,0.5220205316747579,-0.07329267030776096,-0.1677101701184421
95877588,37.4309777778,-122.1719277778,2247.2212905318265,6,Y,0,melanic,1,-0.041565787480084083,1.0998010512273972,-0.7838879526530346,-0.1677101701184421
95881015,47.633125,-117.4107583333,1598.263882502309,-2,Y,0.02320252076768834,gray,0,-0.2021175626073874,-0.13279739048490022,-0.6741795756832029,-0.1677101701184421
95904377,37.5613472222,-122.3214861111,1892.8885030156396,6.75,Y,0,gray,0,-0.12922756207060054,1.2153571551379252,-0.7838879526530346,-0.1677101701184421
95920144,48.4656715768,-123.3741336333,4160.567293602776,3.5,Y,0.041914387633769326,gray,0,0.4317951656809578,0.7146140381923043,-0.5857043378197333,-0.1677101701184421
95920147,48.4643727533,-123.3732705733,4161.07080078125,3.5,Y,0.026761819803746655,gray,0,0.4319197331337569,0.7146140381923043,-0.6573501576942734,-0.1677101701184421
95974454,49.2031842294,-123.9706027292,1343.1937147276897,1.5,Y,0.013877551020408158,gray,0,-0.26522180906722825,0.40646442776423,-0.7182707891556437,-0.1677101701184421
95986532,37.768369,-122.469176,6888.411132812499,7.5,Y,0.11769834350479512,gray,0,1.1066625225156899,1.3309132590484531,-0.2273753923483518,-0.1677101701184421
95998446,37.2594226972,-121.9103178615,2063.5613138419094,6,Y,0,gray,0,-0.08700318431470676,1.0998010512273972,-0.7838879526530346,-0.1677101701184421
96001208,37.4268035889,-122.1695404053,2330.5393180101114,6,Y,0,gray,0,-0.02095294440867002,1.0998010512273972,-0.7838879526530346,-0.1677101701184421
96001221,37.4268951416,-122.1697387695,2317.0190790008915,6,Y,0,gray,0,-0.02429784554735452,1.0998010512273972,-0.7838879526530346,-0.1677101701184421
96016819,45.7594516059,-122.8638759655,206.4878997802734,2,Y,0.004311583788444949,gray,0,-0.5464423238949666,0.48350183037124855,-0.7635015099757176,-0.1677101701184421
96031461,47.78832547,-122.3287491769,2145.8330572090385,3.25,Y,0.02080706179066835,gray,0,-0.06664919146867745,0.676095336888795,-0.6855060138361061,-0.1677101701184421
96031804,47.7519443852,-122.082217254,508.24844271943095,2.25,Y,0.17652495378927913,gray,0,-0.4717868993126851,0.5220205316747579,0.050774210514412506,-0.1677101701184421
96032490,47.8360755799,-122.1864877007,1274.0998462037187,2.25,Y,0.02226662860405367,gray,0,-0.2823156015175203,0.5220205316747579,-0.6786047504872322,-0.1677101701184421
96041466,37.0531862307,-121.9494171143,113.2713736097753,5.25,Y,0.8141263940520446,gray,0,-0.5695040511558002,0.9842449473168694,3.0655422982244036,-0.1677101701184421
96063814,49.2968573611,-123.1433396917,2824.372936831954,2.5,Y,0.5102659037361158,gray,0,0.10122127401982293,0.5605392329782671,1.628800077342897,-0.1677101701184421
96120299,50.7149347153,-113.9831045623,1241.394287109375,-12.5,Y,0.0014392630972941815,melanic,1,-0.2904069423422928,-1.750582845232291,-0.7770826912757188,-0.1677101701184421
96142426,51.0349349292,-114.0188806504,464.8547973632812,-11.5,Y,0.0018720748829953143,gray,0,-0.48252246794164755,-1.5965080400182536,-0.7750362292116136,-0.1677101701184421
96148798,49.2236459,-123.01686293,6508.98426638815,2,Y,0.2040172166427547,melanic,1,1.012792483925039,0.48350183037124855,0.18076575613487994,-0.1677101701184421
96154081,48.7359527778,-122.4877555556,2256.623046875,1.5,Y,0.26461843409316155,melanic,1,-0.03923979712765986,0.40646442776423,0.467306226260806,-0.1677101701184421
96156293,45.4808576253,-122.6311390084,2400.4937976793267,3.25,Y,0.012621916236374068,gray,0,-0.0036462371424691065,0.676095336888795,-0.7242078015864258,-0.1677101701184421
96158283,49.0545382311,-122.3442213348,2191.253996435946,1,Y,0.05590596330275229,gray,0,-0.05541207123459008,0.3294270251572114,-0.5195480320776292,-0.1677101701184421
96174955,50.9859294558,-114.1944958978,396.2687153495835,-12.5,Y,0.022590792107520734,gray,0,-0.49949063423435,-1.750582845232291,-0.6770720096185008,-0.1677101701184421
96213308,47.6070259089,-122.2987058268,5929.86572265625,3.25,Y,0.00342563516985441,gray,0,0.8695188128722444,0.676095336888795,-0.7676905369352188,-0.1677101701184421
96243346,49.2095538417,-123.971128406,1159.147501227264,1.5,Y,0.21106909590924716,melanic,1,-0.31075476071758984,0.40646442776423,0.21410912587733802,-0.1677101701184421
96261350,50.9851029338,-114.0157642588,1793.2838134765625,-11.5,Y,0.0021367521367521296,melanic,1,-0.15386971811757394,-1.5965080400182536,-0.7737847569159426,-0.1677101701184421
96302443,45.5863133333,-122.7522133333,1729.563720703125,2.5,Y,3.570153516601214e-4,gray,0,-0.16963404082885197,0.5605392329782671,-0.782199878534877,-0.1677101701184421
96312568,45.5221873406,-123.1025738713,1172.8791668666397,2.25,Y,0,gray,0,-0.3073575527243095,0.5220205316747579,-0.7838879526530346,-0.1677101701184421
96379565,37.5583819,-122.0479831,2991.9806627936027,6.25,Y,0,melanic,1,0.14268735113866107,1.1383197525309066,-0.7838879526530346,-0.1677101701184421
96424016,37.7671423506,-122.4769679885,6888.411132812501,7.5,Y,0.15875805506736962,gray,0,1.1066625225156903,1.3309132590484531,-0.033232938626144695,-0.1677101701184421
96424159,37.6322751,-122.4878956997,2678.752872066914,7.25,Y,0.11006711409395972,gray,0,0.065194934536051,1.2923945577449438,-0.263458100832039,-0.1677101701184421
96435321,47.6190560737,-122.3409360275,4785.4294929573125,3.25,Y,0,gray,0,0.5863857968611147,0.676095336888795,-0.7838879526530346,-0.1677101701184421
96440657,47.8362207591,-122.1864704061,1273.2262914022378,2.25,Y,0.02198743575099943,gray,0,-0.28253171858824544,0.5220205316747579,-0.6799248568272646,-0.1677101701184421
96517679,51.077590837,-114.1406951845,2367.9321037612954,-11.5,Y,0.0039977155910908,gray,0,-0.011701985786383281,-1.5965080400182536,-0.7649855715938036,-0.1677101701184421
96526818,37.244838944,-121.9701486165,1096.8614501953125,5.25,Y,0.007624275693809086,gray,0,-0.32616430213759434,0.9842449473168694,-0.747838123399001,-0.1677101701184421
96536629,48.4624837398,-123.3045333624,2121.60400390625,3.5,Y,0.1665185185185185,gray,0,-0.07264344851742327,0.7146140381923043,0.0034608266023679105,-0.1677101701184421
96600029,44.8552946458,-123.2398738315,850.5126221931172,2.25,Y,0,gray,0,-0.38711089300305246,0.5220205316747579,-0.7838879526530346,-0.1677101701184421
96607274,47.8364584164,-122.18703367,1278.096935717799,2.25,Y,0.02000571591883395,gray,0,-0.28132672334325476,0.5220205316747579,-0.6892950139999527,-0.1677101701184421
96619132,47.3132372,-122.5435034,2020.322818565969,2.25,Y,0.8308823529411764,gray,0,-0.09770036888258826,0.5220205316747579,3.14476942499676,-0.1677101701184421
96648565,37.5497799582,-122.3348715503,1585.106201171875,6.5,Y,0.08716776221777651,gray,0,-0.2053727671370265,1.1768384538344159,-0.37173300566460676,-0.1677101701184421
96693965,44.9561126939,-122.9989338268,1962.9630097546792,2.25,Y,0,gray,0,-0.11189116016052132,0.5220205316747579,-0.7838879526530346,-0.1677101701184421
96694533,49.2552062519,-123.0635159379,6845.246582031251,2.5,Y,0,melanic,1,1.095983631783023,0.5605392329782671,-0.7838879526530346,-0.1677101701184421
96719342,47.6578886376,-122.310117772,4166.9521484375,3.25,Y,0,gray,0,0.43337477593728835,0.676095336888795,-0.7838879526530346,-0.1677101701184421
96721025,49.1500776466,-123.9461274818,1295.8905029296875,1.5,Y,0.04548054919908467,melanic,1,-0.2769246027011775,0.40646442776423,-0.5688424717638789,-0.1677101701184421
97066403,37.7702033333,-122.4714283333,6888.411132812499,7.5,Y,0.13344988344988346,gray,0,1.1066625225156899,1.3309132590484531,-0.15289745525465379,-0.1677101701184421
97111628,51.0351181741,-114.0656018416,2873.74853515625,-11.25,Y,0.00257142857142857,melanic,1,0.11343677516189146,-1.5579893387147443,-0.7717294782402828,-0.1677101701184421
97111640,51.0304626595,-114.0655349469,2873.74853515625,-11.25,Y,0.0045858412152479195,gray,0,0.11343677516189146,-1.5579893387147443,-0.7622047397899379,-0.1677101701184421
97115275,48.4260861111,-123.3084194444,4161.07080078125,3.75,Y,0.014812001519179637,gray,0,0.4319197331337569,0.7531327394958136,-0.7138524309692508,-0.1677101701184421
97116406,36.6133065,-121.9103681997,1450.3828556111548,6.5,Y,5.800464037122971e-4,melanic,1,-0.238703263119097,1.1768384538344159,-0.7811453217916895,-0.1677101701184421
97118841,51.0411434838,-114.0702167712,2945.997030638241,-11.25,Y,0,melanic,1,0.13131102092346078,-1.5579893387147443,-0.7838879526530346,-0.1677101701184421
97140719,37.9979083333,-122.5280833333,1950.1148681640625,6.25,Y,0.2125215393452039,gray,0,-0.11506978469571828,1.1383197525309066,0.22097670779202389,-0.1677101701184421
97151090,47.6675150768,-117.4034768844,1850.7367765423176,-2,Y,0,gray,0,-0.13965588051837236,-0.13279739048490022,-0.7838879526530346,-0.1677101701184421
97154726,49.2094940547,-123.9712167978,1160.3151395289178,1.5,Y,0.21032702237521514,gray,0,-0.3104658875192603,0.40646442776423,0.21060038284781796,-0.1677101701184421
97157918,51.0783583333,-114.1291805,2218.710589220987,-11.5,Y,0,melanic,1,-0.048619322348386895,-1.5965080400182536,-0.7838879526530346,-0.1677101701184421
97158079,51.0783278333,-114.1298361667,2227.189398004274,-11.5,Y,0,gray,0,-0.046521668813226384,-1.5965080400182536,-0.7838879526530346,-0.1677101701184421
97161197,44.8522560849,-123.2377067953,858.4923095703125,2.25,Y,0,gray,0,-0.3851367218825475,0.5220205316747579,-0.7838879526530346,-0.1677101701184421
97161918,36.9582555556,-122.0598777778,875.5308226705305,5.5,Y,0.07794075352315215,gray,0,-0.380921401293056,1.0227636486203786,-0.415361030322318,-0.1677101701184421
97167306,49.2682108212,-123.2527109605,1884.2208251953125,3,Y,0.13114198576753644,melanic,1,-0.1313719417218176,0.6375766355852857,-0.16380987772279035,-0.1677101701184421
97168665,49.334545,-123.0328361667,948.61767578125,1.5,Y,0.24949985710202915,gray,0,-0.3628397462257011,0.40646442776423,0.39582112512039974,-0.1677101701184421
97178976,45.5261841758,-122.6788531244,3511.2497513431504,2.25,Y,0,gray,0,0.271154293504738,0.5220205316747579,-0.7838879526530346,-0.1677101701184421
97193323,51.0592694799,-114.0904986486,3138.058837890625,-11.5,Y,0,melanic,1,0.17882702691552993,-1.5965080400182536,-0.7838879526530346,-0.1677101701184421
97198242,49.2654469718,-123.0515373869,6615.437778084968,2.5,Y,0,melanic,1,1.0391290355384262,0.5605392329782671,-0.7838879526530346,-0.1677101701184421
97205887,37.3155666667,-121.8410716667,3411.022216796875,6,Y,5.702879954376962e-4,gray,0,0.24635804587902987,1.0998010512273972,-0.7811914624306455,-0.1677101701184421
97216825,36.9659283333,-122.0336695,891.4461933675121,5.5,Y,0,melanic,1,-0.3769839456363464,1.0227636486203786,-0.7838879526530346,-0.1677101701184421
97220404,51.0979111111,-114.2241055556,1891.277587890625,-12,Y,0.08367411135577227,melanic,1,-0.1296261017585684,-1.6735454426252723,-0.3882520196806828,-0.1677101701184421
97222483,49.3323734233,-123.0306515071,948.61767578125,2,Y,0.33516166281755194,melanic,1,-0.3628397462257011,0.48350183037124855,0.8008554645979618,-0.1677101701184421
97255480,45.5129973808,-122.6860967651,3788.43430736036,2.25,Y,0.018056749785038687,gray,0,0.3397296298146554,0.5220205316747579,-0.698510302004591,-0.1677101701184421
97260613,38.2402067772,-122.6585302782,129.85803381060506,4.5,Y,0,gray,0,-0.5654005187733554,0.8686888434063414,-0.7838879526530346,-0.1677101701184421
97313007,49.1018975108,-122.8799019593,1469.5271869349922,2,Y,0.12689339811374678,gray,0,-0.2339669640343849,0.48350183037124855,-0.18389845605348726,-0.1677101701184421
97313008,49.1018718735,-122.8785113698,1588.404027475008,2,Y,0.12650257584430455,gray,0,-0.2045568863712345,0.48350183037124855,-0.18574637927241108,-0.1677101701184421
97351058,37.3175609904,-121.9705258963,3693.234285385237,6,Y,0,gray,0,0.31617718657084687,1.0998010512273972,-0.7838879526530346,-0.1677101701184421
97353550,51.0415527778,-114.0225083333,478.4703977213072,-11.5,Y,0.006182883176049453,gray,0,-0.4791539744475328,-1.5965080400182536,-0.7546534533057447,-0.1677101701184421
97353551,51.041325,-114.0213694444,470.54185503116577,-11.5,Y,0.006174845628859273,gray,0,-0.4811154923951281,-1.5965080400182536,-0.7546914572047987,-0.1677101701184421
97353575,51.0434308333,-114.0173647222,521.0512526432735,-11.5,Y,0.00607416879795396,melanic,1,-0.46861948981175694,-1.5965080400182536,-0.7551674870218894,-0.1677101701184421
97372499,45.4781472222,-122.569075,2367.258703011226,3.25,Y,0,gray,0,-0.01186858483349794,0.676095336888795,-0.7838879526530346,-0.1677101701184421
97381039,37.7730966667,-122.4673916667,6888.4111328125,7.5,Y,0.12260869565217392,gray,0,1.1066625225156899,1.3309132590484531,-0.20415779587109942,-0.1677101701184421
97392633,37.97758,-122.5812833333,444.6478576660156,6.25,Y,0.30057142857142854,gray,0,-0.48752165586699564,1.1383197525309066,0.6373026120375127,-0.1677101701184421
97400398,49.2753242727,-122.8853249606,2582.9033203125,2,Y,0.1517754868270332,melanic,1,0.041481797912718846,0.48350183037124855,-0.06624858534825397,-0.1677101701184421
97401253,37.2411833809,-121.9704489721,1096.8614501953125,5.25,Y,0.004873591227535791,gray,0,-0.32616430213759434,0.9842449473168694,-0.7608441726715102,-0.1677101701184421
97404325,37.3101616667,-121.905395,3701.1293945312495,6.25,Y,0,gray,0,0.3181304330744425,1.1383197525309066,-0.7838879526530346,-0.1677101701184421
97421648,47.6664716667,-117.4087133333,2001.727894211272,-2,Y,0,gray,0,-0.10230074492663327,-0.13279739048490022,-0.7838879526530346,-0.1677101701184421
97463322,49.1403897317,-122.916887235,858.306011123635,2,Y,0.2209236031927024,melanic,1,-0.38518281203568766,0.48350183037124855,0.26070414935473635,-0.1677101701184421
97463322,49.1403897317,-122.916887235,858.306011123635,2,Y,0.2209236031927024,melanic,1,-0.38518281203568766,0.48350183037124855,0.26070414935473635,-0.1677101701184421
97477094,47.6175554879,-122.318523712,5929.86572265625,3.25,Y,0,gray,0,0.8695188128722444,0.676095336888795,-0.7838879526530346,-0.1677101701184421
97477094,47.6175554879,-122.318523712,5929.86572265625,3.25,Y,0,gray,0,0.8695188128722444,0.676095336888795,-0.7838879526530346,-0.1677101701184421
97495681,47.6438449722,-122.1045519722,1399.8941456650052,2.25,Y,0.020664869721473484,gray,0,-0.2511941475830789,0.5220205316747579,-0.6861783399719402,-0.1677101701184421
97495681,47.6438449722,-122.1045519722,1399.8941456650052,2.25,Y,0.020664869721473484,gray,0,-0.2511941475830789,0.5220205316747579,-0.6861783399719402,-0.1677101701184421
97499923,37.4057161652,-121.9541081876,1504.952496635703,6.5,Y,0,gray,0,-0.225202758114996,1.1768384538344159,-0.7838879526530346,-0.1677101701184421
97499923,37.4057161652,-121.9541081876,1504.952496635703,6.5,Y,0,gray,0,-0.225202758114996,1.1768384538344159,-0.7838879526530346,-0.1677101701184421
97528131,49.2642085346,-123.2035389667,4240.920273695796,2.5,Y,0.07376578645235361,melanic,1,0.4516744573433722,0.5605392329782671,-0.4351015087740235,-0.1677101701184421
97528131,49.2642085346,-123.2035389667,4240.920273695796,2.5,Y,0.07376578645235361,melanic,1,0.4516744573433722,0.5605392329782671,-0.4351015087740235,-0.1677101701184421
97573725,47.7607912785,-122.3029446129,1967.364934055252,3.25,Y,0.10675443617630224,gray,0,-0.11080212603950113,0.676095336888795,-0.27912142127074374,-0.1677101701184421
97573725,47.7607912785,-122.3029446129,1967.364934055252,3.25,Y,0.10675443617630224,gray,0,-0.11080212603950113,0.676095336888795,-0.27912142127074374,-0.1677101701184421
97576622,47.5388527778,-122.1706388889,1395.4354067385543,2.25,Y,0.04484566103669191,gray,0,-0.25229723761736095,0.5220205316747579,-0.5718444106717611,-0.1677101701184421
97576622,47.5388527778,-122.1706388889,1395.4354067385543,2.25,Y,0.04484566103669191,gray,0,-0.25229723761736095,0.5220205316747579,-0.5718444106717611,-0.1677101701184421
97583239,51.0778695,-114.1308971667,2255.042796537331,-11.5,Y,0,gray,0,-0.039630750360829116,-1.5965080400182536,-0.7838879526530346,-0.1677101701184421
97583239,51.0778695,-114.1308971667,2255.042796537331,-11.5,Y,0,gray,0,-0.039630750360829116,-1.5965080400182536,-0.7838879526530346,-0.1677101701184421
97596252,44.5904230848,-123.268071674,731.1655715708474,2.5,Y,0.0356938892061679,gray,0,-0.41663730043215447,0.5605392329782671,-0.6151166931956158,-0.1677101701184421
97596252,44.5904230848,-123.268071674,731.1655715708474,2.5,Y,0.0356938892061679,gray,0,-0.41663730043215447,0.5605392329782671,-0.6151166931956158,-0.1677101701184421
97599904,37.393217867,-122.0991167158,2804.2816954879227,6,Y,0,gray,0,0.09625070981578722,1.0998010512273972,-0.7838879526530346,-0.1677101701184421
97599904,37.393217867,-122.0991167158,2804.2816954879227,6,Y,0,gray,0,0.09625070981578722,1.0998010512273972,-0.7838879526530346,-0.1677101701184421
97623303,50.95689,-114.1038159722,2320.2126472697673,-12,Y,0,melanic,1,-0.023507758173030364,-1.6735454426252723,-0.7838879526530346,-0.1677101701184421
97623303,50.95689,-114.1038159722,2320.2126472697673,-12,Y,0,melanic,1,-0.023507758173030364,-1.6735454426252723,-0.7838879526530346,-0.1677101701184421
97669453,47.37067155,-122.06181939,314.6457824707031,1.75,Y,0.3029356652092442,gray,0,-0.5196841116531407,0.4449831290677393,0.6484814217411795,-0.1677101701184421
97669453,47.37067155,-122.06181939,314.6457824707031,1.75,Y,0.3029356652092442,gray,0,-0.5196841116531407,0.4449831290677393,0.6484814217411795,-0.1677101701184421
97682797,47.304255,-122.5823883333,542.4359096798378,2.25,Y,0.10194174757281552,gray,0,-0.463328935138633,0.5220205316747579,-0.3018772356426465,-0.1677101701184421
97682797,47.304255,-122.5823883333,542.4359096798378,2.25,Y,0.10194174757281552,gray,0,-0.463328935138633,0.5220205316747579,-0.3018772356426465,-0.1677101701184421
97700996,49.0338391932,-122.6865393194,132.04885864257812,1,Y,0.28944348823866894,gray,0,-0.564858509680903,0.3294270251572114,0.584686420669879,-0.1677101701184421
97700996,49.0338391932,-122.6865393194,132.04885864257812,1,Y,0.28944348823866894,gray,0,-0.564858509680903,0.3294270251572114,0.584686420669879,-0.1677101701184421
97707834,45.7302725699,-122.5626050981,154.59056091308597,2,Y,0.1632828138404347,gray,0,-0.5592817025297062,0.48350183037124855,-0.011838541605961225,-0.1677101701184421
97707834,45.7302725699,-122.5626050981,154.59056091308597,2,Y,0.1632828138404347,gray,0,-0.5592817025297062,0.48350183037124855,-0.011838541605961225,-0.1677101701184421
97711544,37.4549233483,-122.1147176544,987.67218017578125,6,Y,0,melanic,1,-0.3531776791475272,1.0998010512273972,-0.7838879526530346,-0.1677101701184421
97711544,37.4549233483,-122.1147176544,987.67218017578125,6,Y,0,melanic,1,-0.3531776791475272,1.0998010512273972,-0.7838879526530346,-0.1677101701184421
97726968,45.538355,-122.8812633333,2190.0523921487556,2.25,Y,0.00829282241921647,gray,0,-0.05570934760268764,0.5220205316747579,-0.7446770368555475,-0.1677101701184421
97726968,45.538355,-122.8812633333,2190.0523921487556,2.25,Y,0.00829282241921647,gray,0,-0.05570934760268764,0.5220205316747579,-0.7446770368555475,-0.1677101701184421
97730662,37.6793518,-122.4069728,1964.5206771525452,7.25,Y,0.228677733257012,gray,0,-0.11150579393665053,1.2923945577449438,0.29736796845809216,-0.1677101701184421
97730662,37.6793518,-122.4069728,1964.5206771525452,7.25,Y,0.228677733257012,gray,0,-0.11150579393665053,1.2923945577449438,0.29736796845809216,-0.1677101701184421
97750886,50.981237,-114.0281939722,2001.8596215174296,-11.5,Y,0.024092409240924095,gray,0,-0.1022681556494717,-1.5965080400182536,-0.6699719199262985,-0.1677101701184421
97750886,50.981237,-114.0281939722,2001.8596215174296,-11.5,Y,0.024092409240924095,gray,0,-0.1022681556494717,-1.5965080400182536,-0.6699719199262985,-0.1677101701184421
97463322,49.1403897317,-122.916887235,858.306011123635,2,Y,0.22589845978322876,melanic,1,-0.38518281203568766,0.48350183037124855,0.28422674190702363,-0.1677101701184421
97463322,49.1403897317,-122.916887235,858.306011123635,2,Y,0.22589845978322876,melanic,1,-0.38518281203568766,0.48350183037124855,0.28422674190702363,-0.1677101701184421
97477094,47.6175554879,-122.318523712,5929.86572265625,3.25,Y,0,gray,0,0.8695188128722444,0.676095336888795,-0.7838879526530346,-0.1677101701184421
97477094,47.6175554879,-122.318523712,5929.86572265625,3.25,Y,0,gray,0,0.8695188128722444,0.676095336888795,-0.7838879526530346,-0.1677101701184421
97495681,47.6438449722,-122.1045519722,1399.8941456650052,2.25,Y,0.02023381294964028,gray,0,-0.2511941475830789,0.5220205316747579,-0.6882165038116871,-0.1677101701184421
97495681,47.6438449722,-122.1045519722,1399.8941456650052,2.25,Y,0.02023381294964028,gray,0,-0.2511941475830789,0.5220205316747579,-0.6882165038116871,-0.1677101701184421
97499923,37.4057161652,-121.9541081876,1504.952496635703,6.5,Y,0,gray,0,-0.225202758114996,1.1768384538344159,-0.7838879526530346,-0.1677101701184421
97499923,37.4057161652,-121.9541081876,1504.952496635703,6.5,Y,0,gray,0,-0.225202758114996,1.1768384538344159,-0.7838879526530346,-0.1677101701184421
97528131,49.2642085346,-123.2035389667,4240.920273695796,2.5,Y,0.07456266131344995,melanic,1,0.4516744573433722,0.5605392329782671,-0.43133364887059933,-0.1677101701184421
97528131,49.2642085346,-123.2035389667,4240.920273695796,2.5,Y,0.07456266131344995,melanic,1,0.4516744573433722,0.5605392329782671,-0.43133364887059933,-0.1677101701184421
97573725,47.7607912785,-122.3029446129,1967.364934055252,3.25,Y,0.1116504854368932,gray,0,-0.11080212603950113,0.676095336888795,-0.25597145307022856,-0.1677101701184421
97573725,47.7607912785,-122.3029446129,1967.364934055252,3.25,Y,0.1116504854368932,gray,0,-0.11080212603950113,0.676095336888795,-0.25597145307022856,-0.1677101701184421
97576622,47.5388527778,-122.1706388889,1395.4354067385543,2.25,Y,0.044276143314884935,gray,0,-0.25229723761736095,0.5220205316747579,-0.5745372588127273,-0.1677101701184421
97576622,47.5388527778,-122.1706388889,1395.4354067385543,2.25,Y,0.044276143314884935,gray,0,-0.25229723761736095,0.5220205316747579,-0.5745372588127273,-0.1677101701184421
97580616,51.0629770948,-114.0994002173,3138.0588378906255,-11.5,Y,0,melanic,1,0.17882702691553004,-1.5965080400182536,-0.7838879526530346,-0.1677101701184421
97583239,51.0778695,-114.1308971667,2255.042796537331,-11.5,Y,0,gray,0,-0.039630750360829116,-1.5965080400182536,-0.7838879526530346,-0.1677101701184421
97583239,51.0778695,-114.1308971667,2255.042796537331,-11.5,Y,0,gray,0,-0.039630750360829116,-1.5965080400182536,-0.7838879526530346,-0.1677101701184421
97596252,44.5904230848,-123.268071674,731.1655715708474,2.5,Y,0.041464112096082355,gray,0,-0.41663730043215447,0.5605392329782671,-0.5878333736655992,-0.1677101701184421
97596252,44.5904230848,-123.268071674,731.1655715708474,2.5,Y,0.041464112096082355,gray,0,-0.41663730043215447,0.5605392329782671,-0.5878333736655992,-0.1677101701184421
97599904,37.393217867,-122.0991167158,2804.2816954879227,6,Y,0,gray,0,0.09625070981578722,1.0998010512273972,-0.7838879526530346,-0.1677101701184421
97599904,37.393217867,-122.0991167158,2804.2816954879227,6,Y,0,gray,0,0.09625070981578722,1.0998010512273972,-0.7838879526530346,-0.1677101701184421
97623303,50.95689,-114.1038159722,2320.2126472697673,-12,Y,0,melanic,1,-0.023507758173030364,-1.6735454426252723,-0.7838879526530346,-0.1677101701184421
97623303,50.95689,-114.1038159722,2320.2126472697673,-12,Y,0,melanic,1,-0.023507758173030364,-1.6735454426252723,-0.7838879526530346,-0.1677101701184421
97669453,47.37067155,-122.06181939,314.6457824707031,1.75,Y,0.302281963113473,gray,0,-0.5196841116531407,0.4449831290677393,0.6453905249947921,-0.1677101701184421
97669453,47.37067155,-122.06181939,314.6457824707031,1.75,Y,0.302281963113473,gray,0,-0.5196841116531407,0.4449831290677393,0.6453905249947921,-0.1677101701184421
97681512,47.5385777778,-122.1734805556,1429.888395033274,2.25,Y,0.04184829991281604,gray,0,-0.24377358358287948,0.5220205316747579,-0.5860168201002585,-0.1677101701184421
97682797,47.304255,-122.5823883333,542.4359096798378,2.25,Y,0.10758226037195996,gray,0,-0.463328935138633,0.5220205316747579,-0.2752072237647366,-0.1677101701184421
97682797,47.304255,-122.5823883333,542.4359096798378,2.25,Y,0.10758226037195996,gray,0,-0.463328935138633,0.5220205316747579,-0.2752072237647366,-0.1677101701184421
97700996,49.0338391932,-122.6865393194,132.04885864257812,1,Y,0.2911392405063291,gray,0,-0.564858509680903,0.3294270251572114,0.5927044386641559,-0.1677101701184421
97700996,49.0338391932,-122.6865393194,132.04885864257812,1,Y,0.2911392405063291,gray,0,-0.564858509680903,0.3294270251572114,0.5927044386641559,-0.1677101701184421
97707834,45.7302725699,-122.5626050981,154.59056091308597,2,Y,0.16490727532097005,gray,0,-0.5592817025297062,0.48350183037124855,-0.004157607527120641,-0.1677101701184421
97707834,45.7302725699,-122.5626050981,154.59056091308597,2,Y,0.16490727532097005,gray,0,-0.5592817025297062,0.48350183037124855,-0.004157607527120641,-0.1677101701184421
97711544,37.4549233483,-122.1147176544,987.67218017578125,6,Y,0,melanic,1,-0.3531776791475272,1.0998010512273972,-0.7838879526530346,-0.1677101701184421
97711544,37.4549233483,-122.1147176544,987.67218017578125,6,Y,0,melanic,1,-0.3531776791475272,1.0998010512273972,-0.7838879526530346,-0.1677101701184421
97726968,45.538355,-122.8812633333,2190.0523921487556,2.25,Y,0.0082904516866781,gray,0,-0.05570934760268764,0.5220205316747579,-0.7446882463797891,-0.1677101701184421
97726968,45.538355,-122.8812633333,2190.0523921487556,2.25,Y,0.0082904516866781,gray,0,-0.05570934760268764,0.5220205316747579,-0.7446882463797891,-0.1677101701184421
97730662,37.6793518,-122.4069728,1964.5206771525452,7.25,Y,0.2292557741659538,gray,0,-0.11150579393665053,1.2923945577449438,0.30010111674732826,-0.1677101701184421
97730662,37.6793518,-122.4069728,1964.5206771525452,7.25,Y,0.2292557741659538,gray,0,-0.11150579393665053,1.2923945577449438,0.30010111674732826,-0.1677101701184421
97750886,50.981237,-114.0281939722,2001.8596215174296,-11.5,Y,0.024116286752560286,gray,0,-0.1022681556494717,-1.5965080400182536,-0.6698590199929717,-0.1677101701184421
97750886,50.981237,-114.0281939722,2001.8596215174296,-11.5,Y,0.024116286752560286,gray,0,-0.1022681556494717,-1.5965080400182536,-0.6698590199929717,-0.1677101701184421
97794327,47.5117598609,-122.1509863436,1068.956593903081,2.25,Y,0.15336194563662375,gray,0,-0.3330679512168052,0.5220205316747579,-0.05874733913141843,-0.1677101701184421
97817453,37.4519116667,-122.1560971667,2997.6454022697626,6,Y,0,gray,0,0.14408880517443934,1.0998010512273972,-0.7838879526530346,-0.1677101701184421
97836120,37.4247970581,-122.1797180176,1633.4560933951038,6,Y,0.00428082191780821,gray,0,-0.193411025229767,1.0998010512273972,-0.7636469611934497,-0.1677101701184421
97843491,49.1712460267,-123.09345253,594.2869205492576,2.5,Y,0.4509298998569385,gray,0,-0.4505010180300085,0.5605392329782671,1.3482419109851502,-0.1677101701184421
97843502,49.1703817633,-123.0928496733,487.9030023815608,2.5,Y,0.4488863506567676,gray,0,-0.47682035223513497,0.5605392329782671,1.3385794062834646,-0.1677101701184421
97843531,49.1711596583,-123.095919115,1039.9483020032435,2.5,Y,0.4640504153537669,gray,0,-0.340244589776293,0.5605392329782671,1.4102795867436009,-0.1677101701184421
97843536,49.1703842,-123.0928567333,488.9999334041447,2.5,Y,0.44869962846527583,melanic,1,-0.4765489719863097,0.5605392329782671,1.3376965285660858,-0.1677101701184421
97849470,37.77047769,-122.4774544,6888.4111328125,7.5,Y,0.16768916155419222,gray,0,1.1066625225156899,1.3309132590484531,0.008995972922919843,-0.1677101701184421
97864923,48.0584535909,-122.1602231358,561.006532700538,2.25,Y,0.00428693912546441,gray,0,-0.4587345712338484,0.5220205316747579,-0.7636180372273742,-0.1677101701184421
97864936,48.0587079289,-122.1615949135,577.6812406635984,2.25,Y,0.00228310502283105,gray,0,-0.45460925587405066,0.5220205316747579,-0.7730927572079226,-0.1677101701184421
97908471,49.2035716944,-123.9705241335,1333.2475433971906,1.5,Y,0.014274061990212068,melanic,1,-0.267682487446231,0.40646442776423,-0.716395968079802,-0.1677101701184421
97924309,47.8415116667,-122.243705,1548.121441799454,2.25,Y,0.03683609366076527,gray,0,-0.21452278021404536,0.5220205316747579,-0.6097160128929784,-0.1677101701184421
97948178,45.5285133333,-122.7029116667,3838.39306640625,2.25,Y,0.03571428571428571,gray,0,0.3520894046607883,0.5220205316747579,-0.6150202524759257,-0.1677101701184421
97950955,50.9603394105,-114.0008925054,2014.5582275390625,-11.5,Y,0.0017497812773403297,gray,0,-0.09912652614776687,-1.5965080400182536,-0.7756144695297467,-0.1677101701184421
97953310,47.6504619722,-122.111839,1465.8070068359375,2.25,Y,0.032781456953642374,gray,0,-0.23488733494209993,0.5220205316747579,-0.6288875338149732,-0.1677101701184421
97969295,36.96587,-122.0334695,897.050649899178,5.5,Y,0,gray,0,-0.37559740557431837,1.0227636486203786,-0.7838879526530346,-0.1677101701184421
97969690,36.9640966667,-122.0327611667,898.7002045085133,5.5,Y,0,gray,0,-0.3751893064950547,1.0227636486203786,-0.7838879526530346,-0.1677101701184421
98062648,49.0192472943,-123.0850505941,1509.1932373046875,2.5,Y,0.03622553315804849,gray,0,-0.22415360075299381,0.5605392329782671,-0.6126029234345357,-0.1677101701184421
98067953,37.3145783333,-121.8355333333,3425.4788772625297,6,Y,0.00200286123032904,gray,0,0.24993461727101252,1.0998010512273972,-0.7744178327003269,-0.1677101701184421
98077700,45.6127057184,-123.1076650756,144.60295659313462,2.25,Y,0.00629110666285387,gray,0,-0.5617526314119363,0.5220205316747579,-0.7541417406687341,-0.1677101701184421
98083316,47.8367921958,-122.1860600281,1265.9731086747952,2.25,Y,0.02341519131924614,gray,0,-0.2843261527803899,0.5220205316747579,-0.6731740064489679,-0.1677101701184421
98155372,48.4658359128,-123.3104603594,2121.60400390625,3.5,Y,0.1478732514987154,gray,0,-0.07264344851742327,0.7146140381923043,-0.08469950750065491,-0.1677101701184421
98167339,49.0952356721,-121.9541527818,1143.7652587890625,1.5,Y,0.312956204379562,gray,0,-0.3145603206793608,0.40646442776423,0.6958614930595133,-0.1677101701184421
98167347,49.0953690347,-121.9542153064,1143.7652587890625,1.5,Y,0.3094512195121951,gray,0,-0.3145603206793608,0.40646442776423,0.6792888885156944,-0.1677101701184421
98172320,45.515232,-122.6783853,3606.057528724891,2.25,Y,0,gray,0,0.29460969560998734,0.5220205316747579,-0.7838879526530346,-0.1677101701184421
98172397,48.4507366667,-123.368605,4161.07080078125,3.5,Y,0.004861309694023441,gray,0,0.4319197331337569,0.7146140381923043,-0.7609022433924388,-0.1677101701184421
98195715,47.8361739476,-122.1867493558,1276.4241342358127,2.25,Y,0.02146536920435031,gray,0,-0.28174057368850924,0.5220205316747579,-0.6823933417852818,-0.1677101701184421
98211489,50.7218080046,-113.9884702774,1241.394287109375,-12.5,Y,0.006031016657093622,melanic,1,-0.2904069423422928,-1.750582845232291,-0.755371523099864,-0.1677101701184421
98254593,47.5599568032,-122.2981478216,2221.9438285747806,3.25,Y,0.03433476394849785,gray,0,-0.047819420365236405,0.676095336888795,-0.6215430391780459,-0.1677101701184421
98260165,48.4741772348,-123.4010287307,1521.3551323971622,2.75,Y,0.01458810068649885,gray,0,-0.2211447532972914,0.5990579342817764,-0.714911100292362,-0.1677101701184421
98264753,47.3035836329,-122.516641336,2109.779541015625,2.75,Y,0.1876947040498442,gray,0,-0.07556881539593868,0.5990579342817764,0.10358809157993251,-0.1677101701184421
98271202,50.9003840799,-114.0775124601,2658.217389477626,-12.25,Y,0,gray,0,0.060114465244827484,-1.7120641439287816,-0.7838879526530346,-0.1677101701184421
98294055,47.8384429239,-122.1977785858,1322.0760498046875,2.25,Y,0.0040034315127251904,gray,0,-0.27044631000978836,0.5220205316747579,-0.7649585450266615,-0.1677101701184421
98299073,51.0944510074,-114.1585479284,2498.7841796875,-11.5,Y,0,gray,0,0.020670759803862387,-1.5965080400182536,-0.7838879526530346,-0.1677101701184421
98305632,47.65665717,-122.32956585,4166.9521484375,3.25,Y,0,gray,0,0.43337477593728835,0.676095336888795,-0.7838879526530346,-0.1677101701184421
98306077,47.6253131241,-122.3632107745,4712.541503906249,3.25,Y,0,gray,0,0.5683533406739817,0.676095336888795,-0.7838879526530346,-0.1677101701184421
98306679,47.65805447,-122.3294408,4166.9521484375,3.25,Y,0,gray,0,0.43337477593728835,0.676095336888795,-0.7838879526530346,-0.1677101701184421
98321259,37.4561869342,-122.1123492585,987.67218017578125,6,Y,0,melanic,1,-0.3531776791475272,1.0998010512273972,-0.7838879526530346,-0.1677101701184421
98322730,49.2029560542,-123.9798492253,1297.8957788757727,1.5,Y,0.027462686567164173,gray,0,-0.27642849832085825,0.40646442776423,-0.6540362524571445,-0.1677101701184421
98327400,44.7819781751,-123.2352559001,9.982380752423616,2.25,Y,0.01857142857142857,gray,0,-0.5950577022108242,0.5220205316747579,-0.696076748560938,-0.1677101701184421
98357053,37.7672770604,-122.4702550378,6888.411132812499,7.5,Y,0.12405578152237072,melanic,1,1.1066625225156899,1.3309132590484531,-0.19731554611104954,-0.1677101701184421
98392643,37.4149623517,-122.3131315716,58.62045720269517,5.5,Y,0.952544311034877,gray,0,-0.5830246636535182,1.0227636486203786,3.7200231267419164,-0.1677101701184421
98397736,48.4584542944,-123.2762497599,2121.60400390625,3.75,Y,0.2768942937324602,gray,0,-0.07264344851742327,0.7531327394958136,0.525350119440396,-0.1677101701184421
98420368,48.00425,-122.1180333333,912.2604718589574,2.25,Y,0.23114285714285715,gray,0,-0.371834502362492,0.5220205316747579,0.3090238028932134,-0.1677101701184421
98423774,37.2175251997,-121.8426563,1880.587249205584,5.5,Y,0.03175965665236052,gray,0,-0.13227088681126845,1.0227636486203786,-0.63371890768867,-0.1677101701184421
98431379,37.4517833333,-122.1561361667,3003.8194160001217,6,Y,0,melanic,1,0.14561625343499515,1.0998010512273972,-0.7838879526530346,-0.1677101701184421
98439216,47.69208,-122.1239471667,1338.381001467998,2.25,Y,0.03335233751425313,gray,0,-0.266412472194672,0.5220205316747579,-0.6261882417692809,-0.1677101701184421
98448063,49.2641802839,-121.9490488105,9.145021659981294,1,Y,0.633587786259542,gray,0,-0.5952648644791753,0.3294270251572114,2.211902392473689,-0.1677101701184421
98452538,49.1016727322,-122.8764258154,1751.68634843467,2,Y,0.1290045766590389,melanic,1,-0.16416091253285986,0.48350183037124855,-0.17391617981649873,-0.1677101701184421
98518612,47.6804366667,-122.345755,3681.638744774123,3.25,Y,0.004449838187702252,gray,0,0.3133084549628237,0.676095336888795,-0.7628478023073431,-0.1677101701184421
98532654,49.2098377105,-123.9719280282,1146.80759408177,1.5,Y,0.22422422422422422,gray,0,-0.3138076482763139,0.40646442776423,0.2763104612717163,-0.1677101701184421
98535570,49.2053729348,-123.9808429955,1222.3519856055163,1.5,Y,0.03354725787631272,melanic,1,-0.29511799929476196,0.40646442776423,-0.6252666006780374,-0.1677101701184421
98536966,47.7374283333,-121.981955,189.64927064216607,2.25,Y,0.0818952910207663,gray,0,-0.5506081932808209,0.5220205316747579,-0.3966628080527033,-0.1677101701184421
98545764,37.5816031489,-122.3858135314,2043.0989990234375,6.5,Y,0.027690550956323154,gray,0,-0.09206555193185854,1.1768384538344159,-0.6529588422673573,-0.1677101701184421
98549189,48.4634050465,-123.3116935194,2121.60400390625,3.5,Y,0.14510139960011426,gray,0,-0.07264344851742327,0.7146140381923043,-0.09780564265040814,-0.1677101701184421
98554538,49.2900238037,-123.1397857666,6237.011479274565,2.5,Y,0.08408748114630467,gray,0,0.9455065369320123,0.5605392329782671,-0.3862974851168856,-0.1677101701184421
98566622,47.6678083333,-117.4004883333,1730.682690542866,-2,Y,0,gray,0,-0.16935720818642966,-0.13279739048490022,-0.7838879526530346,-0.1677101701184421
98572488,51.0434083333,-114.016225,515.2209408304781,-11.5,Y,0.006058673469387752,melanic,1,-0.4700619063702369,-1.5965080400182536,-0.7552407535158464,-0.1677101701184421
98582654,50.9149313,-114.1048271,2988.604323052438,-12.5,Y,0.00998858447488584,melanic,1,0.1418520461830973,-1.750582845232291,-0.7366589725806697,-0.1677101701184421
98584519,47.07765191,-122.7111307111,535.97637939453125,2.25,Y,0.016572950577093813,gray,0,-0.4649270200683413,0.5220205316747579,-0.7055261432781584,-0.1677101701184421
98608580,45.5074621361,-122.7853203703,1708.776302288392,2.25,Y,0.04540262707024557,gray,0,-0.17477683893163223,0.5220205316747579,-0.569210910623198,-0.1677101701184421
98609829,51.0408583333,-114.0245888889,468.71281874791606,-11.5,Y,0.006758931445123905,melanic,1,-0.48156799516097154,-1.5965080400182536,-0.7519297268068357,-0.1677101701184421
98619923,49.2033354986,-123.9707121939,1338.5716577561038,1.5,Y,0.014250814332247551,gray,0,-0.26636530391349383,0.40646442776423,-0.716505889878781,-0.1677101701184421
98622479,49.1273132838,-123.1774302499,4514.5361328125,2.5,Y,0.015030060120240472,gray,0,0.519366899621758,0.5605392329782671,-0.7128213854442313,-0.1677101701184421
98622603,49.1271199615,-123.1772349286,4514.5361328125,2.5,Y,0.0152232746955345,melanic,1,0.519366899621758,0.5605392329782671,-0.7119078098170546,-0.1677101701184421
98622619,49.1270242971,-123.1771534761,4514.5361328125,2.5,Y,0.015259409969481172,melanic,1,0.519366899621758,0.5605392329782671,-0.7117369515600686,-0.1677101701184421
98623330,49.1269952935,-123.1769589207,4514.5361328125,2.5,Y,0.015300918055083296,melanic,1,0.519366899621758,0.5605392329782671,-0.7115406890613457,-0.1677101701184421
98623538,49.1271213599,-123.1772946099,4514.5361328125,2.5,Y,0.015426808364758307,gray,0,0.519366899621758,0.5605392329782671,-0.7109454424634024,-0.1677101701184421
98623595,49.1265609402,-123.177116445,4514.5361328125,2.5,Y,0.015772870662460563,gray,0,0.519366899621758,0.5605392329782671,-0.7093091576221349,-0.1677101701184421
98623973,49.1272787653,-123.1777152671,4514.5361328125,2.5,Y,0.015353121801432952,gray,0,0.519366899621758,0.5605392329782671,-0.7112938543169183,-0.1677101701184421
98624480,51.0775449168,-114.1312799603,2268.6063965390313,-11.5,Y,0,gray,0,-0.036275121731822665,-1.5965080400182536,-0.7838879526530346,-0.1677101701184421
98625000,49.1273037141,-123.1775437993,4514.5361328125,2.5,Y,0.01507032819825853,melanic,1,0.519366899621758,0.5605392329782671,-0.7126309860679183,-0.1677101701184421
98625063,49.12670765,-123.17728359,4514.5361328125,2.5,Y,0.015673981191222566,gray,0,0.519366899621758,0.5605392329782671,-0.7097767362743661,-0.1677101701184421
98625071,49.1269623868,-123.1775068406,4514.5361328125,2.5,Y,0.01531654186521443,gray,0,0.519366899621758,0.5605392329782671,-0.7114668150685699,-0.1677101701184421
98625117,49.1273306107,-123.1775260594,4514.5361328125,2.5,Y,0.015090543259557339,gray,0,0.519366899621758,0.5605392329782671,-0.7125354032824253,-0.1677101701184421
98625122,49.12664352,-123.17717454,4514.5361328125,2.5,Y,0.015789473684210527,gray,0,0.519366899621758,0.5605392329782671,-0.7092306536273655,-0.1677101701184421
98625127,49.1265501462,-123.1762360316,4514.5361328125,2.5,Y,0.01558171745152354,melanic,1,0.519366899621758,0.5605392329782671,-0.7102129865092822,-0.1677101701184421
98625130,49.1270439255,-123.1774459197,4514.5361328125,2.5,Y,0.0152232746955345,melanic,1,0.519366899621758,0.5605392329782671,-0.7119078098170546,-0.1677101701184421
98625485,49.1269695,-123.1757883333,4514.5361328125,2.5,Y,0.015060240963855422,melanic,1,0.519366899621758,0.5605392329782671,-0.7126786814940128,-0.1677101701184421
98635658,45.450145,-122.8105033333,2799.825439453125,2.5,Y,0,gray,0,0.0951482340477997,0.5605392329782671,-0.7838879526530346,-0.1677101701184421
98639575,47.7141297845,-122.3446594181,2083.12902403998,3.25,Y,0,gray,0,-0.08216214148415177,0.676095336888795,-0.7838879526530346,-0.1677101701184421
98647400,37.5093921433,-122.4827652772,338.76199340820307,6.75,Y,0.05668515095502156,gray,0,-0.5137177717555552,1.2153571551379252,-0.5158638025259661,-0.1677101701184421
98668600,51.0268282395,-114.0096053718,464.8547973632813,-11.5,Y,0.011904761904761904,gray,0,-0.48252246794164755,-1.5965080400182536,-0.7275987192606651,-0.1677101701184421
98671543,49.3129159573,-123.0755089158,5282.3754134943965,2,Y,0,gray,0,0.7093299973545801,0.48350183037124855,-0.7838879526530346,-0.1677101701184421
98676101,47.8393200466,-122.1835843492,1223.3561877039992,2.25,Y,0.05661995996568487,gray,0,-0.2948695601406616,0.5220205316747579,-0.5161720447943298,-0.1677101701184421
98681251,37.3382082,-121.8863286,4153.3379040074415,6.25,Y,0,gray,0,0.4300066178991518,1.1383197525309066,-0.7838879526530346,-0.1677101701184421
98718582,33.5650450488,-101.9401239976,1501.7432320133537,-1,Y,0,gray,0,-0.22599672876021282,0.02127741472913699,-0.7838879526530346,-0.1677101701184421
98752901,47.68455,-122.3822633333,3477.8010253906255,3.25,Y,0,gray,0,0.2628790935286245,0.676095336888795,-0.7838879526530346,-0.1677101701184421
98758707,49.0236900026,-123.0682848147,1509.1932373046875,2.5,Y,0.02182653647329121,melanic,1,-0.22415360075299381,0.5605392329782671,-0.6806856361748934,-0.1677101701184421
98759958,36.979257185,-121.945622275,1392.234375,5.25,Y,0.02037947997189037,gray,0,-0.25308917145077575,0.9842449473168694,-0.6875277470705944,-0.1677101701184421
98760413,49.0956378835,-121.9534830037,1143.7652587890625,1.5,Y,0.3187081048141377,gray,0,-0.3145603206793608,0.40646442776423,0.7230581786044794,-0.1677101701184421
98763592,37.3503147845,-122.1615787085,73.676300048828125,5.25,Y,0.7273765343990866,gray,0,-0.5792998548061641,0.9842449473168694,2.655363318096508,-0.1677101701184421
98804849,48.7296081613,-122.485585548,2256.623046875,1.5,Y,0.192175899486008,melanic,1,-0.03923979712765986,0.40646442776423,0.1247765082657083,-0.1677101701184421
98818208,48.7545039003,-122.4927213462,2256.623046875,1.5,Y,0,gray,0,-0.03923979712765986,0.40646442776423,-0.7838879526530346,-0.1677101701184421
98831051,37.3206982309,-121.9033879764,3701.1293945312505,6.25,Y,0,melanic,1,0.3181304330744427,1.1383197525309066,-0.7838879526530346,-0.1677101701184421
98832394,36.620030754,-121.9287239364,1066.3115234375,6.75,Y,0.0629650829994276,melanic,1,-0.33372234047768956,1.2153571551379252,-0.4861704274409595,-0.1677101701184421
98839722,50.990533,-114.1314955,898.9730458068898,-12,Y,0.028663706096083968,melanic,1,-0.3751218056787602,-1.6735454426252723,-0.648357477097083,-0.1677101701184421
98886612,37.3726431,-122.21427835,128.2280212759239,5.25,Y,0.19662278191184887,gray,0,-0.5658037831520107,0.9842449473168694,0.14580268289558132,-0.1677101701184421
98893009,48.4394533333,-123.3618383333,4161.07080078125,3.5,Y,0.00371959942775393,gray,0,0.4319197331337569,0.7146140381923043,-0.7663005870265774,-0.1677101701184421
98894494,36.96655,-122.0327528333,933.5446933209374,5.5,Y,0,gray,0,-0.36656879540600695,1.0227636486203786,-0.7838879526530346,-0.1677101701184421
98894594,36.9638783333,-122.0315778333,935.2227712688906,5.5,Y,0,gray,0,-0.3661536396654108,1.0227636486203786,-0.7838879526530346,-0.1677101701184421
98898431,51.0360299997,-114.0723121,2878.7983801586142,-11.25,Y,0.003723861357777137,gray,0,0.11468610457737513,-1.5579893387147443,-0.7662804353615801,-0.1677101701184421
98920189,47.839156894,-122.1836218128,1224.7153363522193,2.25,Y,0.05848787446504993,gray,0,-0.29453330736746935,0.5220205316747579,-0.5073399928765425,-0.1677101701184421
98942844,51.0879107778,-114.0792070121,1437.8367775604934,-11.5,Y,0,gray,0,-0.24180715726838417,-1.5965080400182536,-0.7838879526530346,-0.1677101701184421
98942845,51.0879107778,-114.0792070121,1437.8367775604934,-11.5,Y,0,melanic,1,-0.24180715726838417,-1.5965080400182536,-0.7838879526530346,-0.1677101701184421
98951344,37.2647202673,-121.9537993893,2248.4832155556437,6,Y,0,gray,0,-0.041253587788479366,1.0998010512273972,-0.7838879526530346,-0.1677101701184421
98989196,45.3584055556,-122.6545194444,1191.0648193359375,2.5,Y,0.19834238353815375,gray,0,-0.30285843036332216,0.5605392329782671,0.15393346770751914,-0.1677101701184421
98996822,37.2832161662,-121.9170510417,3227.8012663490153,6,Y,0,gray,0,0.20102926394211493,1.0998010512273972,-0.7838879526530346,-0.1677101701184421
99000164,47.7408847508,-122.100581266,655.92572021484375,2.25,Y,0.2540725921691912,gray,0,-0.4352516063111797,0.5220205316747579,0.41744236824110414,-0.1677101701184421
99004470,37.770705,-122.4778133333,6888.4111328125,7.5,Y,0.17095265926358855,gray,0,1.1066625225156899,1.3309132590484531,0.024426754799052392,-0.1677101701184421
99016509,37.2561417,-121.9617635997,1508.0578008199088,6,Y,0,gray,0,-0.2244345072361004,1.0998010512273972,-0.7838879526530346,-0.1677101701184421
99025065,37.3390616667,-122.0898221667,1162.7118835794308,5.5,Y,0.10351730054332284,gray,0,-0.30987293410340505,1.0227636486203786,-0.2944275554568166,-0.1677101701184421
99027265,37.260074,-121.95855,1846.388804174139,6,Y,0,gray,0,-0.14073156695522981,1.0998010512273972,-0.7838879526530346,-0.1677101701184421
99032885,33.5974061129,-101.8379505225,731.19976806640625,-1,Y,0,gray,0,-0.4166288402343092,0.02127741472913699,-0.7838879526530346,-0.1677101701184421
99036034,33.5541512546,-101.8653822742,1975.2726043753837,-0.75,Y,0,gray,0,-0.10884577190699557,0.05979611603264629,-0.7838879526530346,-0.1677101701184421
99041917,44.5691065514,-123.2645526099,453.3845693550283,2.5,Y,0,gray,0,-0.4853601972672617,0.5605392329782671,-0.7838879526530346,-0.1677101701184421
99049339,47.8363287853,-122.1869156528,1277.4580775659226,2.25,Y,0.02085118537560697,gray,0,-0.28148477656688575,0.5220205316747579,-0.6852973844833659,-0.1677101701184421
99102058,37.291274,-121.9585,2638.1556861501704,6,Y,0,gray,0,0.05515120873300131,1.0998010512273972,-0.7838879526530346,-0.1677101701184421
99102617,37.2929019722,-121.958663,2704.227790500692,6,Y,0,melanic,1,0.07149741806603384,1.0998010512273972,-0.7838879526530346,-0.1677101701184421
99147884,36.9581586173,-122.0602204145,868.1800875805828,5.5,Y,0.07698961937716263,gray,0,-0.3827399698964488,1.0227636486203786,-0.4198582737245268,-0.1677101701184421
99153187,37.253191,-121.8686459722,2976.0100106143263,6,Y,0,gray,0,0.13873621886773255,1.0998010512273972,-0.7838879526530346,-0.1677101701184421
99153819,37.2531441,-121.8685487,2976.456747373782,6,Y,0,gray,0,0.13884674134402727,1.0998010512273972,-0.7838879526530346,-0.1677101701184421
99170491,37.7709812457,-122.4616218083,6888.4111328125,7.5,Y,0.09695926563396444,gray,0,1.1066625225156899,1.3309132590484531,-0.3254358830959039,-0.1677101701184421
99237642,49.2158901503,-122.9099236039,3332.2152938996433,2,Y,0.04503990877993159,gray,0,0.22686124808163793,0.48350183037124855,-0.5709259499211278,-0.1677101701184421
99254651,47.619575,-122.3423916667,4712.54150390625,3.25,Y,0,gray,0,0.5683533406739819,0.676095336888795,-0.7838879526530346,-0.1677101701184421
99292558,37.664425,-122.463805,3069.687942669557,7.25,Y,0.00400228702115494,gray,0,0.16191209773995285,1.2923945577449438,-0.764963956521123,-0.1677101701184421
99306529,49.0495112446,-122.8576541882,1374.85302734375,1.5,Y,0.38612412177985944,melanic,1,-0.25738930915748454,0.40646442776423,1.041821035327346,-0.1677101701184421
99356377,51.0173893875,-114.069841303,2873.74853515625,-11.25,Y,0.001437194596148312,gray,0,0.11343677516189146,-1.5579893387147443,-0.7770924717605957,-0.1677101701184421
99356391,51.0173893875,-114.069841303,2873.74853515625,-11.25,Y,0.0014388489208633005,gray,0,0.11343677516189146,-1.5579893387147443,-0.7770846496243166,-0.1677101701184421
99367847,49.2645440787,-123.2036029729,4250.359419559654,2.5,Y,0.06438631790744466,melanic,1,0.45400969784664275,0.5605392329782671,-0.4794504086717681,-0.1677101701184421
99431575,47.4980003953,-122.2142074834,1699.912209912459,2.25,Y,0,gray,0,-0.17696981145685484,0.5220205316747579,-0.7838879526530346,-0.1677101701184421
99468912,49.2411488715,-123.0447010897,6845.246582031249,2,Y,0.00142938822184105,melanic,1,1.0959836317830225,0.48350183037124855,-0.7771293826059233,-0.1677101701184421
99470440,49.2029165495,-123.9755436109,1323.3564481167823,1.5,Y,0.02311557788944723,gray,0,-0.2701295400348512,0.40646442776423,-0.6745906673122727,-0.1677101701184421
99471685,47.26037,-122.4861366667,2646.134033203125,2.25,Y,0,gray,0,0.057125048257883185,0.5220205316747579,-0.7838879526530346,-0.1677101701184421
99508587,45.4869283,-122.804032,2799.825439453125,3.25,Y,0,gray,0,0.0951482340477997,0.676095336888795,-0.7838879526530346,-0.1677101701184421
99511955,37.535903686,-122.3036083102,2219.7194582085267,6.25,Y,0,melanic,1,-0.048369728608002295,1.1383197525309066,-0.7838879526530346,-0.1677101701184421
99581770,49.1010277778,-122.8123638889,1086.2501429075855,1.5,Y,0.019568345323741004,melanic,1,-0.32878953485762574,0.40646442776423,-0.6913630314624691,-0.1677101701184421
99584115,47.7292807,-122.15081001,475.36914062500006,2.25,Y,0.21990277380611953,gray,0,-0.47992122407867593,0.5220205316747579,0.2558773662527435,-0.1677101701184421
99584987,47.7293377088,-122.1504037509,475.369140625,2.25,Y,0.22203196347031967,gray,0,-0.47992122407867593,0.5220205316747579,0.2659448043841052,-0.1677101701184421
99597420,48.7352305556,-122.4892638889,2256.623046875,1.5,Y,0.2619047619047619,gray,0,-0.03923979712765986,0.40646442776423,0.4544751819790964,-0.1677101701184421
99603098,49.17615,-123.9627305556,1444.4795026579304,1.5,Y,0.1232598607888631,melanic,1,-0.24016375002334708,0.40646442776423,-0.20107889461718942,-0.1677101701184421
99606813,45.4483452123,-122.8104415184,2799.825439453125,2.5,Y,0,gray,0,0.0951482340477997,0.5605392329782671,-0.7838879526530346,-0.1677101701184421
99612118,44.570008462,-123.2640805618,411.1170539729848,2.5,Y,0,gray,0,-0.49581716183973334,0.5605392329782671,-0.7838879526530346,-0.1677101701184421
99636148,51.0418700704,-114.0147551187,467.16060893529914,-11.5,Y,0.003541532517707657,melanic,1,-0.4819520111806706,-1.5965080400182536,-0.7671425400147378,-0.1677101701184421
99637342,50.9851029338,-114.0157642588,1793.2838134765625,-11.5,Y,0.002130898021308976,gray,0,-0.15386971811757394,-1.5965080400182536,-0.7738124369042634,-0.1677101701184421
99666310,37.7626533333,-122.3982083333,5956.302265380363,7.25,Y,0,gray,0,0.8760592018254622,1.2923945577449438,-0.7838879526530346,-0.1677101701184421
99668522,47.6985783333,-122.1241528333,1349.008637101671,2.25,Y,0.06716204629894255,gray,0,-0.2637831998490903,0.5220205316747579,-0.4663259443176886,-0.1677101701184421
99724910,47.2602833333,-122.4860616667,2646.134033203125,2.25,Y,0,gray,0,0.057125048257883185,0.5220205316747579,-0.7838879526530346,-0.1677101701184421
99745974,49.251197254,-123.1818619791,4621.809120186146,2.5,Y,0.01827005423922352,melanic,1,0.5459061891543991,0.5605392329782671,-0.6975017354913506,-0.1677101701184421
99746029,49.2512493644,-123.1819468541,4623.27413186424,2.5,Y,0.020559680182752713,gray,0,0.5462686323942635,0.5605392329782671,-0.6866757072055614,-0.1677101701184421
99747348,44.5689191612,-123.2643387701,438.79039601341935,2.5,Y,0,gray,0,-0.48897078928380944,0.5605392329782671,-0.7838879526530346,-0.1677101701184421
99751003,37.4755696061,-122.1725366878,2118.804931640625,6.25,Y,0,melanic,1,-0.07333593775538456,1.1383197525309066,-0.7838879526530346,-0.1677101701184421
99757034,37.2409866667,-121.9709016667,1096.8614501953125,5.25,Y,0.004888481515429269,gray,0,-0.32616430213759434,0.9842449473168694,-0.7607737669887068,-0.1677101701184421
99760244,49.1701922,-122.7984383997,3724.5810850313865,1.5,Y,0,melanic,1,0.32393237091034105,0.40646442776423,-0.7838879526530346,-0.1677101701184421
99786385,36.9790203059,-121.9449830232,1392.2343750000002,5.25,Y,0.020058351568198393,gray,0,-0.2530891714507757,0.9842449473168694,-0.6890461370903987,-0.1677101701184421
99801066,47.6169554317,-122.3115331824,5929.86572265625,3.25,Y,0,gray,0,0.8695188128722444,0.676095336888795,-0.7838879526530346,-0.1677101701184421
99801356,49.2065421318,-123.9772616244,1209.5237687779795,1.5,Y,0.06330669944683466,melanic,1,-0.29829169445240367,0.40646442776423,-0.484555163894103,-0.1677101701184421
99828871,36.9650033333,-122.0333111667,893.4858172931439,5.5,Y,0,gray,0,-0.3764793435811104,1.0227636486203786,-0.7838879526530346,-0.1677101701184421
99829241,37.766023229300004,-122.469906199,6888.4111328125,7.5,Y,0.11559686320069708,gray,0,1.1066625225156899,1.3309132590484531,-0.23731181243412658,-0.1677101701184421
99829479,36.9653333333,-122.0307083333,1009.435525107122,5.5,Y,0,gray,0,-0.34779343725707074,1.0227636486203786,-0.7838879526530346,-0.1677101701184421
99831252,48.0283089708,-122.7746132686,148.00217716614526,2.75,Y,0.11441647597254004,gray,0,-0.5609116657487146,0.5990579342817764,-0.2428930321771713,-0.1677101701184421
99831326,49.2928883333,-123.1459721667,4273.975691919398,2.5,Y,0.3290378006872852,melanic,1,0.45985235316166495,0.5605392329782671,0.7719000342020464,-0.1677101701184421
99833990,37.7689458686,-122.4741116736,6888.4111328125,7.5,Y,0.14144065325167687,gray,0,1.1066625225156899,1.3309132590484531,-0.1151147335205945,-0.1677101701184421
99833991,37.7689458686,-122.4741116736,6888.4111328125,7.5,Y,0.13952130764740223,gray,0,1.1066625225156899,1.3309132590484531,-0.12418996690568378,-0.1677101701184421
99880974,48.9706641602,-123.7958598235,575.60003662109375,0.5,Y,0.224428624953166,gray,0,-0.45512414483177255,0.25238962255019276,0.2772769283400222,-0.1677101701184421
99880975,48.9706641602,-123.7958598235,575.60003662109375,0.5,Y,0.21929163526752074,gray,0,-0.45512414483177255,0.25238962255019276,0.25298772258666574,-0.1677101701184421
99897156,51.2793537496,-114.0109231784,1742.2593994140625,-12,Y,0.002,melanic,1,-0.1664931355425158,-1.6735454426252723,-0.7744313614431164,-0.1677101701184421
99904047,45.20148,-123.1995616667,497.4198847329848,2.25,Y,0.01055634807417974,gray,0,-0.47446587975929366,0.5220205316747579,-0.7339744184494726,-0.1677101701184421
99916595,36.9669932666,-122.0234875381,1537.314709538482,5.5,Y,0,melanic,1,-0.21719636098584486,1.0227636486203786,-0.7838879526530346,-0.1677101701184421
99927768,47.64353,-122.1048138333,1409.439610166871,2.25,Y,0.020461471484545055,gray,0,-0.2488326038958859,0.5220205316747579,-0.6871400669616654,-0.1677101701184421
99932681,49.294350141,-123.142752586,3893.9445777226233,2.5,Y,0.3560993425858291,gray,0,0.36583282393992,0.5605392329782671,0.8998550038243466,-0.1677101701184421
99939424,37.455627679,-122.2949463052,22.74580764770508,5.5,Y,0.7202517162471396,gray,0,-0.5919000360537074,1.0227636486203786,2.621675071742525,-0.1677101701184421
99939574,37.527086563,-122.2587857711,2352.2392578125,6.25,Y,0,gray,0,-0.015584388919015072,1.1383197525309066,-0.7838879526530346,-0.1677101701184421
99955217,37.8751926203,-122.4963007471,900.81427001953125,6.5,Y,0,gray,0,-0.37466628762458687,1.1768384538344159,-0.7838879526530346,-0.1677101701184421
99956659,51.077590837,-114.1406951845,2367.9321037612954,-11.5,Y,0.00428449014567266,gray,0,-0.011701985786383281,-1.5965080400182536,-0.7636296167277602,-0.1677101701184421
99981249,37.282875061,-121.9174957275,3195.8018469563276,6,Y,0,gray,0,0.19311262176656957,1.0998010512273972,-0.7838879526530346,-0.1677101701184421
99988209,47.6875414211,-122.4038025165,3477.8010253906245,3.25,Y,0.12542372881355932,gray,0,0.26287909352862426,0.676095336888795,-0.19084748694630688,-0.1677101701184421
99992096,51.0780852911,-114.1267751193,2211.9670680938953,-11.5,Y,0,melanic,1,-0.050287666486487574,-1.5965080400182536,-0.7838879526530346,-0.1677101701184421
100002763,45.3723166667,-122.6006433333,1938.0191650390625,3.25,Y,0.01907630522088353,gray,0,-0.11806225628800386,0.676095336888795,-0.6936895425182737,-0.1677101701184421
100013282,44.5703516124,-123.2617856936,251.6668089483583,2.5,Y,0,gray,0,-0.5352650817901639,0.5605392329782671,-0.7838879526530346,-0.1677101701184421
100020769,49.2676293909,-123.2516240933,1884.2208251953125,3,Y,0.12547528517110265,gray,0,-0.1313719417218176,0.6375766355852857,-0.19060371324752703,-0.1677101701184421
100023469,37.5342515406,-122.3057441873,2159.839533839421,6.25,Y,0.0048654836863194,melanic,1,-0.06318399535801877,1.1383197525309066,-0.7608825075230107,-0.1677101701184421
100024464,51.0794138333,-114.1347805,2281.2029289646116,-11.5,Y,0.0017118402282453604,gray,0,-0.03315874519254203,-1.5965080400182536,-0.77579386602543,-0.1677101701184421
100024548,51.0779583333,-114.1307666667,2250.7925923351827,-11.5,Y,0,gray,0,-0.04068224899674175,-1.5965080400182536,-0.7838879526530346,-0.1677101701184421
100076468,47.3379611111,-122.1234472222,306.6366984169184,1.25,Y,0.29048843187660667,gray,0,-0.5216655554984051,0.36794572646072066,0.5896272230805698,-0.1677101701184421
100083352,49.2117256,-122.9656233,3855.7104433753457,2,Y,0.1369745496139548,melanic,1,0.35637371604784707,0.48350183037124855,-0.13623179172212735,-0.1677101701184421
100093480,49.3025471383,-123.0038825417,1431.4222412109375,2,Y,0.13863995782814972,melanic,1,-0.24339411071832917,0.48350183037124855,-0.12835724938248683,-0.1677101701184421
100093485,49.3038837517,-123.0063315383,1431.4222412109375,2,Y,0.1513722126929674,melanic,1,-0.24339411071832917,0.48350183037124855,-0.06815538466395094,-0.1677101701184421
100097403,37.721159388,-122.4242997542,4380.667106278418,7.25,Y,0.05853797829811536,gray,0,0.4862477617882419,1.2923945577449438,-0.5071030871428678,-0.1677101701184421
100137090,50.9003556195,-114.0776562319,2666.877884424713,-12.25,Y,0,gray,0,0.062257067856388425,-1.7120641439287816,-0.7838879526530346,-0.1677101701184421
100177649,48.4631400992,-123.3112618352,2121.60400390625,3.5,Y,0.14612525021446954,gray,0,-0.07264344851742327,0.7146140381923043,-0.09296457429041745,-0.1677101701184421
100196741,45.7593217022,-122.8634006802,206.48789978027344,2,Y,0.004311583788444954,gray,0,-0.5464423238949666,0.48350183037124855,-0.7635015099757176,-0.1677101701184421
100196756,45.7593920972,-122.8637686129,206.4878997802734,2,Y,0.0043153049482163395,gray,0,-0.5464423238949666,0.48350183037124855,-0.7634839152323253,-0.1677101701184421
100207080,49.3238558138,-123.1525214826,1903.6448843834287,2.5,Y,0.0638169777242625,melanic,1,-0.1265664380874589,0.5605392329782671,-0.4821424173576349,-0.1677101701184421
100210461,37.39715495,-122.0238425,2185.1532987139763,6.5,Y,0,gray,0,-0.05692138114716422,1.1768384538344159,-0.7838879526530346,-0.1677101701184421
100218392,37.2432526403,-121.9677219036,1096.8189194952115,5.25,Y,0.004886988393402564,gray,0,-0.32617482421394967,0.9842449473168694,-0.7607808269110233,-0.1677101701184421
100249308,50.9372232295,-114.1051184291,2719.1259765625,-12,Y,0.07632263660017345,melanic,1,0.07518322269481972,-1.6735454426252723,-0.42301196545754804,-0.1677101701184421
100257249,37.2866883333,-121.876105,3671.6973918189096,6,Y,0,gray,0,0.3108489686477311,1.0998010512273972,-0.7838879526530346,-0.1677101701184421
100259666,37.39715495,-122.0238425,2185.1532987139763,6.5,Y,0,gray,0,-0.05692138114716422,1.1768384538344159,-0.7838879526530346,-0.1677101701184421
100262743,37.3601548051,-121.8516508626,4360.759274889844,6.25,Y,0,melanic,1,0.48132257312589877,1.1383197525309066,-0.7838879526530346,-0.1677101701184421
100273911,45.5249686389,-123.1011153719,1153.9951812063568,2.25,Y,0.0037174721189591003,gray,0,-0.3120294424072439,0.5220205316747579,-0.7663106455714025,-0.1677101701184421
100285215,49.306006579,-123.1375200547,2089.77685546875,2.5,Y,0.7455845248107653,melanic,1,-0.080517470935006,0.5605392329782671,2.7414560791351854,-0.1677101701184421
100287412,44.5907988835,-123.2676195652,735.534798656257,2.5,Y,0.04801371820520148,gray,0,-0.41555635558767423,0.5605392329782671,-0.5568648998856384,-0.1677101701184421
100297554,47.767145,-122.3035966667,2023.2685546875,3.25,Y,0.05252640593776762,gray,0,-0.09697159507167756,0.676095336888795,-0.5355275783131933,-0.1677101701184421
100324388,37.2479517568,-121.9364721602,1092.140380859375,5.25,Y,0,gray,0,-0.32733229259891805,0.9842449473168694,-0.7838879526530346,-0.1677101701184421
100324622,37.2479517568,-121.9364721602,1092.140380859375,5.25,Y,0,gray,0,-0.32733229259891805,0.9842449473168694,-0.7838879526530346,-0.1677101701184421
100328210,49.2972457027,-123.136034274,3218.9731305197993,2.5,Y,0.3971119133574007,gray,0,0.19884518705061402,0.5605392329782671,1.0937745619516404,-0.1677101701184421
100331524,49.2030684343,-123.970613037,1346.2003746756998,1.5,Y,0.01349141455437449,gray,0,-0.26447796272864815,0.40646442776423,-0.7200965565109051,-0.1677101701184421
100332381,47.7032572344,-117.4026616663,1492.9211276879332,-2,Y,0,gray,0,-0.22817931346034787,-0.13279739048490022,-0.7838879526530346,-0.1677101701184421
100339531,37.3379866667,-122.0892195,1195.5490147078654,5.5,Y,0.12575021434695627,gray,0,-0.30174904241571143,1.0227636486203786,-0.18930376683366335,-0.1677101701184421
100339812,37.3379783333,-122.0888055,1247.691633160445,5.5,Y,0.11880904666475808,gray,0,-0.28884898172025425,1.0227636486203786,-0.2221236594786848,-0.1677101701184421
100340925,48.4830555556,-123.3302777778,2328.4746342704475,3.5,Y,0.026895565092989984,gray,0,-0.021463746250790977,0.7146140381923043,-0.6567177704309601,-0.1677101701184421
100343474,48.4138888889,-123.3622222222,4161.07080078125,3.5,Y,0.040287320424734534,melanic,1,0.4319197331337569,0.7146140381923043,-0.5933975925531855,-0.1677101701184421
100344235,37.5809265096,-122.321574837,2417.1139472489704,6.75,Y,0.004287901990811629,gray,0,4.655804949777669e-4,1.2153571551379252,-0.7636134845153848,-0.1677101701184421
100345332,37.9616783333,-122.0041888833,1738.9876708984375,5.75,Y,0,gray,0,-0.16730255972724492,1.061282349923888,-0.7838879526530346,-0.1677101701184421
100346244,49.3008880615,-123.1349411011,2155.978114688957,2.5,Y,0.5620741862225586,melanic,1,-0.0641393087444551,0.5605392329782671,1.873764951724021,-0.1677101701184421
100349485,49.1723155,-123.9696919,1427.9239281634534,1.5,Y,0.13024475524475523,melanic,1,-0.24425959181581752,0.40646442776423,-0.16805224886029183,-0.1677101701184421
100357826,37.4276716667,-122.1706616667,2263.28651815206,6,Y,0,melanic,1,-0.03759125728697876,1.0998010512273972,-0.7838879526530346,-0.1677101701184421
100366784,49.30048,-123.1336888333,2292.2144640200654,2.5,Y,0.5056574326960593,melanic,1,-0.03043449630015675,0.5605392329782671,1.607009863978617,-0.1677101701184421
100377818,49.3036,-123.1420944444,2089.77685546875,2.5,Y,0.7473015873015872,gray,0,-0.080517470935006,0.5605392329782671,2.7495748581639785,-0.1677101701184421
100380104,47.8361393175,-122.1863067913,1271.8470345035469,2.25,Y,0.02318259874069834,gray,0,-0.28287294613369224,0.5220205316747579,-0.6742737729158615,-0.1677101701184421
100380315,47.836792365,-122.186046617,1265.8229615864586,2.25,Y,0.022824536376604854,gray,0,-0.2843632991034989,0.5220205316747579,-0.6759667976183059,-0.1677101701184421
100424627,49.2028628052,-123.972375789,1342.1768427008392,1.5,Y,0.01793051923795293,gray,0,-0.26547338275599136,0.40646442776423,-0.699107157345588,-0.1677101701184421
100444445,48.0283568878,-122.7746043239,147.61292783985948,2.75,Y,0.11181012296253932,gray,0,-0.5610079658595217,0.5990579342817764,-0.25521663965932945,-0.1677101701184421
100449983,49.0191889456,-123.0850869442,1509.1932373046873,2.5,Y,0.033987694110753,gray,0,-0.22415360075299387,0.5605392329782671,-0.6231840879664687,-0.1677101701184421
100450856,45.4819729514,-122.653138116,2371.7600326203133,3.25,Y,0.008518518518518507,gray,0,-0.010754957883207851,0.676095336888795,-0.7436098789811613,-0.1677101701184421
100471851,49.3017393532,-123.1327283382,2099.5704496389685,2.5,Y,0.5315904139433552,melanic,1,-0.07809454007783413,0.5605392329782671,1.7296286652336912,-0.1677101701184421
100533248,48.43759167,-123.35820833,4161.070800781251,3.5,Y,2.8546959748786756e-4,gray,0,0.43191973313375714,0.7146140381923043,-0.7825381680098832,-0.1677101701184421
100537706,37.3946056447,-122.1046383429,2330.268929339378,6,Y,0,gray,0,-0.021019838445972727,1.0998010512273972,-0.7838879526530346,-0.1677101701184421
100541378,37.7687690922,-122.4750951566,6888.411132812499,7.5,Y,0.14189584552369808,gray,0,1.1066625225156899,1.3309132590484531,-0.11296244990138532,-0.1677101701184421
100569974,37.2935027778,-121.9329611111,2629.2053469954544,6,Y,0,gray,0,0.0529368987929325,1.0998010512273972,-0.7838879526530346,-0.1677101701184421
100596315,37.410835,-122.2609216667,564.0933995898531,5.5,Y,0.5629290617848971,gray,0,-0.45797088173353734,1.0227636486203786,1.8778070560882132,-0.1677101701184421
100596342,37.410835,-122.2609216667,564.0933995898531,5.5,Y,0.563448868519049,gray,0,-0.45797088173353734,1.0227636486203786,1.8802648559847315,-0.1677101701184421
100604599,49.2882171793,-122.8430624715,2003.0956427345393,2,Y,0.2991566799822459,gray,0,-0.10196236454816579,0.48350183037124855,0.6306132625011582,-0.1677101701184421
100615629,37.5872675285,-122.3191011697,2883.3969207104165,6.75,Y,0.021849593495934946,gray,0,0.11582378147180879,1.2153571551379252,-0.6805766157560637,-0.1677101701184421
100622805,45.7923328901,-122.4097782926,63.90775399195976,1,Y,0.6063374250642306,gray,0,-0.5817165887711944,0.3294270251572114,2.0830546294003516,-0.1677101701184421
100623449,37.4104262,-122.261711,536.4878580598089,5.5,Y,0.5944938342414684,gray,0,-0.46480048047324,1.0227636486203786,2.0270546309661515,-0.1677101701184421
100679951,49.3002361111,-123.1337444444,2351.1606281850945,2.5,Y,0.4966627404789949,melanic,1,-0.015851241410784412,0.5605392329782671,1.5644803003007122,-0.1677101701184421
100679971,49.3057027778,-123.1375583333,2089.77685546875,2.5,Y,0.7410012412081093,gray,0,-0.080517470935006,0.5605392329782671,2.719784959420466,-0.1677101701184421
100712621,37.5534706687,-122.320056724,1810.808221970059,6.75,Y,0,gray,0,-0.1495341872231352,1.2153571551379252,-0.7838879526530346,-0.1677101701184421
100713181,49.2236283333,-123.0206833333,6527.4794921875,2,Y,0.20763928776565194,gray,0,1.0173681945906776,0.48350183037124855,0.19789197910612397,-0.1677101701184421
100714663,47.4225537705,-122.1687030371,1227.978365599112,2.25,Y,0.07151029748283753,gray,0,-0.29372603537796904,0.5220205316747579,-0.44576612735562,-0.1677101701184421
100729595,49.2139261,-122.9640382,3886.5751953125,2,Y,0.1050071530758226,melanic,1,0.3640096419977803,0.48350183037124855,-0.28738309227536085,-0.1677101701184421
100742863,47.7584413,-122.2076586,1535.1809975001486,2.75,Y,0.12356979405034324,gray,0,-0.21772424039846316,0.5990579342817764,-0.19961343853910224,-0.1677101701184421
100750774,45.5592633333,-122.84265,1615.6209518057838,2.25,Y,0.0028604118993135,gray,0,-0.19782343135439495,0.5220205316747579,-0.770363079641138,-0.1677101701184421
100754167,37.0390717587,-122.062234059,311.6906347589134,5.25,Y,0.6405714285714286,gray,0,-0.5204152138873102,0.9842449473168694,2.244923117723588,-0.1677101701184421
100824795,47.7317166667,-122.2552083333,1632.0013927090529,3.25,Y,0.5432018258884903,gray,0,-0.1937709175347698,0.676095336888795,1.7845308533012427,-0.1677101701184421
100824905,37.768555,-122.4702686111,6888.4111328125,7.5,Y,0.12474556557138702,gray,0,1.1066625225156899,1.3309132590484531,-0.1940540432237149,-0.1677101701184421
100827303,45.4815151719,-122.6317830171,2410.055908203125,3.25,Y,0.010315186246418332,gray,0,-0.0012805752368275916,0.676095336888795,-0.7351147028597608,-0.1677101701184421
100827557,45.481575003,-122.62908833,2405.5397129415364,3.25,Y,0.012621916236374068,gray,0,-0.0023978799429579816,0.676095336888795,-0.7242078015864258,-0.1677101701184421
100831579,47.667433333300004,-117.4036033333,1854.0420828704468,-2,Y,0,gray,0,-0.13883814919771142,-0.13279739048490022,-0.7838879526530346,-0.1677101701184421
100860986,45.6766788505,-122.6728207992,1704.1593017578125,2.25,Y,0,gray,0,-0.17591908281663385,0.5220205316747579,-0.7838879526530346,-0.1677101701184421
100940904,49.2092333056,-123.9704268284,1172.144560829612,1.5,Y,0.20803698435277382,melanic,1,-0.30753929393229135,0.40646442776423,0.19977240613111957,-0.1677101701184421
100957828,36.99813934,-122.05784827,571.2261979281635,5.25,Y,0.45249643366619113,gray,0,-0.4562062305859096,0.9842449473168694,1.3556489459104593,-0.1677101701184421
100960744,37.2428285278,-121.9300080833,1092.140380859375,5.25,Y,0,gray,0,-0.32733229259891805,0.9842449473168694,-0.7838879526530346,-0.1677101701184421
100960934,51.0183228309,-114.1126925871,3008.965262942904,-11.5,Y,0,melanic,1,0.14688933368798995,-1.5965080400182536,-0.7838879526530346,-0.1677101701184421
100962326,37.3380089382,-122.0893096578,1185.017556829769,5.5,Y,0.12606959498003423,gray,0,-0.3043545204271896,1.0227636486203786,-0.1877936407899718,-0.1677101701184421
100962384,48.4694975388,-123.366528511,3993.533105185259,3.5,Y,0.03982169390787518,gray,0,0.3904709814963449,0.7146140381923043,-0.5955992123664039,-0.1677101701184421
100966163,47.3120333333,-122.2229916667,1137.052001953125,2,Y,0,gray,0,-0.3162211774452431,0.48350183037124855,-0.7838879526530346,-0.1677101701184421
101009070,45.5591166667,-122.8425216667,1616.7320202638066,2.25,Y,0.0028506271379703497,gray,0,-0.19754855351030784,0.5220205316747579,-0.7704093448851924,-0.1677101701184421
101016651,49.2066343867,-123.9772292106,1207.0448740533732,1.5,Y,0.06600557793616363,gray,0,-0.29890497190862025,0.40646442776423,-0.47179406859469036,-0.1677101701184421
101021124,45.6024695997,-122.4392792,1004.7117919921876,2.25,Y,0.08621181844133599,gray,0,-0.34896208673613777,0.5220205316747579,-0.3762529904213384,-0.1677101701184421
101043666,37.433045626,-122.122235005,2290.5481301557174,6,Y,0,gray,0,-0.03084674655967399,1.0998010512273972,-0.7838879526530346,-0.1677101701184421
101050054,49.8711,-124.52317,21.640415376979803,2.5,Y,0.2909754479097545,gray,0,-0.5921735096115729,0.5605392329782671,0.5919299788496473,-0.1677101701184421
101051797,48.991009814,-123.8077381259,488.6244424755809,0.5,Y,0.029951100244498777,melanic,1,-0.47664186827561805,0.25238962255019276,-0.6422702970032832,-0.1677101701184421
101051800,48.991009814,-123.8077381259,488.6244424755809,0.5,Y,0.03126954346466541,gray,0,-0.47664186827561805,0.25238962255019276,-0.6360363077199813,-0.1677101701184421
101068124,45.54335,-122.93563,62.49830117379871,2.25,Y,0.0017162471395881,gray,0,-0.5820652867737353,0.5220205316747579,-0.7757730288458966,-0.1677101701184421
101117989,47.6539986053,-122.3909116164,4346.066273622097,3.75,Y,5.922416345869115e-4,gray,0,0.477687531124225,0.7531327394958136,-0.7810876591351436,-0.1677101701184421
101131845,47.8899377433,-122.2021893741,1827.5245212034167,2.25,Y,0.037096774193548385,gray,0,-0.1453985822014992,0.5220205316747579,-0.6084834382755216,-0.1677101701184421
101140008,47.6210045675,-122.346682325,4712.54150390625,3.25,Y,0,gray,0,0.5683533406739819,0.676095336888795,-0.7838879526530346,-0.1677101701184421
101145238,45.497555,-122.7823866667,1780.6885262724652,3.25,Y,0.022323983972524324,gray,0,-0.15698578658961157,0.676095336888795,-0.6783335573505717,-0.1677101701184421
101151437,37.4752926832,-122.1694486278,2118.804931640625,6.25,Y,0,melanic,1,-0.07333593775538456,1.1383197525309066,-0.7838879526530346,-0.1677101701184421
101154492,37.6781486382,-122.3995510264,1279.8889694127497,7.25,Y,0.10163624921334172,melanic,1,-0.2808833750013568,1.2923945577449438,-0.3033217221930687,-0.1677101701184421
101155937,48.9909704689,-123.8074871497,491.30294573106306,0.5,Y,0.029652996845425855,gray,0,-0.47597920775732966,0.25238962255019276,-0.6436798179949431,-0.1677101701184421
101169569,47.0778159654,-122.7113024315,535.97637939453125,2.25,Y,0.01663201663201663,gray,0,-0.4649270200683413,0.5220205316747579,-0.7052468615102646,-0.1677101701184421
101203858,49.2017883663,-124.0131800112,1275.2803190856223,1.5,Y,0.07292589312075584,melanic,1,-0.28202355304972526,0.40646442776423,-0.43907277272245165,-0.1677101701184421
101214597,48.4682807569,-123.4428478405,696.8035263198008,2.75,Y,0.20195346164895148,gray,0,-0.4251384551979374,0.5990579342817764,0.17100771246796784,-0.1677101701184421
101214808,47.4912427775,-117.5842050516,273.951782407238,-2.5,Y,0.00371534724206916,gray,0,-0.529751789233181,-0.2098347930919188,-0.7663206926174623,-0.1677101701184421
101227461,37.28606667,-121.93887974,2627.598876953125,6,Y,0,melanic,1,0.05253945881645088,1.0998010512273972,-0.7838879526530346,-0.1677101701184421
101246290,37.2768001976,-121.8008523352,531.45654296875,5.5,Y,0,gray,0,-0.4660452255968792,1.0227636486203786,-0.7838879526530346,-0.1677101701184421
101264202,38.525535,-121.7907283333,149.8150370869824,4.25,Y,0,gray,0,-0.5604631650077626,0.8301701421028322,-0.7838879526530346,-0.1677101701184421
101268542,44.9261703491,-123.0382232666,1317.072021484375,2.25,Y,0.004003431512725189,gray,0,-0.2716843043984385,0.5220205316747579,-0.7649585450266615,-0.1677101701184421
101273819,49.3038516667,-123.1557533333,2089.77685546875,2.5,Y,0.8311085316308764,melanic,1,-0.080517470935006,0.5605392329782671,3.145838864701204,-0.1677101701184421
101277038,37.3416966693,-121.9022702649,3701.12939453125,6.25,Y,0,gray,0,0.3181304330744426,1.1383197525309066,-0.7838879526530346,-0.1677101701184421
101292067,48.4645436033,-123.3732806617,4161.07080078125,3.5,Y,0.028809028809028813,gray,0,0.4319197331337569,0.7146140381923043,-0.6476703483521652,-0.1677101701184421
101294821,37.0332966972,-122.0543595913,260.79390734383867,5.25,Y,0.8882857142857143,gray,0,-0.5330070416922699,0.9842449473168694,3.416189486152015,-0.1677101701184421
101296210,49.0545382311,-122.3442213348,2191.253996435946,1,Y,0.055619266055045864,gray,0,-0.05541207123459008,0.3294270251572114,-0.5209036214139134,-0.1677101701184421
101309099,49.8704083333,-119.4967633333,2016.5759582426615,-3.75,Y,0.003908431044109419,melanic,1,-0.0986273404659587,-0.4024282996094653,-0.7654077353248865,-0.1677101701184421
101351766,37.76932205,-122.48358945,6888.4111328125,7.5,Y,0.1814977973568282,gray,0,1.1066625225156899,1.3309132590484531,0.07428728489900363,-0.1677101701184421
101358118,45.5591283333,-122.8426216667,1616.5167163993733,2.25,Y,0.00257584430452203,gray,0,-0.19760181959094553,0.5220205316747579,-0.7717085993489042,-0.1677101701184421
101364956,47.3291130066,-122.6696090698,316.61274115552936,3.25,Y,0.18673395818312907,gray,0,-0.5191974869462745,0.676095336888795,0.0990454011208608,-0.1677101701184421
101365449,48.4109916667,-123.3401633333,4161.07080078125,3.5,Y,0.04384133611691023,gray,0,0.4319197331337569,0.7146140381923043,-0.5765931557759156,-0.1677101701184421
101380468,49.1283909414,-122.8329735738,2940.77594203526,1.5,Y,0.03567351598173516,gray,0,0.13001932591708,0.40646442776423,-0.61521302382316,-0.1677101701184421
101384243,37.9779671063,-122.5657358839,506.6839089252083,6.25,Y,0.01628106255355612,gray,0,-0.4721739642799713,1.1383197525309066,-0.7069062761369919,-0.1677101701184421
101384635,37.338208,-121.886329,4153.309521827658,6.25,Y,0,melanic,1,0.42999959616045225,1.1383197525309066,-0.7838879526530346,-0.1677101701184421
101412278,45.6025525,-122.4393304997,1004.7117919921876,2.25,Y,0.08635973691735774,gray,0,-0.34896208673613777,0.5220205316747579,-0.37555358814127254,-0.1677101701184421
101412382,45.6024742997,-122.4392557997,1004.7117919921874,2.25,Y,0.08640915593705294,gray,0,-0.34896208673613777,0.5220205316747579,-0.3753199204076464,-0.1677101701184421
101416470,37.5567754729,-122.3233457814,1673.5453207234948,6.75,Y,0,gray,0,-0.18349296815634744,1.2153571551379252,-0.7838879526530346,-0.1677101701184421
101431668,45.4560756,-122.7942341,2799.825439453125,2.5,Y,0,gray,0,0.0951482340477997,0.5605392329782671,-0.7838879526530346,-0.1677101701184421
101451027,37.768798382600004,-122.4753630253,6888.4111328125,7.5,Y,0.14607728337236534,gray,0,1.1066625225156899,1.3309132590484531,-0.09319137569912252,-0.1677101701184421
101538525,36.9796396869,-121.9450242118,1392.234375,5.25,Y,0.019711369236184443,gray,0,-0.25308917145077575,0.9842449473168694,-0.6906867721258587,-0.1677101701184421
101561712,45.5591283333,-122.8425133333,1616.6642722762256,2.25,Y,0.00286123032904148,gray,0,-0.19756531433240934,0.5220205316747579,-0.7703592098634522,-0.1677101701184421
101584560,45.559745,-122.6667116667,2283.895751953125,2.25,Y,0,gray,0,-0.03249254197864826,0.5220205316747579,-0.7838879526530346,-0.1677101701184421
101585331,49.2117256,-122.9656233,3855.7104433753457,2,Y,0.13672768878718536,melanic,1,0.35637371604784707,0.48350183037124855,-0.1373990226843779,-0.1677101701184421
101593710,47.483921,-122.352648,2180.18603515625,3.25,Y,0.3031997514756135,gray,0,-0.058150279949844716,0.676095336888795,0.6497300996737836,-0.1677101701184421
101639954,49.28837,-123.059975,6161.1484375,2.5,Y,0,gray,0,0.9267380540196342,0.5605392329782671,-0.7838879526530346,-0.1677101701184421
101649835,47.078037262,-122.7116699219,535.97637939453125,2.25,Y,0.016602431070263855,gray,0,-0.4649270200683413,0.5220205316747579,-0.7053867507918705,-0.1677101701184421
101650954,49.0820331909,-122.8295707629,2167.745849609375,1.5,Y,0.010455311973018546,melanic,1,-0.06122797634062689,0.40646442776423,-0.7344521470025352,-0.1677101701184421
101651252,50.7263081945,-113.9795493844,1241.394287109375,-12.5,Y,0.0014400921658986098,melanic,1,-0.2904069423422928,-1.750582845232291,-0.7770787711942803,-0.1677101701184421
101677270,51.064042,-114.155168,2170.526123046875,-11.5,Y,0.0474430067775724,melanic,1,-0.06054013792441205,-1.5965080400182536,-0.5595633922205968,-0.1677101701184421
101680076,50.973145,-114.02916,2091.671101362892,-11.5,Y,0.021519838601210487,gray,0,-0.08004883534032879,-1.5965080400182536,-0.682135794375503,-0.1677101701184421
101680196,49.0958969445,-121.9552814353,1143.7652587890625,1.5,Y,0.2920702179176755,gray,0,-0.3145603206793608,0.40646442776423,0.5971063750665412,-0.1677101701184421
101680910,50.97569,-114.032045,2154.0671700490216,-11.5,Y,0.026315789473684202,melanic,1,-0.06461207560144065,-1.5965080400182536,-0.659459120943586,-0.1677101701184421
101680926,50.977428,-114.032936,2172.641585937553,-11.5,Y,0.028021607022282236,melanic,1,-0.060016773342835644,-1.5965080400182536,-0.6513935113256879,-0.1677101701184421
101684336,49.2276595,-123.0179715,6506.669063474333,2,Y,0.2021795239460855,gray,0,1.0122197037502632,0.48350183037124855,0.1720766018339535,-0.1677101701184421
101684357,49.2276595,-123.0179715,6506.669063474333,2,Y,0.20223752151462995,melanic,1,1.0122197037502632,0.48350183037124855,0.17235083148240063,-0.1677101701184421
101687952,50.941654,-114.00794,2016.7884200091555,-11.5,Y,0.0037617554858934113,melanic,1,-0.09857477751909155,-1.5965080400182536,-0.7661012607221541,-0.1677101701184421
101713132,33.5830673016,-101.8808853474,1141.0386621671107,-0.75,Y,0,gray,0,-0.3152348794751987,0.05979611603264629,-0.7838879526530346,-0.1677101701184421
101723458,50.9046805556,-113.9647805556,2559.4672851562505,-12.25,Y,0.0029095141111434362,gray,0,0.035683733201959576,-1.7120641439287816,-0.7701309098687488,-0.1677101701184421
101731837,49.2643041909,-123.2035069358,4248.427153458538,2.5,Y,0.07280022929206076,melanic,1,0.45353165606961066,0.5605392329782671,-0.43966694845137294,-0.1677101701184421
101731944,51.1009456065,-114.2218003641,1891.2775878906248,-12,Y,0.06952203600248293,gray,0,-0.12962610175856845,-1.6735454426252723,-0.45516721537469,-0.1677101701184421
101733180,37.3364089143,-121.8676052827,4851.3125,6.25,Y,0,gray,0,0.6026852236039973,1.1383197525309066,-0.7838879526530346,-0.1677101701184421
101744253,48.46407737,-123.3125234208,2121.60400390625,3.5,Y,0.1357142857142857,gray,0,-0.07264344851742327,0.7146140381923043,-0.14219069198002132,-0.1677101701184421
101786168,37.5580810846,-122.3246790976,1629.6526059034702,6.75,Y,0,gray,0,-0.19435200634948402,1.2153571551379252,-0.7838879526530346,-0.1677101701184421
101801483,44.8815328127,-123.0731385201,1754.26708984375,2.25,Y,0.07988587731811697,gray,0,-0.16352243825204313,0.5220205316747579,-0.4061639100314846,-0.1677101701184421
101811168,48.4654148813,-123.310790088,2121.60400390625,3.5,Y,0.14755504718329998,gray,0,-0.07264344851742327,0.7146140381923043,-0.0862040715667127,-0.1677101701184421
101812027,48.46591167,-123.374595,4149.844652875999,3.5,Y,0.04718100890207715,gray,0,0.42914238911744856,0.7146140381923043,-0.5608021956238095,-0.1677101701184421
101830758,33.5836111111,-101.8869444444,1120.9670552785672,-1,Y,0,gray,0,-0.3202005861236487,0.02127741472913699,-0.7838879526530346,-0.1677101701184421
101831511,37.2205224037,-121.8510971491,2004.559256753947,5.5,Y,0.05101168424052436,gray,0,-0.10160026708844093,1.0227636486203786,-0.5426896302570047,-0.1677101701184421
101846410,47.6939217031,-122.3686900612,3514.3127576375127,3.25,Y,5.719187875321705e-4,gray,0,0.27191207990443284,0.676095336888795,-0.7811837515635527,-0.1677101701184421
101849240,37.410791,-122.260897,564.3993538260514,5.5,Y,0.5578796561604584,gray,0,-0.45789518879110136,1.0227636486203786,1.8539319736665243,-0.1677101701184421
101857150,51.0292711307,-114.0066356609,464.8547973632813,-11.5,Y,0.014147909967845653,gray,0,-0.48252246794164755,-1.5965080400182536,-0.7169924521327137,-0.1677101701184421
101892429,51.0409527778,-114.0279222222,478.78843121592655,-11.5,Y,0.007525870178739414,gray,0,-0.47907529310191704,-1.5965080400182536,-0.7483034137634087,-0.1677101701184421
101911353,44.5697638804,-123.2642093042,421.9647882989532,2.5,Y,0,gray,0,-0.49313343717522595,0.5605392329782671,-0.7838879526530346,-0.1677101701184421
101911783,44.5703516097,-123.2635666697,373.9030238409285,2.5,Y,0,gray,0,-0.5050238964010728,0.5605392329782671,-0.7838879526530346,-0.1677101701184421
101949081,37.76756668,-122.4771434627,6888.4111328125,7.5,Y,0.16476106713573732,gray,0,1.1066625225156899,1.3309132590484531,-0.004848923046765582,-0.1677101701184421
101949158,49.2028791161,-123.972348127,1341.8923830733568,1.5,Y,0.01705837755875663,melanic,1,-0.2655437579417575,0.40646442776423,-0.7032309010142336,-0.1677101701184421
101953358,45.3710909021,-122.5755107467,1914.8300551839177,3.25,Y,0.1332378223495702,gray,0,-0.12379923178870761,0.676095336888795,-0.15390014282324765,-0.1677101701184421
101962688,37.3434556047,-122.0753445657,2364.34130859375,6,Y,0,gray,0,-0.012590346919386526,1.0998010512273972,-0.7838879526530346,-0.1677101701184421
101970885,49.2570486573,-122.8070409315,3099.561767578125,1.5,Y,0.26393300606410625,gray,0,0.1693028687821947,0.40646442776423,0.4640653199235081,-0.1677101701184421
101974144,37.5588060504,-122.33636394,1585.106201171875,6.5,Y,0.018311874105865523,gray,0,-0.2053727671370265,1.1768384538344159,-0.6973039987997073,-0.1677101701184421
101996070,37.5887374422,-122.3214601168,2767.816843112507,6.75,Y,0.02315562735595044,gray,0,0.08722932149940361,1.2153571551379252,-0.6744013015958247,-0.1677101701184421
102031422,44.7697017667,-123.0836425355,14.284917831420898,2.25,Y,0,gray,0,-0.5939932564443732,0.5220205316747579,-0.7838879526530346,-0.1677101701184421
102052255,45.4603837122,-122.8057164901,2799.825439453125,3.25,Y,0.009423186750428322,gray,0,0.0951482340477997,0.676095336888795,-0.739332340156276,-0.1677101701184421
102059510,37.9758896826,-122.5669580375,434.01261031488,6.25,Y,0.01340559041642897,gray,0,-0.49015281134810407,1.1383197525309066,-0.7205023584051524,-0.1677101701184421
102068065,45.8178539722,-122.5371849722,190.16881769222223,1.25,Y,0.5625000000000001,gray,0,-0.5504796575709012,0.36794572646072066,1.8757783251364288,-0.1677101701184421
102113612,45.4779922184,-122.5690882945,2364.906222031729,3.25,Y,0,gray,0,-0.012450587585201229,0.676095336888795,-0.7838879526530346,-0.1677101701184421
102115723,49.2168230743,-122.9067610058,3342.908405072198,2,Y,0.04523332379043802,gray,0,0.22950671904652012,0.48350183037124855,-0.5700114265770171,-0.1677101701184421
102138628,37.7694208,-122.4862138,6888.4111328125,7.5,Y,0.1770376862401402,gray,0,1.1066625225156899,1.3309132590484531,0.053198561108338864,-0.1677101701184421
102150974,37.2877884157,-121.9375800645,2627.598876953125,6,Y,0,melanic,1,0.05253945881645088,1.0998010512273972,-0.7838879526530346,-0.1677101701184421
102175360,37.7685614678,-122.4755005268,6888.411132812499,7.5,Y,0.14704159343878148,gray,0,1.1066625225156899,1.3309132590484531,-0.08863183265026929,-0.1677101701184421
102189068,48.4122214179,-123.3627778664,4161.07080078125,3.5,Y,0.04452882292026233,gray,0,0.4319197331337569,0.7146140381923043,-0.5733425149451585,-0.1677101701184421
102208298,51.124708,-114.241147,1891.2775878906252,-12,Y,0.00142775556824671,melanic,1,-0.12962610175856834,-1.6735454426252723,-0.7771371022747379,-0.1677101701184421
102209245,51.02961,-114.009582,464.8547973632813,-11.5,Y,0.014257939079714834,gray,0,-0.48252246794164755,-1.5965080400182536,-0.7164722019666451,-0.1677101701184421
102212773,49.1499009722,-123.9460129722,1295.8905029296875,1.5,Y,0.0475919065260758,melanic,1,-0.2769246027011775,0.40646442776423,-0.5588593501941687,-0.1677101701184421
102225067,36.6172179462,-121.9245364731,1068.1482008288438,6.75,Y,0.06542857142857143,melanic,1,-0.33326794730509013,1.2153571551379252,-0.4745223259285713,-0.1677101701184421
102244372,37.3000633333,-122.0001527778,2983.093679796745,6,Y,0,gray,0,0.14048871548396685,1.0998010512273972,-0.7838879526530346,-0.1677101701184421
102245291,51.035267,-114.06613,2873.74853515625,-11.25,Y,0.00285388127853881,melanic,1,0.11343677516189146,-1.5579893387147443,-0.7703939583466446,-0.1677101701184421
102263729,45.4799247,-122.6355177,2399.49898959261,3.25,Y,0.010312231452305927,gray,0,-0.0038923522222218936,0.676095336888795,-0.7351286739997761,-0.1677101701184421
102266559,45.5294133333,-122.4980083333,2939.170991404654,3.25,Y,0,gray,0,0.1296222618423854,0.676095336888795,-0.7838879526530346,-0.1677101701184421
102277825,49.264152712,-121.9490609882,9.14161918597156,1,Y,0.6344310129220508,gray,0,-0.5952657062497373,0.3294270251572114,2.2158894173960135,-0.1677101701184421
102277827,49.2642331385,-121.9489644287,9.159923772203094,1,Y,0.6365180467091295,gray,0,-0.5952611777032163,0.3294270251572114,2.225757530078859,-0.1677101701184421
102281682,50.900326796,-114.0775909491,2663.665318054265,-12.25,Y,0,gray,0,0.06146228036015526,-1.7120641439287816,-0.7838879526530346,-0.1677101701184421
102282919,37.9664175,-122.54122,1926.0966859585303,6.25,Y,0.11880904666475808,gray,0,-0.12101187232846136,1.1383197525309066,-0.2221236594786848,-0.1677101701184421
102286126,47.6747147255,-122.34553982,3663.2656979727167,3.25,Y,0.05513307984790874,gray,0,0.30876297132712627,0.676095336888795,-0.5232024535203116,-0.1677101701184421
102289378,47.6432201685,-121.9253532148,83.65935167842966,2.25,Y,0.24766777008727053,gray,0,-0.5768300522575087,0.5220205316747579,0.387158476140614,-0.1677101701184421
102289381,47.6432201685,-121.9253532148,83.65935167842966,2.25,Y,0.2452660054102795,gray,0,-0.5768300522575087,0.5220205316747579,0.37580222277425135,-0.1677101701184421
102312813,48.4621555556,-123.3130194444,2121.60400390625,3.5,Y,0.12761087267525037,gray,0,-0.07264344851742327,0.7146140381923043,-0.1805060242376599,-0.1677101701184421
102312861,37.98354045,-122.59013212,444.6478576660156,5.5,Y,0.18280182232346243,melanic,1,-0.48752165586699564,1.0227636486203786,0.08045310041749713,-0.1677101701184421
102315147,45.559125,-122.8425366667,1616.654828732158,2.25,Y,0.0028546959748786704,gray,0,-0.19756765066102627,0.5220205316747579,-0.7703901062215215,-0.1677101701184421
102320289,48.42895256,-123.39544454,3393.407958984375,3,Y,0.015003750937734425,gray,0,0.24200028630289108,0.6375766355852857,-0.7129457830362447,-0.1677101701184421
102328542,37.2766335049,-121.9470959388,2627.598876953125,6,Y,0,melanic,1,0.05253945881645088,1.0998010512273972,-0.7838879526530346,-0.1677101701184421
102329343,51.0745399013,-114.1352462769,2312.0923154208144,-11.5,Y,0.00485991995425957,gray,0,-0.02551672467351427,-1.5965080400182536,-0.7609088144928562,-0.1677101701184421
102373703,48.4617083333,-123.3184583333,2255.070159504881,3.5,Y,0.102,gray,0,-0.03962398077478461,0.7146140381923043,-0.30160180094721195,-0.1677101701184421
102374757,49.2115409938,-122.9680020225,3866.199472378419,2,Y,0.14840182648401826,gray,0,0.3589686971744492,0.48350183037124855,-0.08220024872075618,-0.1677101701184421
102379973,37.4478183333,-122.1863433333,1602.450599781851,6,Y,0,gray,0,-0.20108177060799,1.0998010512273972,-0.7838879526530346,-0.1677101701184421
102382802,49.0950574629,-121.9548286767,1143.7652587890625,1.5,Y,0.30996647363608654,gray,0,-0.3145603206793608,0.40646442776423,0.6817251623251273,-0.1677101701184421
102387303,47.4231908619,-122.1704147296,1231.1463615465118,2.25,Y,0.07789232531500573,gray,0,-0.2929422745846444,0.5220205316747579,-0.4155900132060528,-0.1677101701184421
102394735,48.4403435866,-123.3621382124,4161.07080078125,3.5,Y,0.00571102227298686,gray,0,0.4319197331337569,0.7146140381923043,-0.7568845511398475,-0.1677101701184421
102395828,48.7681983333,-122.4209783333,1273.8036396550528,1.5,Y,0.1196524064171123,gray,0,-0.28238888288638087,0.40646442776423,-0.218136005268229,-0.1677101701184421
102423657,37.3195596953,-122.1375475591,8.594134887837976,4.5,Y,0.8133218982275586,gray,0,-0.5954011536224495,0.8686888434063414,3.061738404153279,-0.1677101701184421
102426526,48.4629136,-123.3067873,2121.60400390625,3.5,Y,0.1666188700889016,gray,0,-0.07264344851742327,0.7146140381923043,0.003935318491561063,-0.1677101701184421
102442705,45.6164794069,-122.7281967093,697.4806316083074,2.5,Y,0,gray,0,-0.4249709396496553,0.5605392329782671,-0.7838879526530346,-0.1677101701184421
102447711,50.7589314906,-121.320341075,4.976000126289537,-7.75,Y,0.00199430199430199,melanic,1,-0.5962962785588921,-1.018727520465614,-0.7744583032984155,-0.1677101701184421
102449497,37.7333,-122.5031133333,5002.083984375,7.75,Y,0.006714225765841374,gray,0,0.639986022016154,1.3694319603519625,-0.752141108473704,-0.1677101701184421
102469140,45.5308333333,-122.6539783333,3347.1201171875,3,Y,0,gray,0,0.2305486947572067,0.6375766355852857,-0.7838879526530346,-0.1677101701184421
102470462,36.9800889617,-121.9449860448,1392.234375,5.25,Y,0.020219328307059626,gray,0,-0.25308917145077575,0.9842449473168694,-0.6882849914835405,-0.1677101701184421
102493558,49.227015252,-123.0201711283,6558.546610554012,2,Y,0.20177447052089295,gray,0,1.025054185905545,0.48350183037124855,0.17016138950384205,-0.1677101701184421
102500319,44.5904553022,-123.2682265268,729.9858857988188,2.5,Y,0.040583023721063156,gray,0,-0.4169291541693153,0.5605392329782671,-0.591999419956783,-0.1677101701184421
102502767,48.4972700239,-123.3357537546,1876.5025634765625,3.5,Y,0.6315,gray,0,-0.1332814362502876,0.7146140381923043,2.2020307218786024,-0.1677101701184421
102521792,48.4638839237,-123.3128619567,2121.60400390625,3.5,Y,0.13382899628252787,gray,0,-0.07264344851742327,0.7146140381923043,-0.15110489771427763,-0.1677101701184421
102541314,49.3396916667,-123.07145,4577.880783386486,0.5,Y,0.08147512864493997,gray,0,0.5350383380992884,0.25238962255019276,-0.3986494599676921,-0.1677101701184421
102553797,33.5554502057,-101.8660001942,1979.4206886393952,-0.75,Y,0,gray,0,-0.10781953769851824,0.05979611603264629,-0.7838879526530346,-0.1677101701184421
102560985,49.3052003026,-123.0035387009,1431.4222412109375,2,Y,0.20630252100840335,gray,0,-0.24339411071832917,0.48350183037124855,0.19157135072297013,-0.1677101701184421
102567262,48.4635642451,-123.3144029697,2121.60400390625,3.5,Y,0.12093553907586994,gray,0,-0.07264344851742327,0.7146140381923043,-0.21206897475724582,-0.1677101701184421
102567377,48.4635616667,-123.31437,2121.60400390625,3.5,Y,0.12346384681337524,gray,0,-0.07264344851742327,0.7146140381923043,-0.20011438839401557,-0.1677101701184421
102569495,47.610067353,-122.203229995,1506.5942613573047,2.25,Y,0.013198281154082258,gray,0,-0.22479658625050508,0.5220205316747579,-0.7214825778791737,-0.1677101701184421
102572787,37.561505,-122.322075,1853.1857665974424,6.75,Y,0,gray,0,-0.13905000146413168,1.2153571551379252,-0.7838879526530346,-0.1677101701184421
102573089,48.4284143377,-123.3656444773,4161.07080078125,3.5,Y,0,gray,0,0.4319197331337569,0.7146140381923043,-0.7838879526530346,-0.1677101701184421
102573717,48.4534333211,-123.3295440137,3502.8810568894596,3.75,Y,0.02079772079772079,gray,0,0.2690838822059168,0.7531327394958136,-0.685550180812006,-0.1677101701184421
102576281,48.4966583333,-123.3339916667,1876.5025634765625,3.5,Y,0.5617808904452226,gray,0,-0.1332814362502876,0.7146140381923043,1.8723781625890903,-0.1677101701184421
102584687,48.4552496994,-123.3993460565,3449.934371353248,3,Y,0.08170411438576014,gray,0,0.25598489567033317,0.6375766355852857,-0.39756674769577377,-0.1677101701184421
102586375,47.5519250163,-122.2504684702,2575.8108190501,3.25,Y,0.5015673981191222,melanic,1,0.03972711624381154,0.676095336888795,1.5876709714643547,-0.1677101701184421
102591438,45.5189082128,-122.8099279756,2196.8793107253937,2.5,Y,8.556759840273817e-4,gray,0,-0.05402037097253112,0.5605392329782671,-0.7798420636584888,-0.1677101701184421
102595458,49.5394283333,-123.9732133333,6.789418885547033,3.5,Y,0.7964601769911503,melanic,1,-0.5958476395615625,0.7146140381923043,2.982011201739125,-0.1677101701184421
102613330,48.4268388889,-123.3263,4161.07080078125,3.75,Y,0.01575479805213405,melanic,1,0.4319197331337569,0.7531327394958136,-0.7093946102661117,-0.1677101701184421
102615548,44.8499782269,-123.2381601675,858.4923095703125,2.25,Y,0,gray,0,-0.3851367218825475,0.5220205316747579,-0.7838879526530346,-0.1677101701184421
102617915,48.9471829771,-122.7405918179,300.1663818359375,1.5,Y,0.2537100456621005,melanic,1,-0.5232663089528828,0.40646442776423,0.4157281411850339,-0.1677101701184421
102623987,48.4122222,-123.3627778,4161.07080078125,3.5,Y,0.04471403812824956,gray,0,0.4319197331337569,0.7146140381923043,-0.572466762691261,-0.1677101701184421
102627775,49.2827024657,-123.1207376719,9235.7529296875,3,Y,0.00598086124401913,melanic,1,1.6873938427160646,0.6375766355852857,-0.755608672719069,-0.1677101701184421
102627813,49.2827024657,-123.1207376719,9235.7529296875,3,Y,0.006015037593984959,gray,0,1.6873938427160646,0.6375766355852857,-0.7554470768337321,-0.1677101701184421
102632196,44.8558616667,-123.2387466667,843.0726782264695,2.25,Y,0,gray,0,-0.3889515318430033,0.5220205316747579,-0.7838879526530346,-0.1677101701184421
102637110,47.6670561391,-117.4023619534,1795.8307563065837,-2,Y,0,gray,0,-0.15323960559023678,-0.13279739048490022,-0.7838879526530346,-0.1677101701184421
102639346,49.0247922552,-123.0584182193,1509.1932373046873,2.5,Y,0.013347763347763346,gray,0,-0.22415360075299387,0.5605392329782671,-0.7207757818797716,-0.1677101701184421
102645075,47.8655697789,-122.137921293,1195.485358905082,2.25,Y,0.2092492149586069,gray,0,-0.30176479083310764,0.5220205316747579,0.20550419077687698,-0.1677101701184421
102645077,47.8655697789,-122.137921293,1195.485358905082,2.25,Y,0.20720205773078024,gray,0,-0.30176479083310764,0.5220205316747579,0.19582462625388403,-0.1677101701184421
102645085,47.8655834308,-122.1410112502,1348.531150861169,2.25,Y,0.1566609491137793,gray,0,-0.26390132973336766,0.5220205316747579,-0.04314867548963919,-0.1677101701184421
102676887,37.4541582259,-122.2330531386,633.3052316876966,6,Y,0,gray,0,-0.44084790514735095,1.0998010512273972,-0.7838879526530346,-0.1677101701184421
102683149,44.590696629200004,-123.267571285,735.5670953678425,2.5,Y,0.0475919065260758,gray,0,-0.4155483653955419,0.5605392329782671,-0.5588593501941687,-0.1677101701184421
102684214,44.5919364466,-123.26373125800001,738.46466064453125,2.5,Y,0.03939480445332572,gray,0,-0.41483150903029575,0.5605392329782671,-0.5976176718981535,-0.1677101701184421
102687280,37.448704517,-122.2924656309,22.74580764770508,5.5,Y,0.8836810517290654,gray,0,-0.5919000360537074,1.0227636486203786,3.394417280423092,-0.1677101701184421
102694911,37.4204187468,-122.3043422954,64.06790472887921,5.5,Y,0.935179897201599,gray,0,-0.5816769675498598,1.0227636486203786,3.637919045131338,-0.1677101701184421
102697857,37.3361283333,-121.962255,3675.713447566692,6.25,Y,0,gray,0,0.3118425390598087,1.1383197525309066,-0.7838879526530346,-0.1677101701184421
102699407,37.8718992,-122.2585399,2445.390309043982,7.25,Y,0.03204577968526467,gray,0,0.007461139870924531,1.2923945577449438,-0.6323660334097118,-0.1677101701184421
102703628,45.50072833,-122.473075,1752.4756616898828,3.25,Y,0.08579626972740315,gray,0,-0.1639656367833454,0.676095336888795,-0.37821782757907346,-0.1677101701184421
102705881,44.8498541041,-123.2382565287,858.4923095703125,2.25,Y,0,gray,0,-0.3851367218825475,0.5220205316747579,-0.7838879526530346,-0.1677101701184421
102721777,44.8510950741,-123.237020853,858.4923095703126,2.25,Y,0,gray,0,-0.3851367218825475,0.5220205316747579,-0.7838879526530346,-0.1677101701184421
102722086,44.8552346959,-123.2364243641,858.4923095703125,2.25,Y,0,gray,0,-0.3851367218825475,0.5220205316747579,-0.7838879526530346,-0.1677101701184421
102725177,47.661932302,-122.1219676872,1451.605078466939,2.25,Y,0.02311643835616438,gray,0,-0.23840088572626758,0.5220205316747579,-0.6745865987712759,-0.1677101701184421
102730653,44.8508962105,-123.2384016552,858.4923095703124,2.25,Y,0,gray,0,-0.3851367218825475,0.5220205316747579,-0.7838879526530346,-0.1677101701184421
102730927,47.8299596007,-122.2146890667,1322.0760498046875,2.25,Y,0.1722269746221842,gray,0,-0.27044631000978836,0.5220205316747579,0.030452094508432018,-0.1677101701184421
102732340,44.85027,-123.2381583333,858.4923095703125,2.25,Y,0,gray,0,-0.3851367218825475,0.5220205316747579,-0.7838879526530346,-0.1677101701184421
102734173,37.3753437089,-122.1199308369,996.9530029296876,6,Y,0.01999428734647243,gray,0,-0.3508816077114897,1.0998010512273972,-0.6893490516684208,-0.1677101701184421
102738351,44.850572161,-123.2377032119,858.4923095703125,2.25,Y,0,gray,0,-0.3851367218825475,0.5220205316747579,-0.7838879526530346,-0.1677101701184421
102740716,44.8533383333,-123.2405383333,858.4923095703125,2.25,Y,0,gray,0,-0.3851367218825475,0.5220205316747579,-0.7838879526530346,-0.1677101701184421
102742504,47.6679450173,-117.4028003711,1831.6319978439503,-2,Y,0,gray,0,-0.14438239430107291,-0.13279739048490022,-0.7838879526530346,-0.1677101701184421
102752470,47.6563244597,-122.2932472229,4045.6661205045,3.25,Y,0.0018982536066818423,gray,0,0.40336866638087027,0.676095336888795,-0.7749124484674632,-0.1677101701184421
102780296,47.8361240137,-122.1863729386,1272.6355085352425,2.25,Y,0.02281802624073017,gray,0,-0.28267787800770394,0.5220205316747579,-0.6759975794651499,-0.1677101701184421
102780316,49.1636043997,-123.1367835,4854.057390272456,2,Y,0.019247342717609882,gray,0,0.6033643082408622,0.48350183037124855,-0.6928808266742192,-0.1677101701184421
102780321,49.1636755997,-123.1365928,4850.287962006166,2,Y,0.019545846507617128,melanic,1,0.6024317533583999,0.48350183037124855,-0.6914694125158645,-0.1677101701184421
102785312,51.0799009017,-114.1245489568,2070.835028127988,-11.5,Y,0,gray,0,-0.08520367062405536,-1.5965080400182536,-0.7838879526530346,-0.1677101701184421
102800811,44.5715221332,-123.271712287,832.0066534772811,2.5,Y,0,gray,0,-0.3916892614614686,0.5605392329782671,-0.7838879526530346,-0.1677101701184421
102832257,44.852169608,-123.2371965688,858.4923095703124,2.25,Y,0,gray,0,-0.3851367218825475,0.5220205316747579,-0.7838879526530346,-0.1677101701184421
102841772,49.0149595,-123.0407374,1509.1932373046875,2.5,Y,0,gray,0,-0.22415360075299381,0.5605392329782671,-0.7838879526530346,-0.1677101701184421
102841974,48.48,-123.3697966667,2387.193052244669,3.5,Y,0.05934195064629847,gray,0,-0.006936835668086848,0.7146140381923043,-0.5033016682224449,-0.1677101701184421
102873304,36.9792938946,-121.9454756114,1392.234375,5.25,Y,0.019685039370078733,gray,0,-0.25308917145077575,0.9842449473168694,-0.6908112675160455,-0.1677101701184421
102884599,37.5908966667,-122.3195333333,3193.862916625744,6.75,Y,0.03328173374613001,gray,0,0.192632931262121,1.2153571551379252,-0.6265220772557909,-0.1677101701184421
102889896,47.6663233171,-122.3450901056,3973.6480833099713,3.25,Y,0.04812030075187969,gray,0,0.38555143589747953,0.676095336888795,-0.5563609460986144,-0.1677101701184421
102891278,49.226120139,-123.0202121539,6545.603253595235,2,Y,0.20333141872487076,gray,0,1.021852005130465,0.48350183037124855,0.1775231008538592,-0.1677101701184421
102891296,49.2261696773,-123.0204062746,6546.783294799136,2,Y,0.20269495412844038,gray,0,1.0221439468013132,0.48350183037124855,0.1745137080998454,-0.1677101701184421
102896897,47.6554107666,-122.2950515747,4136.821138082538,3.25,Y,0.001948558067030389,gray,0,0.42592037732959376,0.676095336888795,-0.7746745941086872,-0.1677101701184421
102897912,47.63933,-122.2962283333,4539.7343960076405,3.25,Y,0.12052505966587114,gray,0,0.5256009387683159,0.676095336888795,-0.21400984274746934,-0.1677101701184421
102898013,47.63815,-122.2965866667,4662.1156990743475,3.25,Y,0.12734082397003746,gray,0,0.5558780189073851,0.676095336888795,-0.181782894343643,-0.1677101701184421
102904749,37.5815872399,-122.0188285008,2507.941974300753,6.75,Y,0,gray,0,0.022936394132428577,1.2153571551379252,-0.7838879526530346,-0.1677101701184421
102949410,49.0950637697,-123.0899531948,97.98311614990234,2,Y,0.24890254609306411,gray,0,-0.573286359275587,0.48350183037124855,0.3929968621019167,-0.1677101701184421
102962094,36.997105,-122.0522305,669.1436088567428,5.25,Y,0.4934398174557901,gray,0,-0.4319815065193681,0.9842449473168694,1.5492413675349714,-0.1677101701184421
102997666,47.8372358803,-122.3416757584,2337.0458984375,3.25,Y,0.2260167649798199,gray,0,-0.01934321929466332,0.676095336888795,0.28478612384810936,-0.1677101701184421
103011187,49.2029028253,-123.9748244584,1327.721731059264,1.5,Y,0.02180579216354344,melanic,1,-0.2690495709695832,0.40646442776423,-0.6807837214035017,-0.1677101701184421
103011943,49.2064158115,-123.9774141038,1212.2854688214334,1.5,Y,0.05682520074119827,gray,0,-0.29760845108564404,0.40646442776423,-0.5152016057375114,-0.1677101701184421
103019674,37.7695966667,-122.4670633333,6888.411132812499,7.5,Y,0.12209302325581396,gray,0,1.1066625225156899,1.3309132590484531,-0.20659604739640688,-0.1677101701184421
103022787,47.668645,-122.3038116667,4092.9452057576623,3.25,Y,0.02542130819765781,gray,0,0.41506549111831903,0.676095336888795,-0.6636884928297397,-0.1677101701184421
103055314,49.2031460352,-123.9774234079,1306.4071143438937,1.5,Y,0.02735368956743002,melanic,1,-0.27432279769828577,0.40646442776423,-0.6545516224919411,-0.1677101701184421
103055741,49.2090282749,-123.9699074905,1180.9524064895454,1.5,Y,0.19576333089846604,gray,0,-0.30536023681967833,0.40646442776423,0.14173894444632568,-0.1677101701184421
103081481,47.6558221798,-122.2923525965,4011.4436962541854,3.25,Y,0.0019912385503783247,gray,0,0.3949020537887881,0.676095336888795,-0.7744727881668557,-0.1677101701184421
103107299,47.6553863986,-122.3035812378,4166.9521484375,3.25,Y,0.0016046213093709862,gray,0,0.43337477593728835,0.676095336888795,-0.7763008287683122,-0.1677101701184421
103109705,37.7697299299,-122.4607539871,6888.4111328125,7.5,Y,0.10114285714285713,gray,0,1.1066625225156899,1.3309132590484531,-0.3056546257514626,-0.1677101701184421
103115550,49.2086598738,-123.9721257676,1178.6302862931132,1.5,Y,0.17380787836903935,gray,0,-0.3059347283271074,0.40646442776423,0.03792707474655054,-0.1677101701184421
103115976,49.2065656966,-123.9769657065,1210.5798609490853,1.5,Y,0.06585518102372036,gray,0,-0.29803041771733424,0.40646442776423,-0.47250518965479527,-0.1677101701184421
103116660,50.041912364,-119.4104417372,257.0235769925139,-4,Y,0.01657142857142857,gray,0,-0.5339398197501699,-0.4409470009129746,-0.7055333397708561,-0.1677101701184421
103121826,47.070225,-122.8969416667,815.4324378762028,2,Y,0.5536626916524702,gray,0,-0.3957897150554504,0.48350183037124855,1.8339929189171351,-0.1677101701184421
103122106,47.6712741043,-122.3044103733,4015.409530528854,3.25,Y,0.02544311034877071,gray,0,0.3958831994306755,0.676095336888795,-0.663585405814454,-0.1677101701184421
103135007,47.6549942322,-122.2924119737,4033.301526929484,3.25,Y,0.002082465639316942,gray,0,0.4003096714104235,0.676095336888795,-0.7740414395231741,-0.1677101701184421
103168026,37.4435812135,-121.9672444536,208.51884515427085,7,Y,0,gray,0,-0.5459398689095587,1.2538758564414345,-0.7838879526530346,-0.1677101701184421
103173395,47.6526416667,-122.3144616667,4166.9521484375,3.25,Y,0,gray,0,0.43337477593728835,0.676095336888795,-0.7838879526530346,-0.1677101701184421
103173414,45.482170000000004,-122.6531616667,2372.948768065355,3.25,Y,0.00812707794606575,gray,0,-0.010460865260954381,0.676095336888795,-0.7454607257194924,-0.1677101701184421
103184436,47.5231085085,-122.5514542311,293.8296203613281,3.25,Y,0.5178803641092328,gray,0,-0.5248340209332361,0.676095336888795,1.6648034968592407,-0.1677101701184421
103225850,37.546904953,-122.3281242094,1629.0069098449849,6.75,Y,0.02964652223489167,melanic,1,-0.19451175126817952,1.2153571551379252,-0.6437104318674757,-0.1677101701184421
103226077,47.65263,-122.31443,4166.9521484375,3.25,Y,0,gray,0,0.43337477593728835,0.676095336888795,-0.7838879526530346,-0.1677101701184421
103226087,47.6705666667,-122.30378,4039.970935266773,3.25,Y,0.02545038604518158,gray,0,0.4019596800771738,0.676095336888795,-0.6635510041710915,-0.1677101701184421
103260083,37.2142425841,-121.8147072699,1405.854787640962,5.25,Y,0.1579097658480868,gray,0,-0.24971948739999542,0.9842449473168694,-0.03724390081341378,-0.1677101701184421
103280936,37.7694209984,-122.4741119812,6888.4111328125,7.5,Y,0.14014598540145984,gray,0,1.1066625225156899,1.3309132590484531,-0.12123630582665748,-0.1677101701184421
103291846,37.4492943092,-122.2779378924,179.27939761582527,5.5,Y,0.29754426042261567,gray,0,-0.5531736952715894,1.0227636486203786,0.6229892661840087,-0.1677101701184421
103297628,48.95277,-122.430599,144.590522826163,1.5,Y,0,gray,0,-0.5617557075203743,0.40646442776423,-0.7838879526530346,-0.1677101701184421
103319660,49.2076788838,-123.9721531099,1206.6232545871635,1.5,Y,0.13845075359270942,melanic,1,-0.299009280377698,0.40646442776423,-0.12925186293735885,-0.1677101701184421
103335233,49.3834001608,-121.4401493222,32.824052052409336,-0.5,Y,0.10761061946902656,gray,0,-0.5894066828546815,0.09831481733615559,-0.275073133570716,-0.1677101701184421
103339400,47.7401826308,-122.3318258612,2003.7648742129536,3.25,Y,0,gray,0,-0.1017967969770108,0.676095336888795,-0.7838879526530346,-0.1677101701184421
103346107,37.7350383333,-122.5027916667,5002.083984375,7.75,Y,0.0057758952637658794,gray,0,0.639986022016154,1.3694319603519625,-0.7565778124626666,-0.1677101701184421
103380547,49.203355924,-123.9789809623,1291.554976227383,1.5,Y,0.029259372142639434,gray,0,-0.2779972100858137,0.40646442776423,-0.6455409919471314,-0.1677101701184421
103381311,37.7714,-122.46385333,6888.411132812499,7.5,Y,0.11817393816815948,gray,0,1.1066625225156899,1.3309132590484531,-0.22512664019182413,-0.1677101701184421
103401418,37.2748294208,-121.9469777994,2627.598876953125,6,Y,0,gray,0,0.05253945881645088,1.0998010512273972,-0.7838879526530346,-0.1677101701184421
103431567,49.2317166667,-122.0023444444,29.826861207051383,0.5,Y,0.655049786628734,gray,0,-0.5901481865414621,0.25238962255019276,2.313381074492969,-0.1677101701184421
103443030,37.3294366667,-121.9363716667,3717.478019786816,6,Y,0,gray,0,0.3221750757169267,1.0998010512273972,-0.7838879526530346,-0.1677101701184421
103443109,37.3422473031,-122.0256302878,4091.7426757812505,6.25,Y,0,gray,0,0.41476798573511836,1.1383197525309066,-0.7838879526530346,-0.1677101701184421
103456222,49.032915,-123.0590685,1509.1932373046875,2.5,Y,0.007457121551081281,melanic,1,-0.22415360075299381,0.5605392329782671,-0.7486284775974116,-0.1677101701184421
103482460,49.2319388889,-122.0027305556,30.088350609990023,0.5,Y,0.6435364564987672,gray,0,-0.5900834941790677,0.25238962255019276,2.2589426462410045,-0.1677101701184421
103491038,49.2028660459,-123.975162981,1326.8514471212975,1.5,Y,0.02294971312858589,gray,0,-0.26926487883012457,0.40646442776423,-0.6753749249320711,-0.1677101701184421
103491471,49.2093108644,-123.9717330706,1162.5082221687292,1.5,Y,0.20190670752468504,gray,0,-0.30992331984614946,0.40646442776423,0.1707866451476851,-0.1677101701184421
103534871,49.2030968948,-123.9707205604,1344.8733529795743,1.5,Y,0.013798701298701286,gray,0,-0.264806267308131,0.40646442776423,-0.7186436139482426,-0.1677101701184421
103537161,49.1581334609,-122.8403539526,4051.6110394761954,1.5,Y,0.06657142857142857,gray,0,0.4048394366996679,0.40646442776423,-0.4691185595229038,-0.1677101701184421
103542193,49.1874026025,-123.1204778124,2697.6390028338933,2.5,Y,0,melanic,1,0.06986735491743144,0.5605392329782671,-0.7838879526530346,-0.1677101701184421
103552559,37.434700953,-122.1600125548,3109.810742953673,6,Y,0,gray,0,0.17183846074773923,1.0998010512273972,-0.7838879526530346,-0.1677101701184421
103568040,48.41325,-123.3665388889,4161.07080078125,3.5,Y,0.04414784394250513,gray,0,0.4319197331337569,0.7146140381923043,-0.5751438961712698,-0.1677101701184421
103590143,49.2333766667,-123.965084445,1021.743408203125,1.5,Y,0.4386761842959118,melanic,1,-0.3447484724339976,0.40646442776423,1.2903027215535294,-0.1677101701184421
103606815,48.9474084934,-122.7409136836,300.1663818359375,1.5,Y,0.2535653166001141,gray,0,-0.5232663089528828,0.40646442776423,0.41504381939733387,-0.1677101701184421
103609812,49.1804669183,-122.7479323655,2295.796142578125,1,Y,0.0995436394751854,melanic,1,-0.029548390612299785,0.3294270251572114,-0.31321619962088776,-0.1677101701184421
103610421,49.0226248162,-122.6626585403,204.41107159833243,1,Y,0.21171428571428572,melanic,1,-0.5469561302667245,0.3294270251572114,0.2171597739968662,-0.1677101701184421
103610737,33.5565729325,-101.8701033392,1987.60009765625,-0.75,Y,0,gray,0,-0.10579595553287852,0.05979611603264629,-0.7838879526530346,-0.1677101701184421
103610742,33.4990679772,-101.9602704679,311.04826594738114,-1.75,Y,0,gray,0,-0.5205741356465842,-0.0942786891813909,-0.7838879526530346,-0.1677101701184421
103654316,51.0335690976,-114.064873253,2873.74853515625,-11.25,Y,0.004579278763594731,gray,0,0.11343677516189146,-1.5579893387147443,-0.7622357690012473,-0.1677101701184421
103654320,51.0343821026,-114.065412377,2873.74853515625,-11.25,Y,0.004291845493562224,gray,0,0.11343677516189146,-1.5579893387147443,-0.7635948384686609,-0.1677101701184421
103654321,51.034586195,-114.0657020556,2873.74853515625,-11.25,Y,0.0039977155910908,melanic,1,0.11343677516189146,-1.5579893387147443,-0.7649855715938036,-0.1677101701184421
103699451,48.5232527778,-123.4439944444,135.5345916748047,2.5,Y,0.674346201743462,gray,0,-0.5639961408736139,0.5605392329782671,2.4046202292714027,-0.1677101701184421
103699778,45.502394,-122.680424,2740.742577714591,2.25,Y,0.06280895609188716,gray,0,0.08053116023932688,0.5220205316747579,-0.48690864161169883,-0.1677101701184421
103706209,37.7734939171,-122.4574296019,6888.411132812499,7.25,Y,0.06922196796338673,melanic,1,1.1066625225156899,1.2923945577449438,-0.4565860257651373,-0.1677101701184421
103712065,33.4576216105,-101.8966533897,172.07876903544198,-1.75,Y,0,gray,0,-0.5549551275910436,-0.0942786891813909,-0.7838879526530346,-0.1677101701184421
103717829,45.4286097903,-122.7732675523,1632.4473876953125,3.25,Y,0,gray,0,-0.19366057857283503,0.676095336888795,-0.7838879526530346,-0.1677101701184421
103718322,45.52942,-122.4981,2939.140432306354,3.25,Y,0,gray,0,0.12961470153500976,0.676095336888795,-0.7838879526530346,-0.1677101701184421
103726248,45.5220821885,-123.1021453401,1170.4641750305136,2.25,Y,0,gray,0,-0.30795502063423796,0.5220205316747579,-0.7838879526530346,-0.1677101701184421
103730033,49.2641474344,-121.9490678616,9.140343414928724,1,Y,0.6330008312551954,gray,0,-0.5952660218749278,0.3294270251572114,2.209127095706328,-0.1677101701184421
103780563,37.2361459356,-121.765091113,1169.295166015625,5,Y,0,gray,0,-0.30824423294641434,0.9457262460133601,-0.7838879526530346,-0.1677101701184421
103784507,49.3835836469,-123.1332157075,40.67138445683173,0.25,Y,0.987911629845769,gray,0,-0.5874652562957805,0.2138709212466835,3.887250264834642,-0.1677101701184421
103785080,47.6459093694,-122.293216374,4166.9521484375,3.25,Y,0.05711813067935958,gray,0,0.43337477593728835,0.676095336888795,-0.5138165463983422,-0.1677101701184421
103785081,47.6459093694,-122.293216374,4166.9521484375,3.25,Y,0.0550259965337955,gray,0,0.43337477593728835,0.676095336888795,-0.5237087750837977,-0.1677101701184421
103785083,47.6459093694,-122.293216374,4166.9521484375,3.25,Y,0.05477651183172656,gray,0,0.43337477593728835,0.676095336888795,-0.5248884125040947,-0.1677101701184421
103798209,47.7653242207,-122.3414459948,2272.366271087431,3.25,Y,0.012931034482758615,gray,0,-0.03534493043493237,0.676095336888795,-0.7227461991406331,-0.1677101701184421
103803663,45.5085763806,-122.6328222601,2644.172866912786,3,Y,0,gray,0,0.05663985658684608,0.6375766355852857,-0.7838879526530346,-0.1677101701184421
103843299,47.6490536325,-122.380909905,4712.54150390625,3.75,Y,0,gray,0,0.5683533406739819,0.7531327394958136,-0.7838879526530346,-0.1677101701184421
103843376,45.501832,-122.681301,2683.9163072263746,2.25,Y,0.08488139468419549,gray,0,0.06647236610605699,0.5220205316747579,-0.38254362722495894,-0.1677101701184421
103847203,37.4179301883,-122.1036580109,3340.308138551613,6,Y,0,melanic,1,0.2288634142617706,1.0998010512273972,-0.7838879526530346,-0.1677101701184421
103847204,37.4179354887,-122.1037072013,3338.108743703213,6,Y,0,melanic,1,0.22831928495105253,1.0998010512273972,-0.7838879526530346,-0.1677101701184421
103847244,37.4179199094,-122.102967825,3358.425048828125,6,Y,0,gray,0,0.2333455298347294,1.0998010512273972,-0.7838879526530346,-0.1677101701184421
103911447,37.4189682432,-122.103144979,3358.425048828125,6,Y,0,gray,0,0.2333455298347294,1.0998010512273972,-0.7838879526530346,-0.1677101701184421
103911458,37.4190105317,-122.1040932469,3336.1339024196923,6,Y,0,gray,0,0.22783071009276307,1.0998010512273972,-0.7838879526530346,-0.1677101701184421
103917938,33.5559509,-101.8635111,1958.8676215858409,-0.75,Y,0,gray,0,-0.11290435737840783,0.05979611603264629,-0.7838879526530346,-0.1677101701184421
103921733,49.30478445,-123.00184894,1431.4222412109375,2,Y,0.1970260223048327,gray,0,-0.24339411071832917,0.48350183037124855,0.14770932267346878,-0.1677101701184421
103921759,49.3039512,-123.00656956,1431.4222412109375,2,Y,0.15420168067226891,gray,0,-0.24339411071832917,0.48350183037124855,-0.054776823653047285,-0.1677101701184421
103937799,49.2783231455,-122.7744639258,1709.499055714839,1.25,Y,0.243127147766323,melanic,1,-0.17459803005425495,0.36794572646072066,0.36568907157669883,-0.1677101701184421
103941510,37.3371727356,-121.9215546971,3701.12939453125,6.25,Y,0,melanic,1,0.3181304330744426,1.1383197525309066,-0.7838879526530346,-0.1677101701184421
103966016,33.5854334457,-101.8515750043,788.8787199122372,-1,Y,0,gray,0,-0.40235909311107554,0.02127741472913699,-0.7838879526530346,-0.1677101701184421
103983500,45.5279361,-122.9363567,1423.2263084596457,2.25,Y,0.00257584430452203,gray,0,-0.24542178084854527,0.5220205316747579,-0.7717085993489042,-0.1677101701184421
103987289,37.432110413,-122.08693791420001,2270.1905264067095,6,Y,0,gray,0,-0.035883208704648534,1.0998010512273972,-0.7838879526530346,-0.1677101701184421
103987494,45.5083975282,-122.7072888755,3838.39306640625,2.25,Y,0.3180647008302319,gray,0,0.3520894046607883,0.5220205316747579,0.7200159743751646,-0.1677101701184421
103999515,36.9649579722,-122.0097148851,2321.5029296875,5.5,Y,0,gray,0,-0.023188542874739006,1.0227636486203786,-0.7838879526530346,-0.1677101701184421
104002875,45.5544414955,-122.6277409065,2555.217586924623,3,Y,0.00657894736842105,gray,0,0.03463235974292955,0.6375766355852857,-0.7527807447256725,-0.1677101701184421
104002884,45.5544414955,-122.6277409065,2555.217586924623,3,Y,0.006575185820468828,gray,0,0.03463235974292955,0.6375766355852857,-0.7527985304363228,-0.1677101701184421
104002888,45.5544414955,-122.6277409065,2555.217586924623,3,Y,0.006552706552706551,gray,0,0.03463235974292955,0.6375766355852857,-0.7529048190592859,-0.1677101701184421
104016111,48.4635257993,-123.3733047174,4161.07080078125,3.5,Y,0.02398578620076991,gray,0,0.4319197331337569,0.7146140381923043,-0.6704760651784469,-0.1677101701184421
104017504,38.5459577313,-121.5072100241,1734.9660644531252,5.75,Y,0,gray,0,-0.16829750337943128,1.061282349923888,-0.7838879526530346,-0.1677101701184421
104017507,38.5454925278,-121.5069992496,1734.9660644531252,5.75,Y,0,gray,0,-0.16829750337943128,1.061282349923888,-0.7838879526530346,-0.1677101701184421
104017508,38.5453078396,-121.5048221837,1793.343442046052,5.75,Y,0,gray,0,-0.15385496603590976,1.061282349923888,-0.7838879526530346,-0.1677101701184421
104017509,38.545361908,-121.5046083979,1803.1344249412105,5.75,Y,0,gray,0,-0.1514326812070304,1.061282349923888,-0.7838879526530346,-0.1677101701184421
104039444,48.5121066399,-123.4241224119,227.33932235250893,2.5,Y,0.6958142201834862,gray,0,-0.541283691191987,0.5605392329782671,2.506127366508548,-0.1677101701184421
104047377,36.6245,-121.9260033333,1081.042894802381,6.75,Y,0.026985111662531015,melanic,1,-0.33007780573099077,1.2153571551379252,-0.6562943677797601,-0.1677101701184421
104054320,49.2465283333,-122.9256833333,3213.487864585517,2,Y,0.18043350908025776,gray,0,0.19748813468955323,0.48350183037124855,0.06925501531848623,-0.1677101701184421
104064390,37.6739233333,-122.454425,2923.287903040207,7.25,Y,2.8686173264486515e-4,gray,0,0.12569279282043713,1.2923945577449438,-0.7825315855833389,-0.1677101701184421
104075208,44.5696465597,-123.2680716017,695.2785327349457,2.5,Y,0,gray,0,-0.4255157379349504,0.5605392329782671,-0.7838879526530346,-0.1677101701184421
104078323,38.5110060762,-121.517153218,1754.4152372454469,5.25,Y,0,gray,0,-0.16348578665052255,0.9842449473168694,-0.7838879526530346,-0.1677101701184421
104085604,49.246167092,-122.9301869543,3156.2600865399877,2,Y,0.17228915662650607,melanic,1,0.18333000776455305,0.48350183037124855,0.03074610940617466,-0.1677101701184421
104103750,37.5319182742,-122.2524490943,2352.2392578125,6.25,Y,0,gray,0,-0.015584388919015072,1.1383197525309066,-0.7838879526530346,-0.1677101701184421
104114449,45.4862966667,-122.890555,2630.4621876869896,2.25,Y,8.586147681740126e-4,gray,0,0.053247840622984044,0.5220205316747579,-0.7798281682183245,-0.1677101701184421
104148937,49.33667428,-123.033515925,948.61767578125,1.5,Y,0.19405544441268935,melanic,1,-0.3628397462257011,0.40646442776423,0.1336635522818588,-0.1677101701184421
104148941,49.33667428,-123.033515925,948.61767578125,1.5,Y,0.19480889903023388,gray,0,-0.3628397462257011,0.40646442776423,0.13722610843853073,-0.1677101701184421
104148951,49.33667428,-123.033515925,948.61767578125,1.5,Y,0.1918472063854048,gray,0,-0.3628397462257011,0.40646442776423,0.1232223501227459,-0.1677101701184421
104161448,44.5904416131,-123.2681031452,730.9719051368684,2.5,Y,0.03568369968598344,gray,0,-0.4166852134220876,0.5605392329782671,-0.6151648722591205,-0.1677101701184421
104183662,47.6575130241,-122.4071541501,3789.1885869065177,3.75,Y,0.15465980560320183,gray,0,0.3399162382400766,0.7531327394958136,-0.052610673555595004,-0.1677101701184421
104238297,45.530209,-122.6812039,3526.071497176769,2.25,Y,0,gray,0,0.27482118685494833,0.5220205316747579,-0.7838879526530346,-0.1677101701184421
104247695,51.08951,-114.180978,2461.459081867526,-11.5,Y,0.0327455919395466,melanic,1,0.011436547145757578,-1.5965080400182536,-0.6290571142034941,-0.1677101701184421
104248219,49.0245220871,-122.6566450142,324.30386605832393,1,Y,0.24864401941193265,gray,0,-0.5172947060540449,0.3294270251572114,0.39177447153175815,-0.1677101701184421
104377206,48.4358706776,-123.3837342595,3691.151061876048,3,Y,0.009035172636334295,melanic,1,0.3156617979979623,0.6375766355852857,-0.7411669855866089,-0.1677101701184421
104408310,47.2814805556,-122.3765194444,450.48654174804693,2.25,Y,0.18844807467911318,gray,0,-0.4860771680128174,0.5220205316747579,0.10715025061521022,-0.1677101701184421
104419741,47.6413316117,-122.5760373908,403.0024464854744,3.25,Y,0.44811115935735996,gray,0,-0.4978247121357334,0.676095336888795,1.334914072669473,-0.1677101701184421
104527415,47.68923,-116.794701,1592.1056536919791,-2,Y,0.011093502377179081,gray,0,-0.20364110568572386,-0.13279739048490022,-0.731434594119416,-0.1677101701184421
104540906,47.6215979921,-122.3500083921,4712.54150390625,3.25,Y,0,gray,0,0.5683533406739819,0.676095336888795,-0.7838879526530346,-0.1677101701184421
104691293,47.8361290306,-122.1863362957,1272.21560394626,2.25,Y,0.023475522473518463,gray,0,-0.2827817622169157,0.5220205316747579,-0.6728887429173799,-0.1677101701184421
104694208,47.8361321635,-122.1862845241,1271.639821184113,2.25,Y,0.022584333905088617,gray,0,-0.2829242106170828,0.5220205316747579,-0.6771025459086765,-0.1677101701184421
104727708,47.8361344319,-122.1863094736,1271.8994445887083,2.25,Y,0.02372784448256146,gray,0,-0.2828599799018515,0.5220205316747579,-0.6716956898709875,-0.1677101701184421
104824325,47.0777930847,-122.7116155004,535.97637939453125,2.25,Y,0.01661721068249258,gray,0,-0.4649270200683413,0.5220205316747579,-0.7053168684163263,-0.1677101701184421
105212934,45.5082568327,-122.6327149652,2624.2780344109547,3,Y,0,gray,0,0.051717883843321884,0.6375766355852857,-0.7838879526530346,-0.1677101701184421
105302006,37.376920964200004,-122.0407767002,2198.4961813244677,6.5,Y,0,melanic,1,-0.05362035790292045,1.1768384538344159,-0.7838879526530346,-0.1677101701184421
105368048,49.1724277329,-123.9710651909,1431.0595887388906,1.5,Y,0.1216608594657375,melanic,1,-0.24348383077918528,0.40646442776423,-0.20863944554564787,-0.1677101701184421
105368050,49.1724277329,-123.9710651909,1431.0595887388906,1.5,Y,0.12340301974448316,gray,0,-0.24348383077918528,0.40646442776423,-0.20040199675652054,-0.1677101701184421
105456062,49.2256133333,-123.0206083333,6540.136991451439,2,Y,0.20325900514579762,melanic,1,1.020499654298748,0.48350183037124855,0.1771807080461883,-0.1677101701184421
105600915,47.8077399663,-119.9742159661,4.4840548030645655,-3,Y,0,gray,0,-0.5964179856138268,-0.2868721956989374,-0.7838879526530346,-0.1677101701184421
105668010,49.1709300984,-123.9714685141,1419.108719161493,1.5,Y,0.13325574629036951,melanic,1,-0.2464404706159846,0.40646442776423,-0.15381539313274278,-0.1677101701184421
105668027,49.1709300984,-123.9714685141,1419.108719161493,1.5,Y,0.13244263723496952,melanic,1,-0.2464404706159846,0.40646442776423,-0.15766001310574299,-0.1677101701184421
105668033,49.1709300984,-123.9714685141,1419.108719161493,1.5,Y,0.1318777292576419,melanic,1,-0.2464404706159846,0.40646442776423,-0.16033106501214744,-0.1677101701184421
105668059,49.1709300984,-123.9714685141,1419.108719161493,1.5,Y,0.1326917468649752,melanic,1,-0.2464404706159846,0.40646442776423,-0.15648214913703412,-0.1677101701184421
106027084,47.560895,-122.251602,2632.2120292063414,3.25,Y,0.8413132694938441,gray,0,0.05368075063933847,0.676095336888795,3.1940898818884333,-0.1677101701184421
106092463,47.655835,-122.305851,4166.9521484375,3.25,Y,0.0015475085112968056,gray,0,0.43337477593728835,0.676095336888795,-0.7765708749604331,-0.1677101701184421
106166758,49.2463768,-122.9183691,3371.6170748753702,2,Y,0.24814814814814817,gray,0,0.236609231232086,0.48350183037124855,0.3894298456145805,-0.1677101701184421
106445310,49.2435169184,-122.9356329394,3328.784007494199,2,Y,0.18778908418131363,gray,0,0.22601234934568395,0.48350183037124855,0.10403434874075485,-0.1677101701184421
106641931,47.1588166667,-122.2839361111,1219.1906285671612,1.25,Y,0.13543170661276352,gray,0,-0.2959001176249314,0.36794572646072066,-0.14352680950380195,-0.1677101701184421
106737871,47.7365391667,-122.3170316667,1752.4105034341555,3.25,Y,0.02172670097198399,gray,0,-0.16398175690693403,0.676095336888795,-0.6811576879369433,-0.1677101701184421
106941945,49.0854200331,-122.3626528729,50.742232484504875,1,Y,0.12235563178959404,gray,0,-0.5849737329571538,0.3294270251572114,-0.20535435662030985,-0.1677101701184421
107022823,47.7637838889,-122.3810811111,2292.552734375,3.25,Y,0.09924937447873229,gray,0,-0.03035080836426802,0.676095336888795,-0.3146075715103102,-0.1677101701184421
107745220,47.5425281355,-122.3218370229,1077.0004064579746,3.25,Y,0,gray,0,-0.3310779155557581,0.676095336888795,-0.7838879526530346,-0.1677101701184421
107871463,37.77018,-122.4697883333,6888.4111328125,7.5,Y,0.12286293827875978,gray,0,1.1066625225156899,1.3309132590484531,-0.20295566157722023,-0.1677101701184421
108272710,37.3496033333,-121.94155,2997.821254009525,6.25,Y,0,melanic,1,0.14413231081691874,1.1383197525309066,-0.7838879526530346,-0.1677101701184421
108482319,48.9704766116,-123.7958088985,575.60003662109375,0.5,Y,0.22817534657174976,melanic,1,-0.45512414483177255,0.25238962255019276,0.2949925357021768,-0.1677101701184421
108482321,48.9704766116,-123.7958088985,575.60003662109375,0.5,Y,0.225975975975976,gray,0,-0.45512414483177255,0.25238962255019276,0.2845932613805035,-0.1677101701184421
108482342,48.9704766116,-123.7958088985,575.60003662109375,0.5,Y,0.23393984404010396,gray,0,-0.45512414483177255,0.25238962255019276,0.3222487837465935,-0.1677101701184421
108508912,48.9909754248,-123.8077925555,489.3222949673166,0.5,Y,0.028553693358162616,gray,0,-0.47646921987845225,0.25238962255019276,-0.6488776498422859,-0.1677101701184421
108592327,47.0777860278,-122.7116374167,535.97637939453125,2.25,Y,0.016612281222189263,gray,0,-0.4649270200683413,0.5220205316747579,-0.7053401763618133,-0.1677101701184421
108706770,47.0730693809,-122.973992005,348.4094543457031,2.25,Y,0.5937767627747645,gray,0,-0.5113309941953914,0.5220205316747579,2.023664105101694,-0.1677101701184421
108984879,44.5896593604,-123.2641783587,738.46466064453125,2.5,Y,0.00371216447744146,gray,0,-0.41483150903029575,0.5605392329782671,-0.7663357416694629,-0.1677101701184421
109101484,49.3032866667,-123.1418633333,2089.77685546875,2.5,Y,0.7311725452812202,gray,0,-0.080517470935006,0.5605392329782671,2.6733119796668774,-0.1677101701184421
110539145,49.3021239315,-123.1379814148,2089.77685546875,2.5,Y,0.6679496151154654,melanic,1,-0.080517470935006,0.5605392329782671,2.3743752768315063,-0.1677101701184421
110862553,37.37600653,-122.05746364,2341.474056299544,6.25,Y,0,gray,0,-0.018247695002161928,1.1383197525309066,-0.7838879526530346,-0.1677101701184421
111060175,49.1655886311,-122.9834130772,543.7295479065967,2,Y,0.029803921568627448,melanic,1,-0.46300888961467584,0.48350183037124855,-0.6429662012895493,-0.1677101701184421
111116305,37.7683533333,-122.4703616667,6888.411132812499,7.5,Y,0.12656023222060958,gray,0,1.1066625225156899,1.3309132590484531,-0.18547376288173012,-0.1677101701184421
111116394,37.768405,-122.470405,6888.411132812499,7.5,Y,0.12866686029625327,gray,0,1.1066625225156899,1.3309132590484531,-0.17551300261038075,-0.1677101701184421
112624583,44.9579110852,-123.108982152,429.8772888183594,2.25,Y,0.12142237640936686,gray,0,-0.49117588805356066,0.5220205316747579,-0.20976706393294237,-0.1677101701184421
112932239,37.4874283333,-121.919945,681.9094047667672,6.5,Y,0,gray,0,-0.42882325426905393,1.1768384538344159,-0.7838879526530346,-0.1677101701184421
114923708,48.4119524701,-123.3627502566,4161.07080078125,3.5,Y,0.04580965909090909,gray,0,0.4319197331337569,0.7146140381923043,-0.567286342908817,-0.1677101701184421
115420695,49.2895037,-123.1448651,6008.100647188013,2.5,Y,0.11784511784511785,gray,0,0.8888740985275301,0.5605392329782671,-0.22668139988008307,-0.1677101701184421
115872436,47.32025,-122.167252,241.08654785156253,1.75,Y,0.33923472301541974,gray,0,-0.5378826336963186,0.4449831290677393,0.8201140972302737,-0.1677101701184421
116034507,49.7016339,-123.1558121,471.2169247696342,1,Y,0.12492401215805471,gray,0,-0.4809484804410232,0.3294270251572114,-0.19321029501225415,-0.1677101701184421
116037542,49.70178,-123.12567,451.16717759356686,1,Y,0.5044966637655933,gray,0,-0.48590877900629487,0.3294270251572114,1.6015214053463216,-0.1677101701184421
116218862,49.1294054805,-121.9518809287,749.8724880198369,1.5,Y,0.011741122565864825,gray,0,-0.41200921759361664,0.40646442776423,-0.7283724544275705,-0.1677101701184421
116786876,47.7576223834,-122.1563319862,1262.2500423565596,2.25,Y,0.02855511136493432,gray,0,-0.2852472377374511,0.5220205316747579,-0.6488709450870995,-0.1677101701184421
118359033,33.553791489,-101.8667457909,1984.0391281263617,-0.75,Y,0,gray,0,-0.10667693781634419,0.05979611603264629,-0.7838879526530346,-0.1677101701184421
119544812,47.3182917,-122.5816932,543.65093994140625,2.25,Y,0.028995057660626027,gray,0,-0.46302833719042474,0.5220205316747579,-0.6467907489507625,-0.1677101701184421
119958668,49.8326707,-123.1496866,3.484510898590088,0.5,Y,0.7080474111041797,melanic,1,-0.596665272332794,0.25238962255019276,2.5639695093734884,-0.1677101701184421
120893508,38.5399621383,-121.5041811043,1754.724273095066,5.25,Y,0,gray,0,-0.16340933131829202,0.9842449473168694,-0.7838879526530346,-0.1677101701184421
121147587,37.48608,-122.2367033333,872.1164057248774,6.25,Y,0,melanic,1,-0.3817661265321343,1.1383197525309066,-0.7838879526530346,-0.1677101701184421
121378122,49.0754305,-122.20347,64.686859130859375,1.5,Y,0.5092618979766316,gray,0,-0.5815238385051316,0.40646442776423,1.6240528413229742,-0.1677101701184421
122413014,33.5644863893,-101.8009056967,35.98197847951687,-1,Y,0.023296962547920963,gray,0,-0.5886254132562142,0.02127741472913699,-0.6737330270288044,-0.1677101701184421
125394173,37.766395,-122.4667366667,6888.411132812501,7.5,Y,0.1160092807424594,gray,0,1.1066625225156903,1.3309132590484531,-0.23536178038400374,-0.1677101701184421
125516266,44.5904706468,-123.2682479845,729.8572635647571,2.5,Y,0.03749284487693187,gray,0,-0.41696097525301656,0.5605392329782671,-0.6066106990040264,-0.1677101701184421
125564229,49.2239027778,-123.0196444444,6527.4794921875,2,Y,0.20740103270223748,gray,0,1.0173681945906776,0.48350183037124855,0.19676543873692212,-0.1677101701184421
127317751,37.4268640453,-122.1518306452,3049.1218345402704,6,Y,0,melanic,1,0.15682405170370695,1.0998010512273972,-0.7838879526530346,-0.1677101701184421
127527802,37.4177665578,-122.1088938373,2835.3433239156147,6,Y,0,melanic,1,0.10393534292222344,1.0998010512273972,-0.7838879526530346,-0.1677101701184421
128168336,33.5542718624,-101.866025437,1979.7660580879756,-0.75,Y,0,gray,0,-0.10773409345000787,0.05979611603264629,-0.7838879526530346,-0.1677101701184421
128761219,49.1706550559,-123.9897964388,960.6290671595664,1.5,Y,0.18480434161668097,gray,0,-0.3598681333221779,0.40646442776423,0.08992160359046805,-0.1677101701184421
129899952,36.9708953,-121.994617,2321.5029296875,5.25,Y,0.005334914048606986,gray,0,-0.023188542874739006,0.9842449473168694,-0.758662902004172,-0.1677101701184421
133590230,47.7307869722,-122.218529,1706.6346435546873,3.25,Y,0.0833095577746077,gray,0,-0.17530668435316338,0.676095336888795,-0.3899757367762753,-0.1677101701184421
134321297,46.7323811094,-117.0001650229,829.5591293858746,-2.25,Y,0.00371853546910755,gray,0,-0.39229477783693506,-0.1713160917884095,-0.766305617737569,-0.1677101701184421
137183881,49.293495,-123.1483833333,3785.392945518723,2.5,Y,0.402521823472357,melanic,1,0.33897719824297196,0.5605392329782671,1.1193542161714116,-0.1677101701184421
139642870,49.2444632972,-122.9332976065,3276.7239408877945,2,Y,0.177246243483594,melanic,1,0.21313271194038333,0.48350183037124855,0.054184681405943756,-0.1677101701184421
139642915,49.2434486614,-122.9347618526,3349.1793370241476,2,Y,0.20646153846153845,melanic,1,0.23105814483214304,0.48350183037124855,0.19232323224774056,-0.1677101701184421
139642949,49.2261940345,-123.0194397615,6544.591832433424,2,Y,0.202411714039621,gray,0,1.0216017799832968,0.48350183037124855,0.17317446523273247,-0.1677101701184421
139642953,49.2261940345,-123.0194397615,6544.591832433424,2,Y,0.2026444380569129,gray,0,1.0216017799832968,0.48350183037124855,0.17427485318086222,-0.1677101701184421
140895404,49.2766383333,-123.1501611667,7896.764960270168,2.5,Y,0.0027173913043478095,gray,0,1.3561288125243176,0.5605392329782671,-0.7710393232917329,-0.1677101701184421
141132398,37.7686,-122.4768666667,6888.4111328125,7.5,Y,0.1610169491525424,gray,0,1.1066625225156899,1.3309132590484531,-0.02255221965115431,-0.1677101701184421
142026345,37.5648116667,-122.3992166667,1102.4415713779906,6.5,Y,0.6530203263670197,gray,0,-0.3247837826301205,1.1768384538344159,2.3037851864570658,-0.1677101701184421
142609170,49.2983517268,-123.1205639988,4041.646985497851,2.5,Y,0.21896383186705765,melanic,1,0.40237433416151375,0.5605392329782671,0.25143777120896543,-0.1677101701184421
142609289,49.287281598,-123.1356303021,7869.335826558721,2.5,Y,0.013645906228131556,gray,0,1.3493428570007517,0.5605392329782671,-0.7193660742088769,-0.1677101701184421
145328772,45.3603616074,-122.646789423,1191.0648193359375,2.5,Y,0.09506137596345988,gray,0,-0.30285843036332216,0.5605392329782671,-0.3344096664836478,-0.1677101701184421
147059772,47.3201663532,-122.1671764325,241.0865478515625,1.75,Y,0.34877072612921667,gray,0,-0.5378826336963186,0.4449831290677393,0.8652031388421155,-0.1677101701184421
155100949,46.7247687549,-122.9792532903,773.2179493763709,2.25,Y,0.01691896705253784,gray,0,-0.4062335608007645,0.5220205316747579,-0.703890075098073,-0.1677101701184421
155100952,46.7247128043,-122.9793197199,773.6904593399248,2.25,Y,0.01694411414982164,gray,0,-0.4061166620451986,0.5220205316747579,-0.7037711721885086,-0.1677101701184421
155695151,47.2810888542,-122.4897091512,2171.2542365445192,2.25,Y,0.11990489130434782,gray,0,-0.06036000296779619,0.5220205316747579,-0.21694218208559468,-0.1677101701184421
158259096,47.20385,-122.5180366667,1691.874278196082,2.25,Y,0.09954233409610984,gray,0,-0.17895839220105936,0.5220205316747579,-0.3132223718390335,-0.1677101701184421
158326876,47.632123,-122.31572799999999,4937.7588341434775,3.25,Y,0.06469235192639446,gray,0,0.6240720083579083,0.676095336888795,-0.4780033893649998,-0.1677101701184421
158516152,47.1361488,-122.338247,1032.6166553326743,1.25,Y,0.10863350485991996,gray,0,-0.3420584359131916,0.36794572646072066,-0.27023662907257795,-0.1677101701184421
165013503,47.6627277778,-122.4169194444,3477.801025390625,4.25,Y,0.3827814569536424,gray,0,0.2628790935286244,0.8301701421028322,1.0260159279206928,-0.1677101701184421
165013507,47.5993555556,-122.29005,5147.6537600255315,3.25,Y,0.016203703703703703,gray,0,0.6759999199952846,0.676095336888795,-0.7072720516467538,-0.1677101701184421
165990404,37.7674887664,-122.4755777809,6888.411132812501,7.5,Y,0.14507165837964317,gray,0,1.1066625225156903,1.3309132590484531,-0.0979462679324477,-0.1677101701184421
